mt_cpu
----------------------------------------
All nwells must contain metal-connected N+ taps (nwell.4)
----------------------------------------
 577.570um 626.905um 589.910um 629.120um
 577.570um 621.465um 589.910um 624.295um
 577.570um 616.025um 589.910um 618.855um
 577.570um 610.585um 589.910um 613.415um
 577.570um 605.145um 589.910um 607.975um
 577.570um 599.705um 589.910um 602.535um
 577.570um 594.265um 589.910um 597.095um
 577.570um 588.825um 589.910um 591.655um
 577.570um 583.385um 589.910um 586.215um
 577.570um 577.945um 589.910um 580.775um
 577.570um 572.505um 589.910um 575.335um
 577.570um 567.065um 589.910um 569.895um
 577.570um 561.625um 589.910um 564.455um
 577.570um 556.185um 589.910um 559.015um
 577.570um 550.745um 589.910um 553.575um
 577.570um 545.305um 589.910um 548.135um
 577.570um 539.865um 589.910um 542.695um
 577.570um 534.425um 589.910um 537.255um
 577.570um 528.985um 589.910um 531.815um
 577.570um 523.545um 589.910um 526.375um
 577.570um 518.105um 589.910um 520.935um
 577.570um 512.665um 589.910um 515.495um
 577.570um 507.225um 589.910um 510.055um
 577.570um 501.785um 589.910um 504.615um
 577.570um 496.345um 589.910um 499.175um
 577.570um 490.905um 589.910um 493.735um
 577.570um 942.425um 589.910um 943.680um
 577.570um 936.985um 589.910um 939.815um
 577.570um 931.545um 589.910um 934.375um
 577.570um 926.105um 589.910um 928.935um
 577.570um 920.665um 589.910um 923.495um
 577.570um 915.225um 589.910um 918.055um
 577.570um 909.785um 589.910um 912.615um
 577.570um 904.345um 589.910um 907.175um
 577.570um 898.905um 589.910um 901.735um
 577.570um 893.465um 589.910um 896.295um
 577.570um 888.025um 589.910um 890.855um
 577.570um 882.585um 589.910um 885.415um
 577.570um 877.145um 589.910um 879.975um
 577.570um 871.705um 589.910um 874.535um
 577.570um 866.265um 589.910um 869.095um
 577.570um 860.825um 589.910um 863.655um
 577.570um 855.385um 589.910um 858.215um
 577.570um 849.945um 589.910um 852.775um
 577.570um 844.505um 589.910um 847.335um
 577.570um 839.065um 589.910um 841.895um
 577.570um 833.625um 589.910um 836.455um
 577.570um 828.185um 589.910um 831.015um
 577.570um 822.745um 589.910um 825.575um
 577.570um 817.305um 589.910um 820.135um
 577.570um 811.865um 589.910um 814.695um
 577.570um 806.425um 589.910um 809.255um
 577.570um 800.985um 589.910um 803.815um
 577.570um 795.545um 589.910um 798.375um
 577.570um 790.105um 589.910um 792.935um
 577.570um 784.665um 589.910um 787.495um
 577.570um 779.225um 589.910um 782.055um
 577.570um 773.785um 589.910um 776.615um
 577.570um 768.345um 589.910um 771.175um
 577.570um 762.905um 589.910um 765.735um
 577.570um 757.465um 589.910um 760.295um
 577.570um 752.025um 589.910um 754.855um
 577.570um 746.585um 589.910um 749.415um
 577.570um 741.145um 589.910um 743.975um
 577.570um 735.705um 589.910um 738.535um
 577.570um 730.265um 589.910um 733.095um
 577.570um 724.825um 589.910um 727.655um
 577.570um 719.385um 589.910um 722.215um
 577.570um 713.945um 589.910um 716.775um
 577.570um 708.505um 589.910um 711.335um
 577.570um 703.065um 589.910um 705.895um
 577.570um 697.625um 589.910um 700.455um
 577.570um 692.185um 589.910um 695.015um
 577.570um 686.745um 589.910um 689.575um
 577.570um 681.305um 589.910um 684.135um
 577.570um 675.865um 589.910um 678.695um
 577.570um 670.425um 589.910um 673.255um
 577.570um 664.985um 589.910um 667.815um
 577.570um 659.545um 589.910um 662.375um
 577.570um 654.105um 589.910um 656.935um
 577.570um 648.665um 589.910um 651.495um
 577.570um 643.225um 589.910um 646.055um
 577.570um 637.785um 589.910um 640.615um
 577.570um 632.345um 589.910um 635.175um
 577.570um 629.120um 589.910um 629.735um
 577.570um 1056.665um 589.910um 1059.495um
 577.570um 1051.225um 589.910um 1054.055um
 577.570um 1045.785um 589.910um 1048.615um
 577.570um 1040.345um 589.910um 1043.175um
 577.570um 1034.905um 589.910um 1037.735um
 577.570um 1029.465um 589.910um 1032.295um
 577.570um 1024.025um 589.910um 1026.855um
 577.570um 1018.585um 589.910um 1021.415um
 577.570um 1013.145um 589.910um 1015.975um
 577.570um 1007.705um 589.910um 1010.535um
 577.570um 1002.265um 589.910um 1005.095um
 577.570um 996.825um 589.910um 999.655um
 577.570um 991.385um 589.910um 994.215um
 577.570um 985.945um 589.910um 988.775um
 577.570um 980.505um 589.910um 983.335um
 577.570um 975.065um 589.910um 977.895um
 577.570um 969.625um 589.910um 972.455um
 577.570um 964.185um 589.910um 967.015um
 577.570um 958.745um 589.910um 961.575um
 577.570um 953.305um 589.910um 956.135um
 577.570um 947.865um 589.910um 950.695um
 577.570um 943.680um 589.910um 945.255um
----------------------------------------
P-diff distance to N-tap must be < 15.0um (LU.3)
----------------------------------------
 577.895um 628.555um 578.155um 629.120um
 578.745um 628.555um 579.005um 629.120um
 579.275um 628.555um 579.535um 629.120um
 584.265um 628.555um 584.525um 629.120um
 584.795um 628.555um 585.055um 629.120um
 587.945um 628.555um 588.205um 629.120um
 588.475um 628.555um 588.735um 629.120um
 589.325um 628.555um 589.585um 629.120um
 577.895um 627.215um 578.155um 628.085um
 578.745um 627.215um 579.005um 628.085um
 579.275um 627.215um 579.535um 628.085um
 584.265um 627.215um 584.525um 628.085um
 584.795um 627.215um 585.055um 628.085um
 587.945um 627.215um 588.205um 628.085um
 588.475um 627.215um 588.735um 628.085um
 589.325um 627.215um 589.585um 628.085um
 577.895um 623.115um 578.155um 623.985um
 578.745um 623.115um 579.005um 623.985um
 579.275um 623.115um 579.535um 623.985um
 584.265um 623.115um 584.525um 623.985um
 584.795um 623.115um 585.055um 623.985um
 587.945um 623.115um 588.205um 623.985um
 588.475um 623.115um 588.735um 623.985um
 589.325um 623.115um 589.585um 623.985um
 577.895um 621.775um 578.155um 622.645um
 578.745um 621.775um 579.005um 622.645um
 579.275um 621.775um 579.535um 622.645um
 584.265um 621.775um 584.525um 622.645um
 584.795um 621.775um 585.055um 622.645um
 587.945um 621.775um 588.205um 622.645um
 588.475um 621.775um 588.735um 622.645um
 589.325um 621.775um 589.585um 622.645um
 577.895um 617.675um 578.155um 618.545um
 578.745um 617.675um 579.005um 618.545um
 579.275um 617.675um 579.535um 618.545um
 584.265um 617.675um 584.525um 618.545um
 584.795um 617.675um 585.055um 618.545um
 587.945um 617.675um 588.205um 618.545um
 588.475um 617.675um 588.735um 618.545um
 589.325um 617.675um 589.585um 618.545um
 577.895um 616.335um 578.155um 617.205um
 578.745um 616.335um 579.005um 617.205um
 579.275um 616.335um 579.535um 617.205um
 584.265um 616.335um 584.525um 617.205um
 584.795um 616.335um 585.055um 617.205um
 587.945um 616.335um 588.205um 617.205um
 588.475um 616.335um 588.735um 617.205um
 589.325um 616.335um 589.585um 617.205um
 577.895um 612.235um 578.155um 613.105um
 578.745um 612.235um 579.005um 613.105um
 579.275um 612.235um 579.535um 613.105um
 584.265um 612.235um 584.525um 613.105um
 584.795um 612.235um 585.055um 613.105um
 587.945um 612.235um 588.205um 613.105um
 588.475um 612.235um 588.735um 613.105um
 589.325um 612.235um 589.585um 613.105um
 577.895um 610.895um 578.155um 611.765um
 578.745um 610.895um 579.005um 611.765um
 579.275um 610.895um 579.535um 611.765um
 584.265um 610.895um 584.525um 611.765um
 584.795um 610.895um 585.055um 611.765um
 587.945um 610.895um 588.205um 611.765um
 588.475um 610.895um 588.735um 611.765um
 589.325um 610.895um 589.585um 611.765um
 577.895um 606.795um 578.155um 607.665um
 578.745um 606.795um 579.005um 607.665um
 580.195um 606.795um 580.455um 607.665um
 585.185um 606.795um 585.445um 607.665um
 585.715um 606.795um 585.975um 607.665um
 587.945um 606.795um 588.205um 607.665um
 588.475um 606.795um 588.735um 607.665um
 589.325um 606.795um 589.585um 607.665um
 577.895um 605.455um 578.155um 606.325um
 578.745um 605.455um 579.005um 606.325um
 579.275um 605.455um 579.535um 606.325um
 584.265um 605.455um 584.525um 606.325um
 584.795um 605.455um 585.055um 606.325um
 587.945um 605.455um 588.205um 606.325um
 588.475um 605.455um 588.735um 606.325um
 589.325um 605.455um 589.585um 606.325um
 577.895um 601.355um 578.155um 602.225um
 578.745um 601.355um 579.005um 602.225um
 579.275um 601.355um 579.535um 602.225um
 584.265um 601.355um 584.525um 602.225um
 584.795um 601.355um 585.055um 602.225um
 587.945um 601.355um 588.205um 602.225um
 588.475um 601.355um 588.735um 602.225um
 589.325um 601.355um 589.585um 602.225um
 577.895um 600.015um 578.155um 600.885um
 578.745um 600.015um 579.005um 600.885um
 579.275um 600.015um 579.535um 600.885um
 584.265um 600.015um 584.525um 600.885um
 584.795um 600.015um 585.055um 600.885um
 587.945um 600.015um 588.205um 600.885um
 588.475um 600.015um 588.735um 600.885um
 589.325um 600.015um 589.585um 600.885um
 577.895um 595.915um 578.155um 596.785um
 578.745um 595.915um 579.005um 596.785um
 579.275um 595.915um 579.535um 596.785um
 584.265um 595.915um 584.525um 596.785um
 584.795um 595.915um 585.055um 596.785um
 587.945um 595.915um 588.205um 596.785um
 588.475um 595.915um 588.735um 596.785um
 589.325um 595.915um 589.585um 596.785um
 577.895um 594.575um 578.155um 595.445um
 578.745um 594.575um 579.005um 595.445um
 579.275um 594.575um 579.535um 595.445um
 584.265um 594.575um 584.525um 595.445um
 584.795um 594.575um 585.055um 595.445um
 587.945um 594.575um 588.205um 595.445um
 588.475um 594.575um 588.735um 595.445um
 589.325um 594.575um 589.585um 595.445um
 577.895um 590.475um 578.155um 591.345um
 578.745um 590.475um 579.005um 591.345um
 579.275um 590.475um 579.535um 591.345um
 584.265um 590.475um 584.525um 591.345um
 584.795um 590.475um 585.055um 591.345um
 587.025um 590.475um 587.285um 591.345um
 588.475um 590.475um 588.735um 591.345um
 589.325um 590.475um 589.585um 591.345um
 577.895um 589.135um 578.155um 590.005um
 578.745um 589.135um 579.005um 590.005um
 579.275um 589.135um 579.535um 590.005um
 582.425um 589.135um 582.685um 590.005um
 586.865um 589.795um 587.125um 590.005um
 585.885um 589.375um 586.165um 589.795um
 586.315um 589.375um 586.585um 589.795um
 586.735um 589.375um 587.125um 589.795um
 586.815um 589.005um 587.125um 589.375um
 587.275um 589.005um 587.665um 590.005um
 587.815um 589.005um 588.195um 590.005um
 588.475um 589.135um 588.735um 590.005um
 589.325um 589.135um 589.585um 590.005um
 577.895um 585.035um 578.155um 585.905um
 578.745um 585.035um 579.005um 585.905um
 579.360um 585.035um 579.625um 586.035um
 579.775um 585.035um 580.055um 586.035um
 580.205um 585.035um 580.485um 586.035um
 580.635um 585.035um 580.915um 586.035um
 581.065um 585.035um 581.345um 586.035um
 581.495um 585.035um 581.775um 586.035um
 581.925um 585.035um 582.205um 586.035um
 582.355um 585.035um 582.635um 586.035um
 582.785um 585.035um 583.060um 586.035um
 583.210um 585.035um 583.490um 586.035um
 583.640um 585.035um 583.920um 586.035um
 584.070um 585.035um 584.350um 586.035um
 584.500um 585.035um 584.780um 586.035um
 584.930um 585.035um 585.210um 586.035um
 585.360um 585.035um 585.640um 586.035um
 585.790um 585.035um 586.070um 586.035um
 586.220um 585.035um 586.500um 586.035um
 586.650um 585.035um 586.930um 586.035um
 587.080um 585.035um 587.360um 586.035um
 587.510um 585.035um 587.790um 586.035um
 587.940um 585.035um 588.205um 586.035um
 588.475um 585.035um 588.735um 585.905um
 589.325um 585.035um 589.585um 585.905um
 577.895um 583.695um 578.155um 584.565um
 578.745um 583.695um 579.005um 584.565um
 579.360um 583.565um 579.625um 584.565um
 579.775um 583.565um 580.055um 584.565um
 580.205um 583.565um 580.485um 584.565um
 580.635um 583.565um 580.915um 584.565um
 581.065um 583.565um 581.345um 584.565um
 581.495um 583.565um 581.775um 584.565um
 581.925um 583.565um 582.205um 584.565um
 582.355um 583.565um 582.635um 584.565um
 582.785um 583.565um 583.060um 584.565um
 583.210um 583.565um 583.490um 584.565um
 583.640um 583.565um 583.920um 584.565um
 584.070um 583.565um 584.350um 584.565um
 584.500um 583.565um 584.780um 584.565um
 584.930um 583.565um 585.210um 584.565um
 585.360um 583.565um 585.640um 584.565um
 585.790um 583.565um 586.070um 584.565um
 586.220um 583.565um 586.500um 584.565um
 586.650um 583.565um 586.930um 584.565um
 587.080um 583.565um 587.360um 584.565um
 587.510um 583.565um 587.790um 584.565um
 587.940um 583.565um 588.205um 584.565um
 588.475um 583.695um 588.735um 584.565um
 589.325um 583.695um 589.585um 584.565um
 577.895um 579.595um 578.155um 580.465um
 578.745um 579.595um 579.005um 580.465um
 579.360um 579.595um 579.625um 580.595um
 579.775um 579.595um 580.055um 580.595um
 580.205um 579.595um 580.485um 580.595um
 580.635um 579.595um 580.915um 580.595um
 581.065um 579.595um 581.345um 580.595um
 581.495um 579.595um 581.775um 580.595um
 581.925um 579.595um 582.205um 580.595um
 582.355um 579.595um 582.635um 580.595um
 582.785um 579.595um 583.060um 580.595um
 583.210um 579.595um 583.490um 580.595um
 583.640um 579.595um 583.920um 580.595um
 584.070um 579.595um 584.350um 580.595um
 584.500um 579.595um 584.780um 580.595um
 584.930um 579.595um 585.210um 580.595um
 585.360um 579.595um 585.640um 580.595um
 585.790um 579.595um 586.070um 580.595um
 586.220um 579.595um 586.500um 580.595um
 586.650um 579.595um 586.930um 580.595um
 587.080um 579.595um 587.360um 580.595um
 587.510um 579.595um 587.790um 580.595um
 587.940um 579.595um 588.205um 580.595um
 588.475um 579.595um 588.735um 580.465um
 589.325um 579.595um 589.585um 580.465um
 577.895um 578.255um 578.155um 579.125um
 578.745um 578.255um 579.005um 579.125um
 579.275um 578.125um 579.540um 579.125um
 579.690um 578.125um 579.970um 579.125um
 580.120um 578.125um 580.400um 579.125um
 580.550um 578.125um 580.830um 579.125um
 580.980um 578.125um 581.260um 579.125um
 581.410um 578.125um 581.690um 579.125um
 581.840um 578.125um 582.120um 579.125um
 582.270um 578.125um 582.550um 579.125um
 582.700um 578.125um 582.980um 579.125um
 583.130um 578.125um 583.410um 579.125um
 583.560um 578.125um 583.840um 579.125um
 583.990um 578.125um 584.270um 579.125um
 584.420um 578.125um 584.695um 579.125um
 584.845um 578.125um 585.125um 579.125um
 585.275um 578.125um 585.555um 579.125um
 585.705um 578.125um 585.985um 579.125um
 586.135um 578.125um 586.415um 579.125um
 586.565um 578.125um 586.845um 579.125um
 586.995um 578.125um 587.275um 579.125um
 587.425um 578.125um 587.705um 579.125um
 587.855um 578.125um 588.120um 579.125um
 588.475um 578.255um 588.735um 579.125um
 589.325um 578.255um 589.585um 579.125um
 577.895um 574.155um 578.155um 575.025um
 578.745um 574.155um 579.005um 575.025um
 579.360um 574.155um 579.625um 575.155um
 579.775um 574.155um 580.055um 575.155um
 580.205um 574.155um 580.485um 575.155um
 580.635um 574.155um 580.915um 575.155um
 581.065um 574.155um 581.345um 575.155um
 581.495um 574.155um 581.775um 575.155um
 581.925um 574.155um 582.205um 575.155um
 582.355um 574.155um 582.635um 575.155um
 582.785um 574.155um 583.060um 575.155um
 583.210um 574.155um 583.490um 575.155um
 583.640um 574.155um 583.920um 575.155um
 584.070um 574.155um 584.350um 575.155um
 584.500um 574.155um 584.780um 575.155um
 584.930um 574.155um 585.210um 575.155um
 585.360um 574.155um 585.640um 575.155um
 585.790um 574.155um 586.070um 575.155um
 586.220um 574.155um 586.500um 575.155um
 586.650um 574.155um 586.930um 575.155um
 587.080um 574.155um 587.360um 575.155um
 587.510um 574.155um 587.790um 575.155um
 587.940um 574.155um 588.205um 575.155um
 588.475um 574.155um 588.735um 575.025um
 589.325um 574.155um 589.585um 575.025um
 577.895um 572.815um 578.155um 573.685um
 578.745um 572.815um 579.005um 573.685um
 579.275um 572.685um 579.540um 573.685um
 579.690um 572.685um 579.970um 573.685um
 580.120um 572.685um 580.400um 573.685um
 580.550um 572.685um 580.830um 573.685um
 580.980um 572.685um 581.260um 573.685um
 581.410um 572.685um 581.690um 573.685um
 581.840um 572.685um 582.120um 573.685um
 582.270um 572.685um 582.550um 573.685um
 582.700um 572.685um 582.980um 573.685um
 583.130um 572.685um 583.410um 573.685um
 583.560um 572.685um 583.840um 573.685um
 583.990um 572.685um 584.270um 573.685um
 584.420um 572.685um 584.695um 573.685um
 584.845um 572.685um 585.125um 573.685um
 585.275um 572.685um 585.555um 573.685um
 585.705um 572.685um 585.985um 573.685um
 586.135um 572.685um 586.415um 573.685um
 586.565um 572.685um 586.845um 573.685um
 586.995um 572.685um 587.275um 573.685um
 587.425um 572.685um 587.705um 573.685um
 587.855um 572.685um 588.120um 573.685um
 588.475um 572.815um 588.735um 573.685um
 589.325um 572.815um 589.585um 573.685um
 577.895um 568.715um 578.155um 569.585um
 578.745um 568.715um 579.005um 569.585um
 580.195um 568.715um 580.455um 569.585um
 585.185um 568.715um 585.445um 569.585um
 585.715um 568.715um 585.975um 569.585um
 587.945um 568.715um 588.205um 569.585um
 588.475um 568.715um 588.735um 569.585um
 589.325um 568.715um 589.585um 569.585um
 577.895um 567.375um 578.155um 568.245um
 578.745um 567.375um 579.005um 568.245um
 579.275um 567.375um 579.535um 568.245um
 584.265um 567.375um 584.525um 568.245um
 584.795um 567.375um 585.055um 568.245um
 587.945um 567.375um 588.205um 568.245um
 588.475um 567.375um 588.735um 568.245um
 589.325um 567.375um 589.585um 568.245um
 577.895um 563.275um 578.155um 564.145um
 578.745um 563.275um 579.005um 564.145um
 580.195um 563.275um 580.455um 564.145um
 585.185um 563.275um 585.445um 564.145um
 585.715um 563.275um 585.975um 564.145um
 587.945um 563.275um 588.205um 564.145um
 588.475um 563.275um 588.735um 564.145um
 589.325um 563.275um 589.585um 564.145um
 577.895um 561.935um 578.155um 562.805um
 578.745um 561.935um 579.005um 562.805um
 579.275um 561.935um 579.535um 562.805um
 584.265um 561.935um 584.525um 562.805um
 584.795um 561.935um 585.055um 562.805um
 587.945um 561.935um 588.205um 562.805um
 588.475um 561.935um 588.735um 562.805um
 589.325um 561.935um 589.585um 562.805um
 577.895um 557.835um 578.155um 558.705um
 578.745um 557.835um 579.005um 558.705um
 579.275um 557.835um 579.535um 558.705um
 584.265um 557.835um 584.525um 558.705um
 584.795um 557.835um 585.055um 558.705um
 587.945um 557.835um 588.205um 558.705um
 588.475um 557.835um 588.735um 558.705um
 589.325um 557.835um 589.585um 558.705um
 577.895um 556.495um 578.155um 557.365um
 578.745um 556.495um 579.005um 557.365um
 579.275um 556.495um 579.535um 557.365um
 584.265um 556.495um 584.525um 557.365um
 584.795um 556.495um 585.055um 557.365um
 587.945um 556.495um 588.205um 557.365um
 588.475um 556.495um 588.735um 557.365um
 589.325um 556.495um 589.585um 557.365um
 577.895um 552.395um 578.155um 553.265um
 578.745um 552.395um 579.005um 553.265um
 579.275um 552.395um 579.535um 553.265um
 584.265um 552.395um 584.525um 553.265um
 584.795um 552.395um 585.055um 553.265um
 587.945um 552.395um 588.205um 553.265um
 588.475um 552.395um 588.735um 553.265um
 589.325um 552.395um 589.585um 553.265um
 577.895um 551.055um 578.155um 551.925um
 578.745um 551.055um 579.005um 551.925um
 579.275um 551.055um 579.535um 551.925um
 584.265um 551.055um 584.525um 551.925um
 584.795um 551.055um 585.055um 551.925um
 587.945um 551.055um 588.205um 551.925um
 588.475um 551.055um 588.735um 551.925um
 589.325um 551.055um 589.585um 551.925um
 577.895um 546.955um 578.155um 547.825um
 578.745um 546.955um 579.005um 547.825um
 579.275um 546.955um 579.535um 547.825um
 584.265um 546.955um 584.525um 547.825um
 584.795um 546.955um 585.055um 547.825um
 587.945um 546.955um 588.205um 547.825um
 588.475um 546.955um 588.735um 547.825um
 589.325um 546.955um 589.585um 547.825um
 577.895um 545.615um 578.155um 546.485um
 578.745um 545.615um 579.005um 546.485um
 579.275um 545.615um 579.535um 546.485um
 584.265um 545.615um 584.525um 546.485um
 584.795um 545.615um 585.055um 546.485um
 587.945um 545.615um 588.205um 546.485um
 588.475um 545.615um 588.735um 546.485um
 589.325um 545.615um 589.585um 546.485um
 577.895um 541.515um 578.155um 542.385um
 578.745um 541.515um 579.005um 542.385um
 579.275um 541.515um 579.535um 542.385um
 584.265um 541.515um 584.525um 542.385um
 584.795um 541.515um 585.055um 542.385um
 587.945um 541.515um 588.205um 542.385um
 588.475um 541.515um 588.735um 542.385um
 589.325um 541.515um 589.585um 542.385um
 577.895um 540.175um 578.155um 541.045um
 578.745um 540.175um 579.005um 541.045um
 579.275um 540.175um 579.535um 541.045um
 584.265um 540.175um 584.525um 541.045um
 584.795um 540.175um 585.055um 541.045um
 587.945um 540.175um 588.205um 541.045um
 588.475um 540.175um 588.735um 541.045um
 589.325um 540.175um 589.585um 541.045um
 577.895um 536.075um 578.155um 536.945um
 578.745um 536.075um 579.005um 536.945um
 579.275um 536.075um 579.535um 536.945um
 584.265um 536.075um 584.525um 536.945um
 584.795um 536.075um 585.055um 536.945um
 587.025um 536.075um 587.285um 536.945um
 588.475um 536.075um 588.735um 536.945um
 589.325um 536.075um 589.585um 536.945um
 577.895um 534.735um 578.155um 535.605um
 578.745um 534.735um 579.005um 535.605um
 579.275um 534.735um 579.535um 535.605um
 584.265um 534.735um 584.525um 535.605um
 584.795um 534.735um 585.055um 535.605um
 587.945um 534.735um 588.205um 535.605um
 588.475um 534.735um 588.735um 535.605um
 589.325um 534.735um 589.585um 535.605um
 577.895um 530.635um 578.155um 531.505um
 578.745um 530.635um 579.005um 531.505um
 579.275um 530.635um 579.535um 531.505um
 584.265um 530.635um 584.525um 531.505um
 584.795um 530.635um 585.055um 531.505um
 587.945um 530.635um 588.205um 531.505um
 588.475um 530.635um 588.735um 531.505um
 589.325um 530.635um 589.585um 531.505um
 577.895um 529.295um 578.155um 530.165um
 578.745um 529.295um 579.005um 530.165um
 579.275um 529.295um 579.535um 530.165um
 584.265um 529.295um 584.525um 530.165um
 584.795um 529.295um 585.055um 530.165um
 587.945um 529.295um 588.205um 530.165um
 588.475um 529.295um 588.735um 530.165um
 589.325um 529.295um 589.585um 530.165um
 577.895um 525.195um 578.155um 526.065um
 578.745um 525.195um 579.005um 526.065um
 579.275um 525.195um 579.535um 526.065um
 584.265um 525.195um 584.525um 526.065um
 584.795um 525.195um 585.055um 526.065um
 587.945um 525.195um 588.205um 526.065um
 588.475um 525.195um 588.735um 526.065um
 589.325um 525.195um 589.585um 526.065um
 577.895um 523.855um 578.155um 524.725um
 578.745um 523.855um 579.005um 524.725um
 580.655um 523.855um 580.915um 524.725um
 585.645um 523.855um 585.905um 524.725um
 586.175um 523.855um 586.435um 524.725um
 587.485um 523.855um 587.745um 524.725um
 588.475um 523.855um 588.735um 524.725um
 589.325um 523.855um 589.585um 524.725um
 577.895um 519.755um 578.155um 520.625um
 578.745um 519.755um 579.005um 520.625um
 579.275um 519.755um 579.535um 520.625um
 584.265um 519.755um 584.525um 520.625um
 584.795um 519.755um 585.055um 520.625um
 587.945um 519.755um 588.205um 520.625um
 588.475um 519.755um 588.735um 520.625um
 589.325um 519.755um 589.585um 520.625um
 577.895um 518.415um 578.155um 519.285um
 578.745um 518.415um 579.005um 519.285um
 579.275um 518.415um 579.535um 519.285um
 584.265um 518.415um 584.525um 519.285um
 584.795um 518.415um 585.055um 519.285um
 587.945um 518.415um 588.205um 519.285um
 588.475um 518.415um 588.735um 519.285um
 589.325um 518.415um 589.585um 519.285um
 577.895um 514.315um 578.155um 515.185um
 578.745um 514.315um 579.005um 515.185um
 579.275um 514.315um 579.535um 515.185um
 584.265um 514.315um 584.525um 515.185um
 584.795um 514.315um 585.055um 515.185um
 587.945um 514.315um 588.205um 515.185um
 588.475um 514.315um 588.735um 515.185um
 589.325um 514.315um 589.585um 515.185um
 577.895um 512.975um 578.155um 513.845um
 578.745um 512.975um 579.005um 513.845um
 579.275um 512.975um 579.535um 513.845um
 584.265um 512.975um 584.525um 513.845um
 584.795um 512.975um 585.055um 513.845um
 587.945um 512.975um 588.205um 513.845um
 588.475um 512.975um 588.735um 513.845um
 589.325um 512.975um 589.585um 513.845um
 577.895um 508.875um 578.155um 509.745um
 578.745um 508.875um 579.005um 509.745um
 579.275um 508.875um 579.535um 509.745um
 584.265um 508.875um 584.525um 509.745um
 584.795um 508.875um 585.055um 509.745um
 587.945um 508.875um 588.205um 509.745um
 588.475um 508.875um 588.735um 509.745um
 589.325um 508.875um 589.585um 509.745um
 577.895um 507.535um 578.155um 508.405um
 578.745um 507.535um 579.005um 508.405um
 580.195um 507.535um 580.455um 508.405um
 585.185um 507.535um 585.445um 508.405um
 585.715um 507.535um 585.975um 508.405um
 587.945um 507.535um 588.205um 508.405um
 588.475um 507.535um 588.735um 508.405um
 589.325um 507.535um 589.585um 508.405um
 577.895um 503.435um 578.155um 504.305um
 578.745um 503.435um 579.005um 504.305um
 579.515um 503.435um 579.780um 504.435um
 579.930um 503.435um 580.210um 504.435um
 580.360um 503.435um 580.640um 504.435um
 580.790um 503.435um 581.070um 504.435um
 581.220um 503.435um 581.500um 504.435um
 581.650um 503.435um 581.930um 504.435um
 582.080um 503.435um 582.360um 504.435um
 582.510um 503.435um 582.790um 504.435um
 582.940um 503.435um 583.220um 504.435um
 583.370um 503.435um 583.650um 504.435um
 583.800um 503.435um 584.065um 504.435um
 585.255um 503.435um 585.515um 504.305um
 587.485um 503.435um 587.745um 504.305um
 588.475um 503.435um 588.735um 504.305um
 589.325um 503.435um 589.585um 504.305um
 577.895um 502.095um 578.155um 502.965um
 578.745um 502.095um 579.005um 502.965um
 579.275um 501.965um 579.580um 502.965um
 579.730um 501.965um 580.010um 502.965um
 580.160um 501.965um 580.440um 502.965um
 580.590um 501.965um 580.870um 502.965um
 581.020um 501.965um 581.300um 502.965um
 581.450um 501.965um 581.730um 502.965um
 581.880um 501.965um 582.225um 502.965um
 583.415um 502.095um 583.675um 502.965um
 586.565um 502.095um 586.825um 502.965um
 587.095um 502.095um 587.355um 502.965um
 587.945um 502.095um 588.205um 502.965um
 588.475um 502.095um 588.735um 502.965um
 589.325um 502.095um 589.585um 502.965um
 577.895um 497.995um 578.155um 498.865um
 578.745um 497.995um 579.005um 498.865um
 579.275um 497.995um 579.535um 498.865um
 584.265um 497.995um 584.525um 498.865um
 584.795um 497.995um 585.055um 498.865um
 587.945um 497.995um 588.205um 498.865um
 588.475um 497.995um 588.735um 498.865um
 589.325um 497.995um 589.585um 498.865um
 577.895um 496.655um 578.155um 497.525um
 578.745um 496.655um 579.005um 497.525um
 579.275um 496.655um 579.535um 497.525um
 584.265um 496.655um 584.525um 497.525um
 584.795um 496.655um 585.055um 497.525um
 587.945um 496.655um 588.205um 497.525um
 588.475um 496.655um 588.735um 497.525um
 589.325um 496.655um 589.585um 497.525um
 577.895um 492.555um 578.155um 493.425um
 578.745um 492.555um 579.005um 493.425um
 579.275um 492.555um 579.535um 493.425um
 584.265um 492.555um 584.525um 493.425um
 587.095um 492.555um 587.355um 493.425um
 587.945um 492.555um 588.205um 493.425um
 588.475um 492.555um 588.735um 493.425um
 589.325um 492.555um 589.585um 493.425um
 577.895um 491.215um 578.155um 492.085um
 578.745um 491.215um 579.005um 492.085um
 579.275um 491.215um 579.535um 492.085um
 580.125um 491.215um 580.385um 492.085um
 580.655um 491.415um 580.915um 492.055um
 581.065um 491.415um 581.335um 492.055um
 581.485um 491.415um 581.745um 492.055um
 582.015um 491.665um 582.275um 492.085um
 582.425um 491.665um 582.700um 492.085um
 582.850um 491.665um 583.175um 492.085um
 583.325um 491.665um 583.690um 492.085um
 583.840um 491.665um 584.350um 492.085um
 583.915um 491.335um 584.350um 491.665um
 584.500um 491.665um 584.825um 492.085um
 584.975um 491.665um 585.245um 492.085um
 585.395um 491.665um 585.815um 492.085um
 585.965um 491.665um 586.230um 492.085um
 584.500um 491.335um 584.750um 491.665um
 586.595um 491.085um 586.865um 492.085um
 587.015um 491.085um 587.285um 492.085um
 587.435um 491.085um 587.695um 492.085um
 588.475um 491.215um 588.735um 492.085um
 589.325um 491.215um 589.585um 492.085um
 577.895um 942.735um 578.155um 943.605um
 578.745um 942.735um 579.005um 943.605um
 579.275um 942.735um 579.535um 943.605um
 584.265um 942.735um 584.525um 943.605um
 584.795um 942.735um 585.055um 943.605um
 587.945um 942.735um 588.205um 943.605um
 588.475um 942.735um 588.735um 943.605um
 589.325um 942.735um 589.585um 943.605um
 577.895um 938.635um 578.155um 939.505um
 578.745um 938.635um 579.005um 939.505um
 579.275um 938.635um 579.535um 939.505um
 584.265um 938.635um 584.525um 939.505um
 584.795um 938.635um 585.055um 939.505um
 587.945um 938.635um 588.205um 939.505um
 588.475um 938.635um 588.735um 939.505um
 589.325um 938.635um 589.585um 939.505um
 577.895um 937.295um 578.155um 938.165um
 578.745um 937.295um 579.005um 938.165um
 579.275um 937.295um 579.535um 938.165um
 584.265um 937.295um 584.525um 938.165um
 584.795um 937.295um 585.055um 938.165um
 587.945um 937.295um 588.205um 938.165um
 588.475um 937.295um 588.735um 938.165um
 589.325um 937.295um 589.585um 938.165um
 577.895um 933.195um 578.155um 934.065um
 578.745um 933.195um 579.005um 934.065um
 579.275um 933.195um 579.535um 934.065um
 584.265um 933.195um 584.525um 934.065um
 584.795um 933.195um 585.055um 934.065um
 587.945um 933.195um 588.205um 934.065um
 588.475um 933.195um 588.735um 934.065um
 589.325um 933.195um 589.585um 934.065um
 577.895um 931.855um 578.155um 932.725um
 578.745um 931.855um 579.005um 932.725um
 579.735um 932.055um 579.995um 932.695um
 580.145um 932.055um 580.415um 932.695um
 580.565um 932.055um 580.825um 932.695um
 581.095um 932.305um 581.355um 932.725um
 581.505um 932.305um 581.825um 932.725um
 581.975um 932.305um 582.290um 932.725um
 582.440um 932.305um 582.770um 932.725um
 582.920um 932.305um 583.430um 932.725um
 582.995um 931.975um 583.430um 932.305um
 583.580um 932.305um 583.905um 932.725um
 584.055um 932.305um 584.325um 932.725um
 584.475um 932.305um 584.910um 932.725um
 585.060um 932.305um 585.350um 932.725um
 583.580um 931.975um 583.830um 932.305um
 585.710um 931.725um 585.990um 932.725um
 586.140um 931.725um 586.465um 932.725um
 586.615um 931.725um 586.885um 932.725um
 587.035um 931.725um 587.320um 932.725um
 587.470um 931.725um 587.740um 932.725um
 587.890um 931.725um 588.170um 932.725um
 588.475um 931.855um 588.735um 932.725um
 589.325um 931.855um 589.585um 932.725um
 577.895um 927.755um 578.155um 928.625um
 578.745um 927.755um 579.005um 928.625um
 580.195um 927.755um 580.455um 928.625um
 585.185um 927.755um 585.445um 928.625um
 585.715um 927.755um 585.975um 928.625um
 587.025um 927.755um 587.285um 928.625um
 588.475um 927.755um 588.735um 928.625um
 589.325um 927.755um 589.585um 928.625um
 577.895um 926.415um 578.155um 927.285um
 578.745um 926.415um 579.005um 927.285um
 579.275um 926.415um 579.535um 927.285um
 584.265um 926.415um 584.525um 927.285um
 584.795um 926.415um 585.055um 927.285um
 587.945um 926.415um 588.205um 927.285um
 588.475um 926.415um 588.735um 927.285um
 589.325um 926.415um 589.585um 927.285um
 577.895um 922.315um 578.155um 923.185um
 578.745um 922.315um 579.005um 923.185um
 579.275um 922.315um 579.535um 923.185um
 584.265um 922.315um 584.525um 923.185um
 584.795um 922.315um 585.055um 923.185um
 587.945um 922.315um 588.205um 923.185um
 588.475um 922.315um 588.735um 923.185um
 589.325um 922.315um 589.585um 923.185um
 577.895um 920.975um 578.155um 921.845um
 578.745um 920.975um 579.005um 921.845um
 579.275um 920.975um 579.535um 921.845um
 584.265um 920.975um 584.525um 921.845um
 584.795um 920.975um 585.055um 921.845um
 587.945um 920.975um 588.205um 921.845um
 588.475um 920.975um 588.735um 921.845um
 589.325um 920.975um 589.585um 921.845um
 577.895um 916.875um 578.155um 917.745um
 578.745um 916.875um 579.005um 917.745um
 579.275um 916.875um 579.535um 917.745um
 584.265um 916.875um 584.525um 917.745um
 584.795um 916.875um 585.055um 917.745um
 587.945um 916.875um 588.205um 917.745um
 588.475um 916.875um 588.735um 917.745um
 589.325um 916.875um 589.585um 917.745um
 577.895um 915.535um 578.155um 916.405um
 578.745um 915.535um 579.005um 916.405um
 579.275um 915.535um 579.535um 916.405um
 584.265um 915.535um 584.525um 916.405um
 584.795um 915.535um 585.055um 916.405um
 587.945um 915.535um 588.205um 916.405um
 588.475um 915.535um 588.735um 916.405um
 589.325um 915.535um 589.585um 916.405um
 577.895um 911.435um 578.155um 912.305um
 578.745um 911.435um 579.005um 912.305um
 579.275um 911.435um 579.535um 912.305um
 584.265um 911.435um 584.525um 912.305um
 584.795um 911.435um 585.055um 912.305um
 587.945um 911.435um 588.205um 912.305um
 588.475um 911.435um 588.735um 912.305um
 589.325um 911.435um 589.585um 912.305um
 577.895um 910.095um 578.155um 910.965um
 578.745um 910.095um 579.005um 910.965um
 579.275um 910.095um 579.535um 910.965um
 584.265um 910.095um 584.525um 910.965um
 584.795um 910.095um 585.055um 910.965um
 587.945um 910.095um 588.205um 910.965um
 588.475um 910.095um 588.735um 910.965um
 589.325um 910.095um 589.585um 910.965um
 577.895um 905.995um 578.155um 906.865um
 578.745um 905.995um 579.005um 906.865um
 579.275um 905.995um 579.535um 906.865um
 584.265um 905.995um 584.525um 906.865um
 584.795um 905.995um 585.055um 906.865um
 587.945um 905.995um 588.205um 906.865um
 588.475um 905.995um 588.735um 906.865um
 589.325um 905.995um 589.585um 906.865um
 577.895um 904.655um 578.155um 905.525um
 578.745um 904.655um 579.005um 905.525um
 579.275um 904.655um 579.535um 905.525um
 584.265um 904.655um 584.525um 905.525um
 584.795um 904.655um 585.055um 905.525um
 587.945um 904.655um 588.205um 905.525um
 588.475um 904.655um 588.735um 905.525um
 589.325um 904.655um 589.585um 905.525um
 577.895um 900.555um 578.155um 901.425um
 578.745um 900.555um 579.005um 901.425um
 580.195um 900.555um 580.455um 901.425um
 585.185um 900.555um 585.445um 901.425um
 585.715um 900.555um 585.975um 901.425um
 587.945um 900.555um 588.205um 901.425um
 588.475um 900.555um 588.735um 901.425um
 589.325um 900.555um 589.585um 901.425um
 577.895um 899.215um 578.155um 900.085um
 578.745um 899.215um 579.005um 900.085um
 579.275um 899.215um 579.535um 900.085um
 584.265um 899.215um 584.525um 900.085um
 584.795um 899.215um 585.055um 900.085um
 587.945um 899.215um 588.205um 900.085um
 588.475um 899.215um 588.735um 900.085um
 589.325um 899.215um 589.585um 900.085um
 577.895um 895.115um 578.155um 895.985um
 578.745um 895.115um 579.005um 895.985um
 579.275um 895.115um 579.535um 895.985um
 584.265um 895.115um 584.525um 895.985um
 584.795um 895.115um 585.055um 895.985um
 587.945um 895.115um 588.205um 895.985um
 588.475um 895.115um 588.735um 895.985um
 589.325um 895.115um 589.585um 895.985um
 577.895um 893.775um 578.155um 894.645um
 578.745um 893.775um 579.005um 894.645um
 579.275um 893.775um 579.535um 894.645um
 584.265um 893.775um 584.525um 894.645um
 584.795um 893.775um 585.055um 894.645um
 587.945um 893.775um 588.205um 894.645um
 588.475um 893.775um 588.735um 894.645um
 589.325um 893.775um 589.585um 894.645um
 577.895um 889.675um 578.155um 890.545um
 578.745um 889.675um 579.005um 890.545um
 579.275um 889.675um 579.535um 890.545um
 584.265um 889.675um 584.525um 890.545um
 584.795um 889.675um 585.055um 890.545um
 587.945um 889.675um 588.205um 890.545um
 588.475um 889.675um 588.735um 890.545um
 589.325um 889.675um 589.585um 890.545um
 577.895um 888.335um 578.155um 889.205um
 578.745um 888.335um 579.005um 889.205um
 579.275um 888.335um 579.535um 889.205um
 584.265um 888.335um 584.525um 889.205um
 584.795um 888.335um 585.055um 889.205um
 587.945um 888.335um 588.205um 889.205um
 588.475um 888.335um 588.735um 889.205um
 589.325um 888.335um 589.585um 889.205um
 577.895um 884.235um 578.155um 885.105um
 578.745um 884.235um 579.005um 885.105um
 579.275um 884.235um 579.535um 885.105um
 584.265um 884.235um 584.525um 885.105um
 584.795um 884.235um 585.055um 885.105um
 587.945um 884.235um 588.205um 885.105um
 588.475um 884.235um 588.735um 885.105um
 589.325um 884.235um 589.585um 885.105um
 577.895um 882.895um 578.155um 883.765um
 578.745um 882.895um 579.005um 883.765um
 579.275um 882.895um 579.535um 883.765um
 584.265um 882.895um 584.525um 883.765um
 584.795um 882.895um 585.055um 883.765um
 587.945um 882.895um 588.205um 883.765um
 588.475um 882.895um 588.735um 883.765um
 589.325um 882.895um 589.585um 883.765um
 577.895um 878.795um 578.155um 879.665um
 578.745um 878.795um 579.005um 879.665um
 579.275um 878.795um 579.535um 879.665um
 584.265um 878.795um 584.525um 879.665um
 584.795um 878.795um 585.055um 879.665um
 587.945um 878.795um 588.205um 879.665um
 588.475um 878.795um 588.735um 879.665um
 589.325um 878.795um 589.585um 879.665um
 577.895um 877.455um 578.155um 878.325um
 578.745um 877.455um 579.005um 878.325um
 579.275um 877.455um 579.535um 878.325um
 584.265um 877.455um 584.525um 878.325um
 584.795um 877.455um 585.055um 878.325um
 587.945um 877.455um 588.205um 878.325um
 588.475um 877.455um 588.735um 878.325um
 589.325um 877.455um 589.585um 878.325um
 577.895um 873.355um 578.155um 874.225um
 578.745um 873.355um 579.005um 874.225um
 579.300um 873.355um 579.585um 874.355um
 579.735um 873.355um 580.015um 874.355um
 580.165um 873.355um 580.445um 874.355um
 580.595um 873.355um 580.875um 874.355um
 581.025um 873.355um 581.380um 874.355um
 581.530um 873.355um 581.810um 874.355um
 581.960um 873.355um 582.225um 874.355um
 584.335um 873.355um 584.595um 874.225um
 587.485um 873.355um 587.745um 874.225um
 588.475um 873.355um 588.735um 874.225um
 589.325um 873.355um 589.585um 874.225um
 577.895um 872.015um 578.155um 872.885um
 578.745um 872.015um 579.005um 872.885um
 580.195um 872.015um 580.455um 872.885um
 585.185um 872.015um 585.445um 872.885um
 585.715um 872.015um 585.975um 872.885um
 587.945um 872.015um 588.205um 872.885um
 588.475um 872.015um 588.735um 872.885um
 589.325um 872.015um 589.585um 872.885um
 577.895um 867.915um 578.155um 868.785um
 578.745um 867.915um 579.005um 868.785um
 579.275um 867.915um 579.535um 868.785um
 582.425um 867.915um 582.685um 868.785um
 585.255um 867.915um 585.520um 868.915um
 585.670um 867.915um 585.950um 868.915um
 586.100um 867.915um 586.455um 868.915um
 586.605um 867.915um 586.885um 868.915um
 587.035um 867.915um 587.315um 868.915um
 587.465um 867.915um 587.745um 868.915um
 587.895um 867.915um 588.180um 868.915um
 588.475um 867.915um 588.735um 868.785um
 589.325um 867.915um 589.585um 868.785um
 577.895um 866.575um 578.155um 867.445um
 578.745um 866.575um 579.005um 867.445um
 579.275um 866.575um 579.535um 867.445um
 584.265um 866.575um 584.525um 867.445um
 584.795um 866.575um 585.055um 867.445um
 587.945um 866.575um 588.205um 867.445um
 588.475um 866.575um 588.735um 867.445um
 589.325um 866.575um 589.585um 867.445um
 577.895um 862.475um 578.155um 863.345um
 578.745um 862.475um 579.005um 863.345um
 579.275um 862.475um 579.535um 863.345um
 584.265um 862.475um 584.525um 863.345um
 584.795um 862.475um 585.055um 863.345um
 587.945um 862.475um 588.205um 863.345um
 588.475um 862.475um 588.735um 863.345um
 589.325um 862.475um 589.585um 863.345um
 577.895um 861.135um 578.155um 862.005um
 578.745um 861.135um 579.005um 862.005um
 579.360um 861.005um 579.625um 862.005um
 579.775um 861.005um 580.055um 862.005um
 580.205um 861.005um 580.485um 862.005um
 580.635um 861.005um 580.915um 862.005um
 581.065um 861.005um 581.345um 862.005um
 581.495um 861.005um 581.775um 862.005um
 581.925um 861.005um 582.205um 862.005um
 582.355um 861.005um 582.635um 862.005um
 582.785um 861.005um 583.060um 862.005um
 583.210um 861.005um 583.490um 862.005um
 583.640um 861.005um 583.920um 862.005um
 584.070um 861.005um 584.350um 862.005um
 584.500um 861.005um 584.780um 862.005um
 584.930um 861.005um 585.210um 862.005um
 585.360um 861.005um 585.640um 862.005um
 585.790um 861.005um 586.070um 862.005um
 586.220um 861.005um 586.500um 862.005um
 586.650um 861.005um 586.930um 862.005um
 587.080um 861.005um 587.360um 862.005um
 587.510um 861.005um 587.790um 862.005um
 587.940um 861.005um 588.205um 862.005um
 588.475um 861.135um 588.735um 862.005um
 589.325um 861.135um 589.585um 862.005um
 577.895um 857.035um 578.155um 857.905um
 578.745um 857.035um 579.005um 857.905um
 579.275um 857.035um 579.535um 857.905um
 584.265um 857.035um 584.525um 857.905um
 584.795um 857.035um 585.055um 857.905um
 587.025um 857.035um 587.285um 857.905um
 588.475um 857.035um 588.735um 857.905um
 589.325um 857.035um 589.585um 857.905um
 577.895um 855.695um 578.155um 856.565um
 578.745um 855.695um 579.005um 856.565um
 579.275um 855.565um 579.535um 856.565um
 579.685um 855.565um 579.955um 856.565um
 580.105um 855.565um 580.375um 856.565um
 580.525um 855.565um 580.795um 856.565um
 580.945um 855.565um 581.215um 856.565um
 581.365um 855.565um 581.635um 856.565um
 581.785um 855.565um 582.055um 856.565um
 582.205um 855.565um 582.475um 856.565um
 582.625um 855.565um 582.895um 856.565um
 583.045um 855.565um 583.315um 856.565um
 583.465um 855.565um 583.735um 856.565um
 583.885um 855.565um 584.145um 856.565um
 585.715um 855.695um 585.975um 856.565um
 587.945um 855.695um 588.205um 856.565um
 588.475um 855.695um 588.735um 856.565um
 589.325um 855.695um 589.585um 856.565um
 577.895um 851.595um 578.155um 852.465um
 578.745um 851.595um 579.005um 852.465um
 580.195um 851.595um 580.455um 852.465um
 585.185um 851.595um 585.445um 852.465um
 585.715um 851.595um 585.975um 852.465um
 587.945um 851.595um 588.205um 852.465um
 588.475um 851.595um 588.735um 852.465um
 589.325um 851.595um 589.585um 852.465um
 577.895um 850.255um 578.155um 851.125um
 578.745um 850.255um 579.005um 851.125um
 579.275um 850.255um 579.535um 851.125um
 584.265um 850.255um 584.525um 851.125um
 584.795um 850.255um 585.055um 851.125um
 587.945um 850.255um 588.205um 851.125um
 588.475um 850.255um 588.735um 851.125um
 589.325um 850.255um 589.585um 851.125um
 577.895um 846.155um 578.155um 847.025um
 578.745um 846.155um 579.005um 847.025um
 579.275um 846.155um 579.535um 847.025um
 584.265um 846.155um 584.525um 847.025um
 584.795um 846.155um 585.055um 847.025um
 587.945um 846.155um 588.205um 847.025um
 588.475um 846.155um 588.735um 847.025um
 589.325um 846.155um 589.585um 847.025um
 577.895um 844.815um 578.155um 845.685um
 578.745um 844.815um 579.005um 845.685um
 579.275um 844.815um 579.535um 845.685um
 584.265um 844.815um 584.525um 845.685um
 584.795um 844.815um 585.055um 845.685um
 587.945um 844.815um 588.205um 845.685um
 588.475um 844.815um 588.735um 845.685um
 589.325um 844.815um 589.585um 845.685um
 577.895um 840.715um 578.155um 841.585um
 578.745um 840.715um 579.005um 841.585um
 579.275um 840.715um 579.535um 841.585um
 584.265um 840.715um 584.525um 841.585um
 584.795um 840.715um 585.055um 841.585um
 587.945um 840.715um 588.205um 841.585um
 588.475um 840.715um 588.735um 841.585um
 589.325um 840.715um 589.585um 841.585um
 577.895um 839.375um 578.155um 840.245um
 578.745um 839.375um 579.005um 840.245um
 579.275um 839.375um 579.535um 840.245um
 584.265um 839.375um 584.525um 840.245um
 584.795um 839.375um 585.055um 840.245um
 587.945um 839.375um 588.205um 840.245um
 588.475um 839.375um 588.735um 840.245um
 589.325um 839.375um 589.585um 840.245um
 577.895um 835.275um 578.155um 836.145um
 578.745um 835.275um 579.005um 836.145um
 579.275um 835.275um 579.535um 836.145um
 584.265um 835.275um 584.525um 836.145um
 584.795um 835.275um 585.055um 836.145um
 587.945um 835.275um 588.205um 836.145um
 588.475um 835.275um 588.735um 836.145um
 589.325um 835.275um 589.585um 836.145um
 577.895um 833.935um 578.155um 834.805um
 578.745um 833.935um 579.005um 834.805um
 579.275um 833.935um 579.535um 834.805um
 584.265um 833.935um 584.525um 834.805um
 584.795um 833.935um 585.055um 834.805um
 587.945um 833.935um 588.205um 834.805um
 588.475um 833.935um 588.735um 834.805um
 589.325um 833.935um 589.585um 834.805um
 577.895um 829.835um 578.155um 830.705um
 578.745um 829.835um 579.005um 830.705um
 579.275um 829.835um 579.535um 830.705um
 584.265um 829.835um 584.525um 830.705um
 584.795um 829.835um 585.055um 830.705um
 587.945um 829.835um 588.205um 830.705um
 588.475um 829.835um 588.735um 830.705um
 589.325um 829.835um 589.585um 830.705um
 577.895um 828.495um 578.155um 829.365um
 578.745um 828.495um 579.005um 829.365um
 579.275um 828.495um 579.535um 829.365um
 584.265um 828.495um 584.525um 829.365um
 584.795um 828.495um 585.055um 829.365um
 587.945um 828.495um 588.205um 829.365um
 588.475um 828.495um 588.735um 829.365um
 589.325um 828.495um 589.585um 829.365um
 577.895um 824.395um 578.155um 825.265um
 578.745um 824.395um 579.005um 825.265um
 579.275um 824.395um 579.535um 825.265um
 584.265um 824.395um 584.525um 825.265um
 584.795um 824.395um 585.055um 825.265um
 587.945um 824.395um 588.205um 825.265um
 588.475um 824.395um 588.735um 825.265um
 589.325um 824.395um 589.585um 825.265um
 577.895um 823.055um 578.155um 823.925um
 578.745um 823.055um 579.005um 823.925um
 579.275um 823.055um 579.535um 823.925um
 584.265um 823.055um 584.525um 823.925um
 584.795um 823.055um 585.055um 823.925um
 587.945um 823.055um 588.205um 823.925um
 588.475um 823.055um 588.735um 823.925um
 589.325um 823.055um 589.585um 823.925um
 577.895um 818.955um 578.155um 819.825um
 578.745um 818.955um 579.005um 819.825um
 580.195um 818.955um 580.455um 819.825um
 585.185um 818.955um 585.445um 819.825um
 585.715um 818.955um 585.975um 819.825um
 587.945um 818.955um 588.205um 819.825um
 588.475um 818.955um 588.735um 819.825um
 589.325um 818.955um 589.585um 819.825um
 577.895um 817.615um 578.155um 818.485um
 578.745um 817.615um 579.005um 818.485um
 579.275um 817.485um 579.535um 818.485um
 579.685um 817.485um 579.955um 818.485um
 580.105um 817.485um 580.375um 818.485um
 580.525um 817.485um 580.795um 818.485um
 580.945um 817.485um 581.215um 818.485um
 581.365um 817.485um 581.635um 818.485um
 581.785um 817.485um 582.055um 818.485um
 582.205um 817.485um 582.475um 818.485um
 582.625um 817.485um 582.895um 818.485um
 583.045um 817.485um 583.315um 818.485um
 583.465um 817.485um 583.735um 818.485um
 583.885um 817.485um 584.155um 818.485um
 584.305um 817.485um 584.575um 818.485um
 584.725um 817.485um 584.995um 818.485um
 585.145um 817.485um 585.415um 818.485um
 585.565um 817.485um 585.835um 818.485um
 585.985um 817.485um 586.365um 818.485um
 588.475um 817.615um 588.735um 818.485um
 589.325um 817.615um 589.585um 818.485um
 577.895um 813.515um 578.155um 814.385um
 578.745um 813.515um 579.005um 814.385um
 580.195um 813.515um 580.455um 814.385um
 585.185um 813.515um 585.445um 814.385um
 585.715um 813.515um 585.975um 814.385um
 587.945um 813.515um 588.205um 814.385um
 588.475um 813.515um 588.735um 814.385um
 589.325um 813.515um 589.585um 814.385um
 577.895um 812.175um 578.155um 813.045um
 578.745um 812.175um 579.005um 813.045um
 579.275um 812.175um 579.535um 813.045um
 584.265um 812.175um 584.525um 813.045um
 584.795um 812.175um 585.055um 813.045um
 587.945um 812.175um 588.205um 813.045um
 588.475um 812.175um 588.735um 813.045um
 589.325um 812.175um 589.585um 813.045um
 577.895um 808.075um 578.155um 808.945um
 578.745um 808.075um 579.005um 808.945um
 579.275um 808.075um 579.535um 808.945um
 584.265um 808.075um 584.525um 808.945um
 584.795um 808.075um 585.055um 808.945um
 587.945um 808.075um 588.205um 808.945um
 588.475um 808.075um 588.735um 808.945um
 589.325um 808.075um 589.585um 808.945um
 577.895um 806.735um 578.155um 807.605um
 578.745um 806.735um 579.005um 807.605um
 579.275um 806.735um 579.535um 807.605um
 584.265um 806.735um 584.525um 807.605um
 584.795um 806.735um 585.055um 807.605um
 587.945um 806.735um 588.205um 807.605um
 588.475um 806.735um 588.735um 807.605um
 589.325um 806.735um 589.585um 807.605um
 577.895um 802.635um 578.155um 803.505um
 578.745um 802.635um 579.005um 803.505um
 581.115um 802.635um 581.375um 803.505um
 586.105um 802.635um 586.365um 803.505um
 586.635um 802.635um 586.895um 803.505um
 587.945um 802.635um 588.205um 803.505um
 588.475um 802.635um 588.735um 803.505um
 589.325um 802.635um 589.585um 803.505um
 577.895um 801.295um 578.155um 802.165um
 578.745um 801.295um 579.005um 802.165um
 579.275um 801.165um 579.540um 802.165um
 579.690um 801.165um 579.970um 802.165um
 580.120um 801.165um 580.400um 802.165um
 580.550um 801.165um 580.830um 802.165um
 580.980um 801.165um 581.260um 802.165um
 581.410um 801.165um 581.690um 802.165um
 581.840um 801.165um 582.120um 802.165um
 582.270um 801.165um 582.550um 802.165um
 582.700um 801.165um 582.980um 802.165um
 583.130um 801.165um 583.410um 802.165um
 583.560um 801.165um 583.825um 802.165um
 585.255um 801.295um 585.515um 802.165um
 587.485um 801.295um 587.745um 802.165um
 588.475um 801.295um 588.735um 802.165um
 589.325um 801.295um 589.585um 802.165um
 577.895um 797.195um 578.155um 798.065um
 578.745um 797.195um 579.005um 798.065um
 579.275um 797.195um 579.540um 798.195um
 579.690um 797.195um 579.970um 798.195um
 580.120um 797.195um 580.475um 798.195um
 580.625um 797.195um 580.905um 798.195um
 581.055um 797.195um 581.335um 798.195um
 581.485um 797.195um 581.765um 798.195um
 581.915um 797.195um 582.200um 798.195um
 585.255um 797.195um 585.520um 798.195um
 585.670um 797.195um 585.950um 798.195um
 586.100um 797.195um 586.455um 798.195um
 586.605um 797.195um 586.885um 798.195um
 587.035um 797.195um 587.315um 798.195um
 587.465um 797.195um 587.745um 798.195um
 587.895um 797.195um 588.180um 798.195um
 588.475um 797.195um 588.735um 798.065um
 589.325um 797.195um 589.585um 798.065um
 577.895um 795.855um 578.155um 796.725um
 578.745um 795.855um 579.005um 796.725um
 579.535um 795.725um 579.795um 796.725um
 579.945um 795.725um 580.215um 796.725um
 580.365um 795.725um 580.635um 796.725um
 580.785um 795.725um 581.055um 796.725um
 581.205um 795.725um 581.475um 796.725um
 581.625um 795.725um 581.895um 796.725um
 582.045um 795.725um 582.315um 796.725um
 582.465um 795.725um 582.735um 796.725um
 582.885um 795.725um 583.145um 796.725um
 584.335um 795.855um 584.595um 796.725um
 587.485um 795.855um 587.745um 796.725um
 588.475um 795.855um 588.735um 796.725um
 589.325um 795.855um 589.585um 796.725um
 577.895um 791.755um 578.155um 792.625um
 578.745um 791.755um 579.005um 792.625um
 581.115um 791.755um 581.375um 792.625um
 586.105um 791.755um 586.365um 792.625um
 586.635um 791.755um 586.895um 792.625um
 587.945um 791.755um 588.205um 792.625um
 588.475um 791.755um 588.735um 792.625um
 589.325um 791.755um 589.585um 792.625um
 577.895um 790.415um 578.155um 791.285um
 578.745um 790.415um 579.005um 791.285um
 579.275um 790.415um 579.535um 791.285um
 584.265um 790.415um 584.525um 791.285um
 584.795um 790.415um 585.055um 791.285um
 587.945um 790.415um 588.205um 791.285um
 588.475um 790.415um 588.735um 791.285um
 589.325um 790.415um 589.585um 791.285um
 577.895um 786.315um 578.155um 787.185um
 578.745um 786.315um 579.005um 787.185um
 579.275um 786.315um 579.540um 787.315um
 579.690um 786.315um 580.015um 787.315um
 580.165um 786.315um 580.435um 787.315um
 580.585um 786.315um 580.845um 787.315um
 581.125um 786.315um 581.385um 787.315um
 581.535um 786.315um 581.805um 787.315um
 581.955um 786.315um 582.215um 787.315um
 585.715um 786.315um 585.975um 787.315um
 586.125um 786.315um 586.395um 787.315um
 586.545um 786.315um 586.815um 787.315um
 586.965um 786.315um 587.235um 787.315um
 587.385um 786.315um 587.655um 787.315um
 587.805um 786.315um 588.065um 787.315um
 588.475um 786.315um 588.735um 787.185um
 589.325um 786.315um 589.585um 787.185um
 577.895um 784.975um 578.155um 785.845um
 578.745um 784.975um 579.005um 785.845um
 579.515um 784.845um 579.780um 785.845um
 579.930um 784.845um 580.210um 785.845um
 580.360um 784.845um 580.640um 785.845um
 580.790um 784.845um 581.070um 785.845um
 581.220um 784.845um 581.500um 785.845um
 581.650um 784.845um 581.930um 785.845um
 582.080um 784.845um 582.360um 785.845um
 582.510um 784.845um 582.790um 785.845um
 582.940um 784.845um 583.220um 785.845um
 583.370um 784.845um 583.650um 785.845um
 583.800um 784.845um 584.065um 785.845um
 586.175um 784.975um 586.435um 785.845um
 587.025um 784.975um 587.285um 785.845um
 588.475um 784.975um 588.735um 785.845um
 589.325um 784.975um 589.585um 785.845um
 577.895um 780.875um 578.155um 781.745um
 578.745um 780.875um 579.005um 781.745um
 579.275um 780.875um 579.540um 781.875um
 579.690um 780.875um 579.970um 781.875um
 580.120um 780.875um 580.400um 781.875um
 580.550um 780.875um 580.830um 781.875um
 580.980um 780.875um 581.260um 781.875um
 581.410um 780.875um 581.690um 781.875um
 581.840um 780.875um 582.120um 781.875um
 582.270um 780.875um 582.550um 781.875um
 582.700um 780.875um 582.980um 781.875um
 583.130um 780.875um 583.410um 781.875um
 583.560um 780.875um 583.825um 781.875um
 586.175um 780.875um 586.435um 781.745um
 587.485um 780.875um 587.745um 781.745um
 588.475um 780.875um 588.735um 781.745um
 589.325um 780.875um 589.585um 781.745um
 577.895um 779.535um 578.155um 780.405um
 578.745um 779.535um 579.005um 780.405um
 579.535um 779.405um 579.795um 780.405um
 579.945um 779.405um 580.215um 780.405um
 580.365um 779.405um 580.635um 780.405um
 580.785um 779.405um 581.055um 780.405um
 581.205um 779.405um 581.475um 780.405um
 581.625um 779.405um 581.895um 780.405um
 582.045um 779.405um 582.315um 780.405um
 582.465um 779.405um 582.735um 780.405um
 582.885um 779.405um 583.145um 780.405um
 584.335um 779.535um 584.595um 780.405um
 587.485um 779.535um 587.745um 780.405um
 588.475um 779.535um 588.735um 780.405um
 589.325um 779.535um 589.585um 780.405um
 577.895um 775.435um 578.155um 776.305um
 578.745um 775.435um 579.005um 776.305um
 581.115um 775.435um 581.375um 776.305um
 586.105um 775.435um 586.365um 776.305um
 588.475um 775.435um 588.735um 776.305um
 589.325um 775.435um 589.585um 776.305um
 577.895um 774.095um 578.155um 774.965um
 578.745um 774.095um 579.005um 774.965um
 579.275um 774.095um 579.535um 774.965um
 582.425um 774.095um 582.685um 774.965um
 582.955um 774.095um 583.215um 774.965um
 583.805um 774.095um 584.065um 774.965um
 584.335um 773.965um 584.595um 774.965um
 584.745um 773.965um 585.015um 774.965um
 585.165um 773.965um 585.435um 774.965um
 585.585um 773.965um 585.855um 774.965um
 586.005um 773.965um 586.275um 774.965um
 586.425um 773.965um 586.695um 774.965um
 586.845um 773.965um 587.115um 774.965um
 587.265um 773.965um 587.535um 774.965um
 587.685um 773.965um 587.945um 774.965um
 588.475um 774.095um 588.735um 774.965um
 589.325um 774.095um 589.585um 774.965um
 577.895um 769.995um 578.155um 770.865um
 578.745um 769.995um 579.005um 770.865um
 579.275um 769.995um 579.535um 770.865um
 582.425um 769.995um 582.685um 770.865um
 585.855um 769.995um 586.115um 770.995um
 586.265um 769.995um 586.535um 770.995um
 586.685um 769.995um 586.955um 770.995um
 587.105um 769.995um 587.375um 770.995um
 587.525um 769.995um 587.795um 770.995um
 587.945um 769.995um 588.205um 770.995um
 588.475um 769.995um 588.735um 770.865um
 589.325um 769.995um 589.585um 770.865um
 577.895um 768.655um 578.155um 769.525um
 578.745um 768.655um 579.005um 769.525um
 579.275um 768.655um 579.535um 769.525um
 581.505um 768.655um 581.765um 769.525um
 584.335um 768.525um 584.595um 769.525um
 584.745um 768.525um 585.015um 769.525um
 585.165um 768.525um 585.435um 769.525um
 585.585um 768.525um 585.855um 769.525um
 586.005um 768.525um 586.275um 769.525um
 586.425um 768.525um 586.695um 769.525um
 586.845um 768.525um 587.115um 769.525um
 587.265um 768.525um 587.535um 769.525um
 587.685um 768.525um 587.945um 769.525um
 588.475um 768.655um 588.735um 769.525um
 589.325um 768.655um 589.585um 769.525um
 577.895um 764.555um 578.155um 765.425um
 578.745um 764.555um 579.005um 765.425um
 579.535um 764.555um 579.795um 765.555um
 579.945um 764.555um 580.215um 765.555um
 580.365um 764.555um 580.635um 765.555um
 580.785um 764.555um 581.055um 765.555um
 581.205um 764.555um 581.475um 765.555um
 581.625um 764.555um 581.895um 765.555um
 582.045um 764.555um 582.315um 765.555um
 582.465um 764.555um 582.735um 765.555um
 582.885um 764.555um 583.145um 765.555um
 585.715um 764.555um 585.975um 765.555um
 586.125um 764.555um 586.395um 765.555um
 586.545um 764.555um 586.815um 765.555um
 586.965um 764.555um 587.235um 765.555um
 587.385um 764.555um 587.655um 765.555um
 587.805um 764.555um 588.065um 765.555um
 588.475um 764.555um 588.735um 765.425um
 589.325um 764.555um 589.585um 765.425um
 577.895um 763.215um 578.155um 764.085um
 578.745um 763.215um 579.005um 764.085um
 580.195um 763.215um 580.455um 764.085um
 585.185um 763.215um 585.445um 764.085um
 588.475um 763.215um 588.735um 764.085um
 589.325um 763.215um 589.585um 764.085um
 577.895um 759.115um 578.155um 759.985um
 578.745um 759.115um 579.005um 759.985um
 579.275um 759.115um 579.535um 759.985um
 584.265um 759.115um 584.525um 759.985um
 585.715um 759.115um 585.975um 760.115um
 586.125um 759.115um 586.395um 760.115um
 586.545um 759.115um 586.815um 760.115um
 586.965um 759.115um 587.235um 760.115um
 587.385um 759.115um 587.655um 760.115um
 587.805um 759.115um 588.065um 760.115um
 588.475um 759.115um 588.735um 759.985um
 589.325um 759.115um 589.585um 759.985um
 577.895um 757.775um 578.155um 758.645um
 578.745um 757.775um 579.005um 758.645um
 579.275um 757.775um 579.535um 758.645um
 582.425um 757.775um 582.685um 758.645um
 582.955um 757.775um 583.215um 758.645um
 583.805um 757.775um 584.065um 758.645um
 584.335um 757.645um 584.595um 758.645um
 584.745um 757.645um 585.015um 758.645um
 585.165um 757.645um 585.435um 758.645um
 585.585um 757.645um 585.855um 758.645um
 586.005um 757.645um 586.275um 758.645um
 586.425um 757.645um 586.695um 758.645um
 586.845um 757.645um 587.115um 758.645um
 587.265um 757.645um 587.535um 758.645um
 587.685um 757.645um 587.945um 758.645um
 588.475um 757.775um 588.735um 758.645um
 589.325um 757.775um 589.585um 758.645um
 577.895um 753.675um 578.155um 754.545um
 578.745um 753.675um 579.005um 754.545um
 579.275um 753.675um 579.535um 754.545um
 584.265um 753.675um 584.525um 754.545um
 584.795um 753.675um 585.055um 754.545um
 586.105um 753.675um 586.365um 754.545um
 588.475um 753.675um 588.735um 754.545um
 589.325um 753.675um 589.585um 754.545um
 577.895um 752.335um 578.155um 753.205um
 578.745um 752.335um 579.005um 753.205um
 579.275um 752.335um 579.535um 753.205um
 584.265um 752.335um 584.525um 753.205um
 584.795um 752.335um 585.055um 753.205um
 587.945um 752.335um 588.205um 753.205um
 588.475um 752.335um 588.735um 753.205um
 589.325um 752.335um 589.585um 753.205um
 577.895um 748.235um 578.155um 749.105um
 578.745um 748.235um 579.005um 749.105um
 579.275um 748.235um 579.535um 749.105um
 584.265um 748.235um 584.525um 749.105um
 584.795um 748.235um 585.055um 749.105um
 587.945um 748.235um 588.205um 749.105um
 588.475um 748.235um 588.735um 749.105um
 589.325um 748.235um 589.585um 749.105um
 577.895um 746.895um 578.155um 747.765um
 578.745um 746.895um 579.005um 747.765um
 579.275um 746.895um 579.535um 747.765um
 584.265um 746.895um 584.525um 747.765um
 584.795um 746.895um 585.055um 747.765um
 587.945um 746.895um 588.205um 747.765um
 588.475um 746.895um 588.735um 747.765um
 589.325um 746.895um 589.585um 747.765um
 577.895um 742.795um 578.155um 743.665um
 578.745um 742.795um 579.005um 743.665um
 579.275um 742.795um 579.535um 743.665um
 584.265um 742.795um 584.525um 743.665um
 585.715um 742.795um 585.975um 743.795um
 586.125um 742.795um 586.395um 743.795um
 586.545um 742.795um 586.815um 743.795um
 586.965um 742.795um 587.235um 743.795um
 587.385um 742.795um 587.655um 743.795um
 587.805um 742.795um 588.065um 743.795um
 588.475um 742.795um 588.735um 743.665um
 589.325um 742.795um 589.585um 743.665um
 577.895um 741.455um 578.155um 742.325um
 578.745um 741.455um 579.005um 742.325um
 579.275um 741.455um 579.535um 742.325um
 584.265um 741.455um 584.525um 742.325um
 584.795um 741.455um 585.055um 742.325um
 587.025um 741.455um 587.285um 742.325um
 588.475um 741.455um 588.735um 742.325um
 589.325um 741.455um 589.585um 742.325um
 577.895um 737.355um 578.155um 738.225um
 578.745um 737.355um 579.005um 738.225um
 579.275um 737.355um 579.535um 738.225um
 584.265um 737.355um 584.525um 738.225um
 584.795um 737.355um 585.055um 738.225um
 587.945um 737.355um 588.205um 738.225um
 588.475um 737.355um 588.735um 738.225um
 589.325um 737.355um 589.585um 738.225um
 577.895um 736.015um 578.155um 736.885um
 578.745um 736.015um 579.005um 736.885um
 579.275um 736.015um 579.535um 736.885um
 584.265um 736.015um 584.525um 736.885um
 584.795um 736.015um 585.055um 736.885um
 587.945um 736.015um 588.205um 736.885um
 588.475um 736.015um 588.735um 736.885um
 589.325um 736.015um 589.585um 736.885um
 577.895um 731.915um 578.155um 732.785um
 578.745um 731.915um 579.005um 732.785um
 580.195um 731.915um 580.455um 732.785um
 585.185um 731.915um 585.445um 732.785um
 585.715um 731.915um 585.975um 732.785um
 587.945um 731.915um 588.205um 732.785um
 588.475um 731.915um 588.735um 732.785um
 589.325um 731.915um 589.585um 732.785um
 577.895um 730.575um 578.155um 731.445um
 578.745um 730.575um 579.005um 731.445um
 579.275um 730.575um 579.535um 731.445um
 584.265um 730.575um 584.525um 731.445um
 584.795um 730.575um 585.055um 731.445um
 587.945um 730.575um 588.205um 731.445um
 588.475um 730.575um 588.735um 731.445um
 589.325um 730.575um 589.585um 731.445um
 577.895um 726.475um 578.155um 727.345um
 578.745um 726.475um 579.005um 727.345um
 579.275um 726.475um 579.535um 727.345um
 584.265um 726.475um 584.525um 727.345um
 584.795um 726.475um 585.055um 727.345um
 587.945um 726.475um 588.205um 727.345um
 588.475um 726.475um 588.735um 727.345um
 589.325um 726.475um 589.585um 727.345um
 577.895um 725.135um 578.155um 726.005um
 578.745um 725.135um 579.005um 726.005um
 580.195um 725.135um 580.455um 726.005um
 582.425um 725.135um 582.685um 726.005um
 585.255um 725.005um 585.520um 726.005um
 585.670um 725.005um 585.950um 726.005um
 586.100um 725.005um 586.455um 726.005um
 586.605um 725.005um 586.885um 726.005um
 587.035um 725.005um 587.315um 726.005um
 587.465um 725.005um 587.745um 726.005um
 587.895um 725.005um 588.180um 726.005um
 588.475um 725.135um 588.735um 726.005um
 589.325um 725.135um 589.585um 726.005um
 577.895um 721.035um 578.155um 721.905um
 578.745um 721.035um 579.005um 721.905um
 579.275um 721.035um 579.540um 722.035um
 579.690um 721.035um 579.970um 722.035um
 580.120um 721.035um 580.475um 722.035um
 580.625um 721.035um 580.905um 722.035um
 581.055um 721.035um 581.335um 722.035um
 581.485um 721.035um 581.765um 722.035um
 581.915um 721.035um 582.200um 722.035um
 583.415um 721.035um 583.675um 721.905um
 586.565um 721.035um 586.825um 721.905um
 587.095um 721.035um 587.355um 721.905um
 587.945um 721.035um 588.205um 721.905um
 588.475um 721.035um 588.735um 721.905um
 589.325um 721.035um 589.585um 721.905um
 577.895um 719.695um 578.155um 720.565um
 578.745um 719.695um 579.005um 720.565um
 580.195um 719.695um 580.455um 720.565um
 585.185um 719.695um 585.445um 720.565um
 585.715um 719.695um 585.975um 720.565um
 587.945um 719.695um 588.205um 720.565um
 588.475um 719.695um 588.735um 720.565um
 589.325um 719.695um 589.585um 720.565um
 577.895um 715.595um 578.155um 716.465um
 578.745um 715.595um 579.005um 716.465um
 579.275um 715.595um 579.535um 716.465um
 584.265um 715.595um 584.525um 716.465um
 584.795um 715.595um 585.055um 716.465um
 587.945um 715.595um 588.205um 716.465um
 588.475um 715.595um 588.735um 716.465um
 589.325um 715.595um 589.585um 716.465um
 577.895um 714.255um 578.155um 715.125um
 578.745um 714.255um 579.005um 715.125um
 579.275um 714.255um 579.535um 715.125um
 584.265um 714.255um 584.525um 715.125um
 584.795um 714.255um 585.055um 715.125um
 587.945um 714.255um 588.205um 715.125um
 588.475um 714.255um 588.735um 715.125um
 589.325um 714.255um 589.585um 715.125um
 577.895um 710.155um 578.155um 711.025um
 578.745um 710.155um 579.005um 711.025um
 579.275um 710.155um 579.535um 711.025um
 584.265um 710.155um 584.525um 711.025um
 584.795um 710.155um 585.055um 711.025um
 587.945um 710.155um 588.205um 711.025um
 588.475um 710.155um 588.735um 711.025um
 589.325um 710.155um 589.585um 711.025um
 577.895um 708.815um 578.155um 709.685um
 578.745um 708.815um 579.005um 709.685um
 579.275um 708.815um 579.535um 709.685um
 584.265um 708.815um 584.525um 709.685um
 584.795um 708.815um 585.055um 709.685um
 587.945um 708.815um 588.205um 709.685um
 588.475um 708.815um 588.735um 709.685um
 589.325um 708.815um 589.585um 709.685um
 577.895um 704.715um 578.155um 705.585um
 578.745um 704.715um 579.005um 705.585um
 579.275um 704.715um 579.535um 705.585um
 584.265um 704.715um 584.525um 705.585um
 584.795um 704.715um 585.055um 705.585um
 587.945um 704.715um 588.205um 705.585um
 588.475um 704.715um 588.735um 705.585um
 589.325um 704.715um 589.585um 705.585um
 577.895um 703.375um 578.155um 704.245um
 578.745um 703.375um 579.005um 704.245um
 579.275um 703.375um 579.535um 704.245um
 584.265um 703.375um 584.525um 704.245um
 584.795um 703.375um 585.055um 704.245um
 587.945um 703.375um 588.205um 704.245um
 588.475um 703.375um 588.735um 704.245um
 589.325um 703.375um 589.585um 704.245um
 577.895um 699.275um 578.155um 700.145um
 578.745um 699.275um 579.005um 700.145um
 579.275um 699.275um 579.535um 700.145um
 584.265um 699.275um 584.525um 700.145um
 584.795um 699.275um 585.055um 700.145um
 587.945um 699.275um 588.205um 700.145um
 588.475um 699.275um 588.735um 700.145um
 589.325um 699.275um 589.585um 700.145um
 577.895um 697.935um 578.155um 698.805um
 578.745um 697.935um 579.005um 698.805um
 579.275um 697.935um 579.535um 698.805um
 584.265um 697.935um 584.525um 698.805um
 584.795um 697.935um 585.055um 698.805um
 587.945um 697.935um 588.205um 698.805um
 588.475um 697.935um 588.735um 698.805um
 589.325um 697.935um 589.585um 698.805um
 577.895um 693.835um 578.155um 694.705um
 578.745um 693.835um 579.005um 694.705um
 579.275um 693.835um 579.535um 694.705um
 584.265um 693.835um 584.525um 694.705um
 584.795um 693.835um 585.055um 694.705um
 587.945um 693.835um 588.205um 694.705um
 588.475um 693.835um 588.735um 694.705um
 589.325um 693.835um 589.585um 694.705um
 577.895um 692.495um 578.155um 693.365um
 578.745um 692.495um 579.005um 693.365um
 580.195um 692.495um 580.455um 693.365um
 585.185um 692.495um 585.445um 693.365um
 585.715um 692.495um 585.975um 693.365um
 587.945um 692.495um 588.205um 693.365um
 588.475um 692.495um 588.735um 693.365um
 589.325um 692.495um 589.585um 693.365um
 577.895um 688.395um 578.155um 689.265um
 578.745um 688.395um 579.005um 689.265um
 579.275um 688.395um 579.535um 689.265um
 584.265um 688.395um 584.525um 689.265um
 584.795um 688.395um 585.055um 689.265um
 587.945um 688.395um 588.205um 689.265um
 588.475um 688.395um 588.735um 689.265um
 589.325um 688.395um 589.585um 689.265um
 577.895um 687.055um 578.155um 687.925um
 578.745um 687.055um 579.005um 687.925um
 579.275um 687.055um 579.535um 687.925um
 584.265um 687.055um 584.525um 687.925um
 584.795um 687.055um 585.055um 687.925um
 587.945um 687.055um 588.205um 687.925um
 588.475um 687.055um 588.735um 687.925um
 589.325um 687.055um 589.585um 687.925um
 577.895um 682.955um 578.155um 683.825um
 578.745um 682.955um 579.005um 683.825um
 579.275um 682.955um 579.535um 683.825um
 584.265um 682.955um 584.525um 683.825um
 584.795um 682.955um 585.055um 683.825um
 587.945um 682.955um 588.205um 683.825um
 588.475um 682.955um 588.735um 683.825um
 589.325um 682.955um 589.585um 683.825um
 577.895um 681.615um 578.155um 682.485um
 578.745um 681.615um 579.005um 682.485um
 579.275um 681.615um 579.535um 682.485um
 584.265um 681.615um 584.525um 682.485um
 584.795um 681.615um 585.055um 682.485um
 587.945um 681.615um 588.205um 682.485um
 588.475um 681.615um 588.735um 682.485um
 589.325um 681.615um 589.585um 682.485um
 577.895um 677.515um 578.155um 678.385um
 578.745um 677.515um 579.005um 678.385um
 579.275um 677.515um 579.535um 678.385um
 584.265um 677.515um 584.525um 678.385um
 584.795um 677.515um 585.055um 678.385um
 587.945um 677.515um 588.205um 678.385um
 588.475um 677.515um 588.735um 678.385um
 589.325um 677.515um 589.585um 678.385um
 577.895um 676.175um 578.155um 677.045um
 578.745um 676.175um 579.005um 677.045um
 579.275um 676.175um 579.535um 677.045um
 584.265um 676.175um 584.525um 677.045um
 584.795um 676.175um 585.055um 677.045um
 587.945um 676.175um 588.205um 677.045um
 588.475um 676.175um 588.735um 677.045um
 589.325um 676.175um 589.585um 677.045um
 577.895um 672.075um 578.155um 672.945um
 578.745um 672.075um 579.005um 672.945um
 579.275um 672.075um 579.535um 672.945um
 584.265um 672.075um 584.525um 672.945um
 584.795um 672.075um 585.055um 672.945um
 587.945um 672.075um 588.205um 672.945um
 588.475um 672.075um 588.735um 672.945um
 589.325um 672.075um 589.585um 672.945um
 577.895um 670.735um 578.155um 671.605um
 578.745um 670.735um 579.005um 671.605um
 579.275um 670.735um 579.535um 671.605um
 584.265um 670.735um 584.525um 671.605um
 584.795um 670.735um 585.055um 671.605um
 587.945um 670.735um 588.205um 671.605um
 588.475um 670.735um 588.735um 671.605um
 589.325um 670.735um 589.585um 671.605um
 577.895um 666.635um 578.155um 667.505um
 578.745um 666.635um 579.005um 667.505um
 579.275um 666.635um 579.535um 667.505um
 584.265um 666.635um 584.525um 667.505um
 584.795um 666.635um 585.055um 667.505um
 587.945um 666.635um 588.205um 667.505um
 588.475um 666.635um 588.735um 667.505um
 589.325um 666.635um 589.585um 667.505um
 577.895um 665.295um 578.155um 666.165um
 578.745um 665.295um 579.005um 666.165um
 579.275um 665.295um 579.535um 666.165um
 584.265um 665.295um 584.525um 666.165um
 584.795um 665.295um 585.055um 666.165um
 587.945um 665.295um 588.205um 666.165um
 588.475um 665.295um 588.735um 666.165um
 589.325um 665.295um 589.585um 666.165um
 577.895um 661.195um 578.155um 662.065um
 578.745um 661.195um 579.005um 662.065um
 579.275um 661.195um 579.535um 662.065um
 584.265um 661.195um 584.525um 662.065um
 584.795um 661.195um 585.055um 662.065um
 587.945um 661.195um 588.205um 662.065um
 588.475um 661.195um 588.735um 662.065um
 589.325um 661.195um 589.585um 662.065um
 577.895um 659.855um 578.155um 660.725um
 578.745um 659.855um 579.005um 660.725um
 579.275um 659.855um 579.535um 660.725um
 582.425um 659.855um 582.685um 660.725um
 586.405um 660.515um 586.665um 660.725um
 585.425um 660.095um 585.705um 660.515um
 585.855um 660.095um 586.125um 660.515um
 586.275um 660.095um 586.665um 660.515um
 586.355um 659.725um 586.665um 660.095um
 586.815um 659.725um 587.205um 660.725um
 587.355um 659.725um 587.735um 660.725um
 588.475um 659.855um 588.735um 660.725um
 589.325um 659.855um 589.585um 660.725um
 577.895um 655.755um 578.155um 656.625um
 578.745um 655.755um 579.005um 656.625um
 579.275um 655.755um 579.535um 656.625um
 584.265um 655.755um 584.525um 656.625um
 584.795um 655.755um 585.055um 656.625um
 587.945um 655.755um 588.205um 656.625um
 588.475um 655.755um 588.735um 656.625um
 589.325um 655.755um 589.585um 656.625um
 577.895um 654.415um 578.155um 655.285um
 578.745um 654.415um 579.005um 655.285um
 579.275um 654.415um 579.535um 655.285um
 584.265um 654.415um 584.525um 655.285um
 584.795um 654.415um 585.055um 655.285um
 587.945um 654.415um 588.205um 655.285um
 588.475um 654.415um 588.735um 655.285um
 589.325um 654.415um 589.585um 655.285um
 577.895um 650.315um 578.155um 651.185um
 578.745um 650.315um 579.005um 651.185um
 580.195um 650.315um 580.455um 651.185um
 585.185um 650.315um 585.445um 651.185um
 585.715um 650.315um 585.975um 651.185um
 587.945um 650.315um 588.205um 651.185um
 588.475um 650.315um 588.735um 651.185um
 589.325um 650.315um 589.585um 651.185um
 577.895um 648.975um 578.155um 649.845um
 578.745um 648.975um 579.005um 649.845um
 579.275um 648.845um 579.540um 649.845um
 579.690um 648.845um 579.970um 649.845um
 580.120um 648.845um 580.475um 649.845um
 580.625um 648.845um 580.905um 649.845um
 581.055um 648.845um 581.335um 649.845um
 581.485um 648.845um 581.765um 649.845um
 581.915um 648.845um 582.200um 649.845um
 583.415um 648.975um 583.675um 649.845um
 586.565um 648.975um 586.825um 649.845um
 587.095um 648.975um 587.355um 649.845um
 587.945um 648.975um 588.205um 649.845um
 588.475um 648.975um 588.735um 649.845um
 589.325um 648.975um 589.585um 649.845um
 577.895um 644.875um 578.155um 645.745um
 578.745um 644.875um 579.005um 645.745um
 581.115um 644.875um 581.375um 645.745um
 586.105um 644.875um 586.365um 645.745um
 586.635um 644.875um 586.895um 645.745um
 587.945um 644.875um 588.205um 645.745um
 588.475um 644.875um 588.735um 645.745um
 589.325um 644.875um 589.585um 645.745um
 577.895um 643.535um 578.155um 644.405um
 578.745um 643.535um 579.005um 644.405um
 579.275um 643.535um 579.535um 644.405um
 584.265um 643.535um 584.525um 644.405um
 584.795um 643.535um 585.055um 644.405um
 587.945um 643.535um 588.205um 644.405um
 588.475um 643.535um 588.735um 644.405um
 589.325um 643.535um 589.585um 644.405um
 577.895um 639.435um 578.155um 640.305um
 578.745um 639.435um 579.005um 640.305um
 579.275um 639.435um 579.535um 640.305um
 584.265um 639.435um 584.525um 640.305um
 584.795um 639.435um 585.055um 640.305um
 587.945um 639.435um 588.205um 640.305um
 588.475um 639.435um 588.735um 640.305um
 589.325um 639.435um 589.585um 640.305um
 577.895um 638.095um 578.155um 638.965um
 578.745um 638.095um 579.005um 638.965um
 579.275um 638.095um 579.535um 638.965um
 584.265um 638.095um 584.525um 638.965um
 584.795um 638.095um 585.055um 638.965um
 587.945um 638.095um 588.205um 638.965um
 588.475um 638.095um 588.735um 638.965um
 589.325um 638.095um 589.585um 638.965um
 577.895um 633.995um 578.155um 634.865um
 578.745um 633.995um 579.005um 634.865um
 579.275um 633.995um 579.535um 634.865um
 584.265um 633.995um 584.525um 634.865um
 584.795um 633.995um 585.055um 634.865um
 587.945um 633.995um 588.205um 634.865um
 588.475um 633.995um 588.735um 634.865um
 589.325um 633.995um 589.585um 634.865um
 577.895um 632.655um 578.155um 633.525um
 578.745um 632.655um 579.005um 633.525um
 579.275um 632.655um 579.535um 633.525um
 584.265um 632.655um 584.525um 633.525um
 584.795um 632.655um 585.055um 633.525um
 587.945um 632.655um 588.205um 633.525um
 588.475um 632.655um 588.735um 633.525um
 589.325um 632.655um 589.585um 633.525um
 577.895um 629.120um 578.155um 629.425um
 578.745um 629.120um 579.005um 629.425um
 579.275um 629.120um 579.535um 629.425um
 584.265um 629.120um 584.525um 629.425um
 584.795um 629.120um 585.055um 629.425um
 587.945um 629.120um 588.205um 629.425um
 588.475um 629.120um 588.735um 629.425um
 589.325um 629.120um 589.585um 629.425um
 577.895um 1058.315um 578.155um 1059.185um
 578.745um 1058.315um 579.005um 1059.185um
 579.275um 1058.315um 579.535um 1059.185um
 584.265um 1058.315um 584.525um 1059.185um
 584.795um 1058.315um 585.055um 1059.185um
 587.945um 1058.315um 588.205um 1059.185um
 588.475um 1058.315um 588.735um 1059.185um
 589.325um 1058.315um 589.585um 1059.185um
 577.895um 1056.975um 578.155um 1057.845um
 578.745um 1056.975um 579.005um 1057.845um
 582.035um 1056.845um 582.295um 1057.845um
 582.445um 1056.845um 582.705um 1057.845um
 582.975um 1056.845um 583.235um 1057.845um
 583.385um 1056.845um 583.710um 1057.845um
 583.860um 1056.845um 584.300um 1057.845um
 584.450um 1056.845um 584.800um 1057.845um
 584.950um 1056.845um 585.250um 1057.845um
 586.635um 1056.975um 586.895um 1057.845um
 587.945um 1056.975um 588.205um 1057.845um
 588.475um 1056.975um 588.735um 1057.845um
 589.325um 1056.975um 589.585um 1057.845um
 577.895um 1052.875um 578.155um 1053.745um
 578.745um 1052.875um 579.005um 1053.745um
 579.275um 1052.875um 579.535um 1053.745um
 584.265um 1052.875um 584.525um 1053.745um
 584.795um 1052.875um 585.055um 1053.745um
 587.945um 1052.875um 588.205um 1053.745um
 588.475um 1052.875um 588.735um 1053.745um
 589.325um 1052.875um 589.585um 1053.745um
 577.895um 1051.535um 578.155um 1052.405um
 578.745um 1051.535um 579.005um 1052.405um
 579.275um 1051.535um 579.535um 1052.405um
 584.265um 1051.535um 584.525um 1052.405um
 584.795um 1051.535um 585.055um 1052.405um
 587.945um 1051.535um 588.205um 1052.405um
 588.475um 1051.535um 588.735um 1052.405um
 589.325um 1051.535um 589.585um 1052.405um
 577.895um 1047.435um 578.155um 1048.305um
 578.745um 1047.435um 579.005um 1048.305um
 579.275um 1047.435um 579.535um 1048.305um
 584.265um 1047.435um 584.525um 1048.305um
 584.795um 1047.435um 585.055um 1048.305um
 587.945um 1047.435um 588.205um 1048.305um
 588.475um 1047.435um 588.735um 1048.305um
 589.325um 1047.435um 589.585um 1048.305um
 577.895um 1046.095um 578.155um 1046.965um
 578.745um 1046.095um 579.005um 1046.965um
 579.275um 1046.095um 579.535um 1046.965um
 584.265um 1046.095um 584.525um 1046.965um
 584.795um 1046.095um 585.055um 1046.965um
 587.945um 1046.095um 588.205um 1046.965um
 588.475um 1046.095um 588.735um 1046.965um
 589.325um 1046.095um 589.585um 1046.965um
 577.895um 1041.995um 578.155um 1042.865um
 578.745um 1041.995um 579.005um 1042.865um
 579.275um 1041.995um 579.535um 1042.865um
 584.265um 1041.995um 584.525um 1042.865um
 584.795um 1041.995um 585.055um 1042.865um
 587.945um 1041.995um 588.205um 1042.865um
 588.475um 1041.995um 588.735um 1042.865um
 589.325um 1041.995um 589.585um 1042.865um
 577.895um 1040.655um 578.155um 1041.525um
 578.745um 1040.655um 579.005um 1041.525um
 579.275um 1040.655um 579.535um 1041.525um
 584.265um 1040.655um 584.525um 1041.525um
 584.795um 1040.655um 585.055um 1041.525um
 587.945um 1040.655um 588.205um 1041.525um
 588.475um 1040.655um 588.735um 1041.525um
 589.325um 1040.655um 589.585um 1041.525um
 577.895um 1036.555um 578.155um 1037.425um
 578.745um 1036.555um 579.005um 1037.425um
 579.275um 1036.555um 579.535um 1037.425um
 584.265um 1036.555um 584.525um 1037.425um
 584.795um 1036.555um 585.055um 1037.425um
 587.945um 1036.555um 588.205um 1037.425um
 588.475um 1036.555um 588.735um 1037.425um
 589.325um 1036.555um 589.585um 1037.425um
 577.895um 1035.215um 578.155um 1036.085um
 578.745um 1035.215um 579.005um 1036.085um
 579.275um 1035.215um 579.535um 1036.085um
 584.265um 1035.215um 584.525um 1036.085um
 584.795um 1035.215um 585.055um 1036.085um
 587.945um 1035.215um 588.205um 1036.085um
 588.475um 1035.215um 588.735um 1036.085um
 589.325um 1035.215um 589.585um 1036.085um
 577.895um 1031.115um 578.155um 1031.985um
 578.745um 1031.115um 579.005um 1031.985um
 579.735um 1031.145um 579.995um 1031.785um
 580.145um 1031.145um 580.415um 1031.785um
 580.565um 1031.145um 580.825um 1031.785um
 582.995um 1031.535um 583.430um 1031.865um
 581.095um 1031.115um 581.355um 1031.535um
 581.505um 1031.115um 581.825um 1031.535um
 581.975um 1031.115um 582.290um 1031.535um
 582.440um 1031.115um 582.770um 1031.535um
 582.920um 1031.115um 583.430um 1031.535um
 583.580um 1031.535um 583.830um 1031.865um
 583.580um 1031.115um 583.905um 1031.535um
 584.055um 1031.115um 584.325um 1031.535um
 584.475um 1031.115um 584.910um 1031.535um
 585.060um 1031.115um 585.350um 1031.535um
 585.710um 1031.115um 585.990um 1032.115um
 586.140um 1031.115um 586.465um 1032.115um
 586.615um 1031.115um 586.885um 1032.115um
 587.035um 1031.115um 587.320um 1032.115um
 587.470um 1031.115um 587.740um 1032.115um
 587.890um 1031.115um 588.170um 1032.115um
 588.475um 1031.115um 588.735um 1031.985um
 589.325um 1031.115um 589.585um 1031.985um
 577.895um 1029.775um 578.155um 1030.645um
 578.745um 1029.775um 579.005um 1030.645um
 580.195um 1029.775um 580.455um 1030.645um
 585.185um 1029.775um 585.445um 1030.645um
 585.715um 1029.775um 585.975um 1030.645um
 587.025um 1029.775um 587.285um 1030.645um
 588.475um 1029.775um 588.735um 1030.645um
 589.325um 1029.775um 589.585um 1030.645um
 577.895um 1025.675um 578.155um 1026.545um
 578.745um 1025.675um 579.005um 1026.545um
 579.275um 1025.675um 579.535um 1026.545um
 584.265um 1025.675um 584.525um 1026.545um
 584.795um 1025.675um 585.055um 1026.545um
 587.945um 1025.675um 588.205um 1026.545um
 588.475um 1025.675um 588.735um 1026.545um
 589.325um 1025.675um 589.585um 1026.545um
 577.895um 1024.335um 578.155um 1025.205um
 578.745um 1024.335um 579.005um 1025.205um
 579.275um 1024.335um 579.535um 1025.205um
 584.265um 1024.335um 584.525um 1025.205um
 584.795um 1024.335um 585.055um 1025.205um
 587.945um 1024.335um 588.205um 1025.205um
 588.475um 1024.335um 588.735um 1025.205um
 589.325um 1024.335um 589.585um 1025.205um
 577.895um 1020.235um 578.155um 1021.105um
 578.745um 1020.235um 579.005um 1021.105um
 580.435um 1020.235um 580.700um 1021.235um
 580.850um 1020.235um 581.130um 1021.235um
 581.280um 1020.235um 581.560um 1021.235um
 581.710um 1020.235um 581.990um 1021.235um
 582.140um 1020.235um 582.420um 1021.235um
 582.570um 1020.235um 582.850um 1021.235um
 583.000um 1020.235um 583.280um 1021.235um
 583.430um 1020.235um 583.710um 1021.235um
 583.860um 1020.235um 584.140um 1021.235um
 584.290um 1020.235um 584.570um 1021.235um
 584.720um 1020.235um 584.985um 1021.235um
 586.175um 1020.235um 586.435um 1021.105um
 587.485um 1020.235um 587.745um 1021.105um
 588.475um 1020.235um 588.735um 1021.105um
 589.325um 1020.235um 589.585um 1021.105um
 577.895um 1018.895um 578.155um 1019.765um
 578.745um 1018.895um 579.005um 1019.765um
 580.195um 1018.765um 580.460um 1019.765um
 580.610um 1018.765um 580.890um 1019.765um
 581.040um 1018.765um 581.320um 1019.765um
 581.470um 1018.765um 581.750um 1019.765um
 581.900um 1018.765um 582.180um 1019.765um
 582.330um 1018.765um 582.610um 1019.765um
 582.760um 1018.765um 583.040um 1019.765um
 583.190um 1018.765um 583.470um 1019.765um
 583.620um 1018.765um 583.900um 1019.765um
 584.050um 1018.765um 584.330um 1019.765um
 584.480um 1018.765um 584.745um 1019.765um
 585.255um 1018.895um 585.515um 1019.765um
 587.485um 1018.895um 587.745um 1019.765um
 588.475um 1018.895um 588.735um 1019.765um
 589.325um 1018.895um 589.585um 1019.765um
 577.895um 1014.795um 578.155um 1015.665um
 578.745um 1014.795um 579.005um 1015.665um
 579.275um 1014.795um 579.535um 1015.665um
 584.265um 1014.795um 584.525um 1015.665um
 584.795um 1014.795um 585.055um 1015.665um
 587.945um 1014.795um 588.205um 1015.665um
 588.475um 1014.795um 588.735um 1015.665um
 589.325um 1014.795um 589.585um 1015.665um
 577.895um 1013.455um 578.155um 1014.325um
 578.745um 1013.455um 579.005um 1014.325um
 579.275um 1013.455um 579.535um 1014.325um
 584.265um 1013.455um 584.525um 1014.325um
 584.795um 1013.455um 585.055um 1014.325um
 587.025um 1013.455um 587.285um 1014.325um
 588.475um 1013.455um 588.735um 1014.325um
 589.325um 1013.455um 589.585um 1014.325um
 577.895um 1009.355um 578.155um 1010.225um
 578.745um 1009.355um 579.005um 1010.225um
 579.275um 1009.355um 579.535um 1010.225um
 584.265um 1009.355um 584.525um 1010.225um
 584.795um 1009.355um 585.055um 1010.225um
 587.945um 1009.355um 588.205um 1010.225um
 588.475um 1009.355um 588.735um 1010.225um
 589.325um 1009.355um 589.585um 1010.225um
 577.895um 1008.015um 578.155um 1008.885um
 578.745um 1008.015um 579.005um 1008.885um
 579.735um 1008.215um 579.995um 1008.855um
 580.145um 1008.215um 580.415um 1008.855um
 580.565um 1008.215um 580.825um 1008.855um
 581.095um 1008.465um 581.355um 1008.885um
 581.505um 1008.465um 581.825um 1008.885um
 581.975um 1008.465um 582.290um 1008.885um
 582.440um 1008.465um 582.770um 1008.885um
 582.920um 1008.465um 583.430um 1008.885um
 582.995um 1008.135um 583.430um 1008.465um
 583.580um 1008.465um 583.905um 1008.885um
 584.055um 1008.465um 584.325um 1008.885um
 584.475um 1008.465um 584.910um 1008.885um
 585.060um 1008.465um 585.350um 1008.885um
 583.580um 1008.135um 583.830um 1008.465um
 585.710um 1007.885um 585.990um 1008.885um
 586.140um 1007.885um 586.465um 1008.885um
 586.615um 1007.885um 586.885um 1008.885um
 587.035um 1007.885um 587.320um 1008.885um
 587.470um 1007.885um 587.740um 1008.885um
 587.890um 1007.885um 588.170um 1008.885um
 588.475um 1008.015um 588.735um 1008.885um
 589.325um 1008.015um 589.585um 1008.885um
 577.895um 1003.915um 578.155um 1004.785um
 578.745um 1003.915um 579.005um 1004.785um
 579.275um 1003.915um 579.535um 1004.785um
 584.265um 1003.915um 584.525um 1004.785um
 584.795um 1003.915um 585.055um 1004.785um
 587.025um 1003.915um 587.285um 1004.785um
 588.475um 1003.915um 588.735um 1004.785um
 589.325um 1003.915um 589.585um 1004.785um
 577.895um 1002.575um 578.155um 1003.445um
 578.745um 1002.575um 579.005um 1003.445um
 579.275um 1002.575um 579.535um 1003.445um
 584.265um 1002.575um 584.525um 1003.445um
 584.795um 1002.575um 585.055um 1003.445um
 587.945um 1002.575um 588.205um 1003.445um
 588.475um 1002.575um 588.735um 1003.445um
 589.325um 1002.575um 589.585um 1003.445um
 577.895um 998.475um 578.155um 999.345um
 578.745um 998.475um 579.005um 999.345um
 579.275um 998.475um 579.535um 999.345um
 584.265um 998.475um 584.525um 999.345um
 584.795um 998.475um 585.055um 999.345um
 587.945um 998.475um 588.205um 999.345um
 588.475um 998.475um 588.735um 999.345um
 589.325um 998.475um 589.585um 999.345um
 577.895um 997.135um 578.155um 998.005um
 578.745um 997.135um 579.005um 998.005um
 579.275um 997.135um 579.535um 998.005um
 584.265um 997.135um 584.525um 998.005um
 584.795um 997.135um 585.055um 998.005um
 587.945um 997.135um 588.205um 998.005um
 588.475um 997.135um 588.735um 998.005um
 589.325um 997.135um 589.585um 998.005um
 577.895um 993.035um 578.155um 993.905um
 578.745um 993.035um 579.005um 993.905um
 579.275um 993.035um 579.535um 993.905um
 584.265um 993.035um 584.525um 993.905um
 584.795um 993.035um 585.055um 993.905um
 587.945um 993.035um 588.205um 993.905um
 588.475um 993.035um 588.735um 993.905um
 589.325um 993.035um 589.585um 993.905um
 577.895um 991.695um 578.155um 992.565um
 578.745um 991.695um 579.005um 992.565um
 579.275um 991.695um 579.535um 992.565um
 584.265um 991.695um 584.525um 992.565um
 584.795um 991.695um 585.055um 992.565um
 587.945um 991.695um 588.205um 992.565um
 588.475um 991.695um 588.735um 992.565um
 589.325um 991.695um 589.585um 992.565um
 577.895um 987.595um 578.155um 988.465um
 578.745um 987.595um 579.005um 988.465um
 579.275um 987.595um 579.535um 988.465um
 584.265um 987.595um 584.525um 988.465um
 584.795um 987.595um 585.055um 988.465um
 587.945um 987.595um 588.205um 988.465um
 588.475um 987.595um 588.735um 988.465um
 589.325um 987.595um 589.585um 988.465um
 577.895um 986.255um 578.155um 987.125um
 578.745um 986.255um 579.005um 987.125um
 580.195um 986.255um 580.455um 987.125um
 585.185um 986.255um 585.445um 987.125um
 585.715um 986.255um 585.975um 987.125um
 587.945um 986.255um 588.205um 987.125um
 588.475um 986.255um 588.735um 987.125um
 589.325um 986.255um 589.585um 987.125um
 577.895um 982.155um 578.155um 983.025um
 578.745um 982.155um 579.005um 983.025um
 579.275um 982.155um 579.535um 983.025um
 584.265um 982.155um 584.525um 983.025um
 584.795um 982.155um 585.055um 983.025um
 587.945um 982.155um 588.205um 983.025um
 588.475um 982.155um 588.735um 983.025um
 589.325um 982.155um 589.585um 983.025um
 577.895um 980.815um 578.155um 981.685um
 578.745um 980.815um 579.005um 981.685um
 579.275um 980.815um 579.535um 981.685um
 584.265um 980.815um 584.525um 981.685um
 584.795um 980.815um 585.055um 981.685um
 587.945um 980.815um 588.205um 981.685um
 588.475um 980.815um 588.735um 981.685um
 589.325um 980.815um 589.585um 981.685um
 577.895um 976.715um 578.155um 977.585um
 578.745um 976.715um 579.005um 977.585um
 579.275um 976.715um 579.535um 977.585um
 584.265um 976.715um 584.525um 977.585um
 584.795um 976.715um 585.055um 977.585um
 587.945um 976.715um 588.205um 977.585um
 588.475um 976.715um 588.735um 977.585um
 589.325um 976.715um 589.585um 977.585um
 577.895um 975.375um 578.155um 976.245um
 578.745um 975.375um 579.005um 976.245um
 579.275um 975.375um 579.535um 976.245um
 584.265um 975.375um 584.525um 976.245um
 584.795um 975.375um 585.055um 976.245um
 587.025um 975.375um 587.285um 976.245um
 588.475um 975.375um 588.735um 976.245um
 589.325um 975.375um 589.585um 976.245um
 577.895um 971.275um 578.155um 972.145um
 578.745um 971.275um 579.005um 972.145um
 579.735um 971.305um 579.995um 971.945um
 580.145um 971.305um 580.415um 971.945um
 580.565um 971.305um 580.825um 971.945um
 582.995um 971.695um 583.430um 972.025um
 581.095um 971.275um 581.355um 971.695um
 581.505um 971.275um 581.825um 971.695um
 581.975um 971.275um 582.290um 971.695um
 582.440um 971.275um 582.770um 971.695um
 582.920um 971.275um 583.430um 971.695um
 583.580um 971.695um 583.830um 972.025um
 583.580um 971.275um 583.905um 971.695um
 584.055um 971.275um 584.325um 971.695um
 584.475um 971.275um 584.910um 971.695um
 585.060um 971.275um 585.350um 971.695um
 585.710um 971.275um 585.990um 972.275um
 586.140um 971.275um 586.465um 972.275um
 586.615um 971.275um 586.885um 972.275um
 587.035um 971.275um 587.320um 972.275um
 587.470um 971.275um 587.740um 972.275um
 587.890um 971.275um 588.170um 972.275um
 588.475um 971.275um 588.735um 972.145um
 589.325um 971.275um 589.585um 972.145um
 577.895um 969.935um 578.155um 970.805um
 578.745um 969.935um 579.005um 970.805um
 579.275um 969.935um 579.535um 970.805um
 584.265um 969.935um 584.525um 970.805um
 584.795um 969.935um 585.055um 970.805um
 587.025um 969.935um 587.285um 970.805um
 588.475um 969.935um 588.735um 970.805um
 589.325um 969.935um 589.585um 970.805um
 577.895um 965.835um 578.155um 966.705um
 578.745um 965.835um 579.005um 966.705um
 579.275um 965.835um 579.655um 966.835um
 579.805um 965.835um 580.075um 966.835um
 580.225um 965.835um 580.495um 966.835um
 580.645um 965.835um 580.915um 966.835um
 581.065um 965.835um 581.335um 966.835um
 581.485um 965.835um 581.755um 966.835um
 581.905um 965.835um 582.175um 966.835um
 582.325um 965.835um 582.595um 966.835um
 582.745um 965.835um 583.015um 966.835um
 583.165um 965.835um 583.435um 966.835um
 583.585um 965.835um 583.855um 966.835um
 584.005um 965.835um 584.275um 966.835um
 584.425um 965.835um 584.695um 966.835um
 584.845um 965.835um 585.115um 966.835um
 585.265um 965.835um 585.535um 966.835um
 585.685um 965.835um 585.955um 966.835um
 586.105um 965.835um 586.365um 966.835um
 588.475um 965.835um 588.735um 966.705um
 589.325um 965.835um 589.585um 966.705um
 577.895um 964.495um 578.155um 965.365um
 578.745um 964.495um 579.005um 965.365um
 580.195um 964.495um 580.455um 965.365um
 585.185um 964.495um 585.445um 965.365um
 585.715um 964.495um 585.975um 965.365um
 587.945um 964.495um 588.205um 965.365um
 588.475um 964.495um 588.735um 965.365um
 589.325um 964.495um 589.585um 965.365um
 577.895um 960.395um 578.155um 961.265um
 578.745um 960.395um 579.005um 961.265um
 579.275um 960.395um 579.535um 961.265um
 584.265um 960.395um 584.525um 961.265um
 584.795um 960.395um 585.055um 961.265um
 587.945um 960.395um 588.205um 961.265um
 588.475um 960.395um 588.735um 961.265um
 589.325um 960.395um 589.585um 961.265um
 577.895um 959.055um 578.155um 959.925um
 578.745um 959.055um 579.005um 959.925um
 579.275um 959.055um 579.535um 959.925um
 584.265um 959.055um 584.525um 959.925um
 584.795um 959.055um 585.055um 959.925um
 587.945um 959.055um 588.205um 959.925um
 588.475um 959.055um 588.735um 959.925um
 589.325um 959.055um 589.585um 959.925um
 577.895um 954.955um 578.155um 955.825um
 578.745um 954.955um 579.005um 955.825um
 579.275um 954.955um 579.535um 955.825um
 584.265um 954.955um 584.525um 955.825um
 584.795um 954.955um 585.055um 955.825um
 587.945um 954.955um 588.205um 955.825um
 588.475um 954.955um 588.735um 955.825um
 589.325um 954.955um 589.585um 955.825um
 577.895um 953.615um 578.155um 954.485um
 578.745um 953.615um 579.005um 954.485um
 580.435um 953.485um 580.700um 954.485um
 580.850um 953.485um 581.130um 954.485um
 581.280um 953.485um 581.560um 954.485um
 581.710um 953.485um 581.990um 954.485um
 582.140um 953.485um 582.420um 954.485um
 582.570um 953.485um 582.850um 954.485um
 583.000um 953.485um 583.280um 954.485um
 583.430um 953.485um 583.710um 954.485um
 583.860um 953.485um 584.140um 954.485um
 584.290um 953.485um 584.570um 954.485um
 584.720um 953.485um 584.985um 954.485um
 586.175um 953.615um 586.435um 954.485um
 587.485um 953.615um 587.745um 954.485um
 588.475um 953.615um 588.735um 954.485um
 589.325um 953.615um 589.585um 954.485um
 577.895um 949.515um 578.155um 950.385um
 578.745um 949.515um 579.005um 950.385um
 580.195um 949.515um 580.460um 950.515um
 580.610um 949.515um 580.890um 950.515um
 581.040um 949.515um 581.320um 950.515um
 581.470um 949.515um 581.750um 950.515um
 581.900um 949.515um 582.180um 950.515um
 582.330um 949.515um 582.610um 950.515um
 582.760um 949.515um 583.040um 950.515um
 583.190um 949.515um 583.470um 950.515um
 583.620um 949.515um 583.900um 950.515um
 584.050um 949.515um 584.330um 950.515um
 584.480um 949.515um 584.745um 950.515um
 585.255um 949.515um 585.515um 950.385um
 587.485um 949.515um 587.745um 950.385um
 588.475um 949.515um 588.735um 950.385um
 589.325um 949.515um 589.585um 950.385um
 577.895um 948.175um 578.155um 949.045um
 578.745um 948.175um 579.005um 949.045um
 579.275um 948.175um 579.535um 949.045um
 584.265um 948.175um 584.525um 949.045um
 584.795um 948.175um 585.055um 949.045um
 587.945um 948.175um 588.205um 949.045um
 588.475um 948.175um 588.735um 949.045um
 589.325um 948.175um 589.585um 949.045um
 577.895um 944.075um 578.155um 944.945um
 578.745um 944.075um 579.005um 944.945um
 580.195um 944.075um 580.455um 944.945um
 585.185um 944.075um 585.445um 944.945um
 585.715um 944.075um 585.975um 944.945um
 587.025um 944.075um 587.285um 944.945um
 588.475um 944.075um 588.735um 944.945um
 589.325um 944.075um 589.585um 944.945um
----------------------------------------
N-diff distance to P-tap must be < 15.0um (LU.2)
----------------------------------------
 579.370um 625.835um 579.535um 626.385um
 584.265um 625.835um 584.525um 626.385um
 584.795um 625.835um 585.055um 626.385um
 587.945um 625.835um 587.990um 626.385um
 579.370um 624.815um 579.535um 625.365um
 584.265um 624.815um 584.525um 625.365um
 584.795um 624.815um 585.055um 625.365um
 587.945um 624.815um 587.990um 625.365um
 579.370um 620.395um 579.535um 620.945um
 584.265um 620.395um 584.525um 620.945um
 584.795um 620.395um 585.055um 620.945um
 587.945um 620.395um 587.990um 620.945um
 579.370um 619.375um 579.535um 619.925um
 584.265um 619.375um 584.525um 619.925um
 584.795um 619.375um 585.055um 619.925um
 587.945um 619.375um 587.990um 619.925um
 579.370um 614.955um 579.535um 615.505um
 584.265um 614.955um 584.525um 615.505um
 584.795um 614.955um 585.055um 615.505um
 587.945um 614.955um 587.990um 615.505um
 579.370um 613.935um 579.535um 614.485um
 584.265um 613.935um 584.525um 614.485um
 584.795um 613.935um 585.055um 614.485um
 587.945um 613.935um 587.990um 614.485um
 579.370um 609.515um 579.535um 610.065um
 584.265um 609.515um 584.525um 610.065um
 584.795um 609.515um 585.055um 610.065um
 587.945um 609.515um 587.990um 610.065um
 580.195um 608.495um 580.455um 609.045um
 585.185um 608.495um 585.445um 609.045um
 585.715um 608.495um 585.975um 609.045um
 587.945um 608.495um 587.990um 609.045um
 579.370um 604.075um 579.535um 604.625um
 584.265um 604.075um 584.525um 604.625um
 584.795um 604.075um 585.055um 604.625um
 587.945um 604.075um 587.990um 604.625um
 579.370um 603.055um 579.535um 603.605um
 584.265um 603.055um 584.525um 603.605um
 584.795um 603.055um 585.055um 603.605um
 587.945um 603.055um 587.990um 603.605um
 579.370um 598.635um 579.535um 599.185um
 584.265um 598.635um 584.525um 599.185um
 584.795um 598.635um 585.055um 599.185um
 587.945um 598.635um 587.990um 599.185um
 579.370um 597.615um 579.535um 598.165um
 584.265um 597.615um 584.525um 598.165um
 584.795um 597.615um 585.055um 598.165um
 587.945um 597.615um 587.990um 598.165um
 579.370um 593.195um 579.535um 593.745um
 584.265um 593.195um 584.525um 593.745um
 584.795um 593.195um 585.055um 593.745um
 587.945um 593.195um 587.990um 593.745um
 579.370um 592.175um 579.535um 592.725um
 584.265um 592.175um 584.525um 592.725um
 584.795um 592.175um 585.055um 592.725um
 587.025um 592.175um 587.285um 592.725um
 586.865um 588.315um 587.125um 588.405um
 579.370um 587.755um 579.535um 588.305um
 582.425um 587.755um 582.685um 588.305um
 585.885um 587.895um 586.165um 588.315um
 586.315um 587.895um 586.585um 588.315um
 586.735um 587.895um 587.125um 588.315um
 586.865um 587.755um 587.125um 587.895um
 587.275um 587.755um 587.665um 588.405um
 587.815um 587.755um 587.990um 588.405um
 579.370um 586.865um 579.625um 587.285um
 579.775um 586.865um 580.055um 587.285um
 580.205um 586.865um 580.485um 587.285um
 580.635um 586.865um 580.915um 587.285um
 581.065um 586.865um 581.345um 587.285um
 581.495um 586.865um 581.775um 587.285um
 581.925um 586.865um 582.205um 587.285um
 582.355um 586.865um 582.635um 587.285um
 582.785um 586.865um 583.060um 587.285um
 583.210um 586.865um 583.490um 587.285um
 583.640um 586.865um 583.920um 587.285um
 584.070um 586.865um 584.350um 587.285um
 584.500um 586.865um 584.780um 587.285um
 584.930um 586.865um 585.210um 587.285um
 585.360um 586.865um 585.640um 587.285um
 585.790um 586.865um 586.070um 587.285um
 586.220um 586.865um 586.500um 587.285um
 586.650um 586.865um 586.930um 587.285um
 587.080um 586.865um 587.360um 587.285um
 587.510um 586.865um 587.790um 587.285um
 587.940um 586.865um 587.990um 587.285um
 579.370um 582.315um 579.625um 582.735um
 579.775um 582.315um 580.055um 582.735um
 580.205um 582.315um 580.485um 582.735um
 580.635um 582.315um 580.915um 582.735um
 581.065um 582.315um 581.345um 582.735um
 581.495um 582.315um 581.775um 582.735um
 581.925um 582.315um 582.205um 582.735um
 582.355um 582.315um 582.635um 582.735um
 582.785um 582.315um 583.060um 582.735um
 583.210um 582.315um 583.490um 582.735um
 583.640um 582.315um 583.920um 582.735um
 584.070um 582.315um 584.350um 582.735um
 584.500um 582.315um 584.780um 582.735um
 584.930um 582.315um 585.210um 582.735um
 585.360um 582.315um 585.640um 582.735um
 585.790um 582.315um 586.070um 582.735um
 586.220um 582.315um 586.500um 582.735um
 586.650um 582.315um 586.930um 582.735um
 587.080um 582.315um 587.360um 582.735um
 587.510um 582.315um 587.790um 582.735um
 587.940um 582.315um 587.990um 582.735um
 579.370um 581.425um 579.625um 581.845um
 579.775um 581.425um 580.055um 581.845um
 580.205um 581.425um 580.485um 581.845um
 580.635um 581.425um 580.915um 581.845um
 581.065um 581.425um 581.345um 581.845um
 581.495um 581.425um 581.775um 581.845um
 581.925um 581.425um 582.205um 581.845um
 582.355um 581.425um 582.635um 581.845um
 582.785um 581.425um 583.060um 581.845um
 583.210um 581.425um 583.490um 581.845um
 583.640um 581.425um 583.920um 581.845um
 584.070um 581.425um 584.350um 581.845um
 584.500um 581.425um 584.780um 581.845um
 584.930um 581.425um 585.210um 581.845um
 585.360um 581.425um 585.640um 581.845um
 585.790um 581.425um 586.070um 581.845um
 586.220um 581.425um 586.500um 581.845um
 586.650um 581.425um 586.930um 581.845um
 587.080um 581.425um 587.360um 581.845um
 587.510um 581.425um 587.790um 581.845um
 587.940um 581.425um 587.990um 581.845um
 579.370um 576.875um 579.540um 577.295um
 579.690um 576.875um 579.970um 577.295um
 580.120um 576.875um 580.400um 577.295um
 580.550um 576.875um 580.830um 577.295um
 580.980um 576.875um 581.260um 577.295um
 581.410um 576.875um 581.690um 577.295um
 581.840um 576.875um 582.120um 577.295um
 582.270um 576.875um 582.550um 577.295um
 582.700um 576.875um 582.980um 577.295um
 583.130um 576.875um 583.410um 577.295um
 583.560um 576.875um 583.840um 577.295um
 583.990um 576.875um 584.270um 577.295um
 584.420um 576.875um 584.695um 577.295um
 584.845um 576.875um 585.125um 577.295um
 585.275um 576.875um 585.555um 577.295um
 585.705um 576.875um 585.985um 577.295um
 586.135um 576.875um 586.415um 577.295um
 586.565um 576.875um 586.845um 577.295um
 586.995um 576.875um 587.275um 577.295um
 587.425um 576.875um 587.705um 577.295um
 587.855um 576.875um 587.990um 577.295um
 579.370um 575.985um 579.625um 576.405um
 579.775um 575.985um 580.055um 576.405um
 580.205um 575.985um 580.485um 576.405um
 580.635um 575.985um 580.915um 576.405um
 581.065um 575.985um 581.345um 576.405um
 581.495um 575.985um 581.775um 576.405um
 581.925um 575.985um 582.205um 576.405um
 582.355um 575.985um 582.635um 576.405um
 582.785um 575.985um 583.060um 576.405um
 583.210um 575.985um 583.490um 576.405um
 583.640um 575.985um 583.920um 576.405um
 584.070um 575.985um 584.350um 576.405um
 584.500um 575.985um 584.780um 576.405um
 584.930um 575.985um 585.210um 576.405um
 585.360um 575.985um 585.640um 576.405um
 585.790um 575.985um 586.070um 576.405um
 586.220um 575.985um 586.500um 576.405um
 586.650um 575.985um 586.930um 576.405um
 587.080um 575.985um 587.360um 576.405um
 587.510um 575.985um 587.790um 576.405um
 587.940um 575.985um 587.990um 576.405um
 579.370um 571.435um 579.540um 571.855um
 579.690um 571.435um 579.970um 571.855um
 580.120um 571.435um 580.400um 571.855um
 580.550um 571.435um 580.830um 571.855um
 580.980um 571.435um 581.260um 571.855um
 581.410um 571.435um 581.690um 571.855um
 581.840um 571.435um 582.120um 571.855um
 582.270um 571.435um 582.550um 571.855um
 582.700um 571.435um 582.980um 571.855um
 583.130um 571.435um 583.410um 571.855um
 583.560um 571.435um 583.840um 571.855um
 583.990um 571.435um 584.270um 571.855um
 584.420um 571.435um 584.695um 571.855um
 584.845um 571.435um 585.125um 571.855um
 585.275um 571.435um 585.555um 571.855um
 585.705um 571.435um 585.985um 571.855um
 586.135um 571.435um 586.415um 571.855um
 586.565um 571.435um 586.845um 571.855um
 586.995um 571.435um 587.275um 571.855um
 587.425um 571.435um 587.705um 571.855um
 587.855um 571.435um 587.990um 571.855um
 580.195um 570.415um 580.455um 570.965um
 585.185um 570.415um 585.445um 570.965um
 585.715um 570.415um 585.975um 570.965um
 587.945um 570.415um 587.990um 570.965um
 579.370um 565.995um 579.535um 566.545um
 584.265um 565.995um 584.525um 566.545um
 584.795um 565.995um 585.055um 566.545um
 587.945um 565.995um 587.990um 566.545um
 580.195um 564.975um 580.455um 565.525um
 585.185um 564.975um 585.445um 565.525um
 585.715um 564.975um 585.975um 565.525um
 587.945um 564.975um 587.990um 565.525um
 579.370um 560.555um 579.535um 561.105um
 584.265um 560.555um 584.525um 561.105um
 584.795um 560.555um 585.055um 561.105um
 587.945um 560.555um 587.990um 561.105um
 579.370um 559.535um 579.535um 560.085um
 584.265um 559.535um 584.525um 560.085um
 584.795um 559.535um 585.055um 560.085um
 587.945um 559.535um 587.990um 560.085um
 579.370um 555.115um 579.535um 555.665um
 584.265um 555.115um 584.525um 555.665um
 584.795um 555.115um 585.055um 555.665um
 587.945um 555.115um 587.990um 555.665um
 579.370um 554.095um 579.535um 554.645um
 584.265um 554.095um 584.525um 554.645um
 584.795um 554.095um 585.055um 554.645um
 587.945um 554.095um 587.990um 554.645um
 579.370um 549.675um 579.535um 550.225um
 584.265um 549.675um 584.525um 550.225um
 584.795um 549.675um 585.055um 550.225um
 587.945um 549.675um 587.990um 550.225um
 579.370um 548.655um 579.535um 549.205um
 584.265um 548.655um 584.525um 549.205um
 584.795um 548.655um 585.055um 549.205um
 587.945um 548.655um 587.990um 549.205um
 579.370um 544.235um 579.535um 544.785um
 584.265um 544.235um 584.525um 544.785um
 584.795um 544.235um 585.055um 544.785um
 587.945um 544.235um 587.990um 544.785um
 579.370um 543.215um 579.535um 543.765um
 584.265um 543.215um 584.525um 543.765um
 584.795um 543.215um 585.055um 543.765um
 587.945um 543.215um 587.990um 543.765um
 579.370um 538.795um 579.535um 539.345um
 584.265um 538.795um 584.525um 539.345um
 584.795um 538.795um 585.055um 539.345um
 587.945um 538.795um 587.990um 539.345um
 579.370um 537.775um 579.535um 538.325um
 584.265um 537.775um 584.525um 538.325um
 584.795um 537.775um 585.055um 538.325um
 587.025um 537.775um 587.285um 538.325um
 579.370um 533.355um 579.535um 533.905um
 584.265um 533.355um 584.525um 533.905um
 584.795um 533.355um 585.055um 533.905um
 587.945um 533.355um 587.990um 533.905um
 579.370um 532.335um 579.535um 532.885um
 584.265um 532.335um 584.525um 532.885um
 584.795um 532.335um 585.055um 532.885um
 587.945um 532.335um 587.990um 532.885um
 579.370um 527.915um 579.535um 528.465um
 584.265um 527.915um 584.525um 528.465um
 584.795um 527.915um 585.055um 528.465um
 587.945um 527.915um 587.990um 528.465um
 579.370um 526.895um 579.535um 527.445um
 584.265um 526.895um 584.525um 527.445um
 584.795um 526.895um 585.055um 527.445um
 587.945um 526.895um 587.990um 527.445um
 580.655um 522.475um 580.915um 523.025um
 585.645um 522.475um 585.905um 523.025um
 586.175um 522.475um 586.435um 523.025um
 587.485um 522.475um 587.745um 523.025um
 579.370um 521.455um 579.535um 522.005um
 584.265um 521.455um 584.525um 522.005um
 584.795um 521.455um 585.055um 522.005um
 587.945um 521.455um 587.990um 522.005um
 579.370um 517.035um 579.535um 517.585um
 584.265um 517.035um 584.525um 517.585um
 584.795um 517.035um 585.055um 517.585um
 587.945um 517.035um 587.990um 517.585um
 579.370um 516.015um 579.535um 516.565um
 584.265um 516.015um 584.525um 516.565um
 584.795um 516.015um 585.055um 516.565um
 587.945um 516.015um 587.990um 516.565um
 579.370um 511.595um 579.535um 512.145um
 584.265um 511.595um 584.525um 512.145um
 584.795um 511.595um 585.055um 512.145um
 587.945um 511.595um 587.990um 512.145um
 579.370um 510.575um 579.535um 511.125um
 584.265um 510.575um 584.525um 511.125um
 584.795um 510.575um 585.055um 511.125um
 587.945um 510.575um 587.990um 511.125um
 580.195um 506.155um 580.455um 506.705um
 585.185um 506.155um 585.445um 506.705um
 585.715um 506.155um 585.975um 506.705um
 587.945um 506.155um 587.990um 506.705um
 579.510um 505.265um 579.780um 505.685um
 579.930um 505.265um 580.210um 505.685um
 580.360um 505.265um 580.640um 505.685um
 580.790um 505.265um 581.070um 505.685um
 581.220um 505.265um 581.500um 505.685um
 581.650um 505.265um 581.930um 505.685um
 582.080um 505.265um 582.360um 505.685um
 582.510um 505.265um 582.790um 505.685um
 582.940um 505.265um 583.220um 505.685um
 583.370um 505.265um 583.650um 505.685um
 583.800um 505.265um 584.065um 505.685um
 585.255um 505.135um 585.515um 505.685um
 587.485um 505.135um 587.745um 505.685um
 583.415um 500.715um 583.675um 501.265um
 584.265um 499.695um 584.525um 500.245um
 584.795um 499.695um 585.055um 500.245um
 579.370um 941.355um 579.535um 941.905um
 584.265um 941.355um 584.525um 941.905um
 584.795um 941.355um 585.055um 941.905um
 587.945um 941.355um 587.990um 941.905um
 579.370um 940.335um 579.535um 940.885um
 584.265um 940.335um 584.525um 940.885um
 584.795um 940.335um 585.055um 940.885um
 587.945um 940.335um 587.990um 940.885um
 579.370um 935.915um 579.535um 936.465um
 584.265um 935.915um 584.525um 936.465um
 584.795um 935.915um 585.055um 936.465um
 587.945um 935.915um 587.990um 936.465um
 579.370um 934.895um 579.535um 935.445um
 584.265um 934.895um 584.525um 935.445um
 584.795um 934.895um 585.055um 935.445um
 587.945um 934.895um 587.990um 935.445um
 583.280um 930.895um 583.530um 931.115um
 579.735um 930.475um 579.995um 930.895um
 580.145um 930.475um 580.415um 930.895um
 580.565um 930.475um 580.825um 930.895um
 581.095um 930.475um 581.355um 930.895um
 581.505um 930.835um 581.755um 930.895um
 582.550um 930.835um 582.800um 930.895um
 581.505um 930.475um 581.830um 930.835um
 581.980um 930.475um 582.310um 930.835um
 582.460um 930.475um 582.800um 930.835um
 582.950um 930.475um 583.530um 930.895um
 583.680um 930.835um 583.930um 931.115um
 584.775um 930.835um 585.025um 930.895um
 583.680um 930.475um 584.035um 930.835um
 584.185um 930.475um 584.550um 930.835um
 584.700um 930.475um 585.025um 930.835um
 585.175um 930.475um 585.460um 930.895um
 585.730um 930.475um 585.990um 931.125um
 586.140um 930.475um 586.465um 931.125um
 586.615um 930.475um 586.885um 931.125um
 587.035um 930.475um 587.320um 931.125um
 587.470um 930.475um 587.740um 931.125um
 587.890um 930.475um 587.990um 931.125um
 580.195um 929.455um 580.455um 930.005um
 585.185um 929.455um 585.445um 930.005um
 585.715um 929.455um 585.975um 930.005um
 587.025um 929.455um 587.285um 930.005um
 579.370um 925.035um 579.535um 925.585um
 584.265um 925.035um 584.525um 925.585um
 584.795um 925.035um 585.055um 925.585um
 587.945um 925.035um 587.990um 925.585um
 579.370um 924.015um 579.535um 924.565um
 584.265um 924.015um 584.525um 924.565um
 584.795um 924.015um 585.055um 924.565um
 587.945um 924.015um 587.990um 924.565um
 579.370um 919.595um 579.535um 920.145um
 584.265um 919.595um 584.525um 920.145um
 584.795um 919.595um 585.055um 920.145um
 587.945um 919.595um 587.990um 920.145um
 579.370um 918.575um 579.535um 919.125um
 584.265um 918.575um 584.525um 919.125um
 584.795um 918.575um 585.055um 919.125um
 587.945um 918.575um 587.990um 919.125um
 579.370um 914.155um 579.535um 914.705um
 584.265um 914.155um 584.525um 914.705um
 584.795um 914.155um 585.055um 914.705um
 587.945um 914.155um 587.990um 914.705um
 579.370um 913.135um 579.535um 913.685um
 584.265um 913.135um 584.525um 913.685um
 584.795um 913.135um 585.055um 913.685um
 587.945um 913.135um 587.990um 913.685um
 579.370um 908.715um 579.535um 909.265um
 584.265um 908.715um 584.525um 909.265um
 584.795um 908.715um 585.055um 909.265um
 587.945um 908.715um 587.990um 909.265um
 579.370um 907.695um 579.535um 908.245um
 584.265um 907.695um 584.525um 908.245um
 584.795um 907.695um 585.055um 908.245um
 587.945um 907.695um 587.990um 908.245um
 579.370um 903.275um 579.535um 903.825um
 584.265um 903.275um 584.525um 903.825um
 584.795um 903.275um 585.055um 903.825um
 587.945um 903.275um 587.990um 903.825um
 580.195um 902.255um 580.455um 902.805um
 585.185um 902.255um 585.445um 902.805um
 585.715um 902.255um 585.975um 902.805um
 587.945um 902.255um 587.990um 902.805um
 579.370um 897.835um 579.535um 898.385um
 584.265um 897.835um 584.525um 898.385um
 584.795um 897.835um 585.055um 898.385um
 587.945um 897.835um 587.990um 898.385um
 579.370um 896.815um 579.535um 897.365um
 584.265um 896.815um 584.525um 897.365um
 584.795um 896.815um 585.055um 897.365um
 587.945um 896.815um 587.990um 897.365um
 579.370um 892.395um 579.535um 892.945um
 584.265um 892.395um 584.525um 892.945um
 584.795um 892.395um 585.055um 892.945um
 587.945um 892.395um 587.990um 892.945um
 579.370um 891.375um 579.535um 891.925um
 584.265um 891.375um 584.525um 891.925um
 584.795um 891.375um 585.055um 891.925um
 587.945um 891.375um 587.990um 891.925um
 579.370um 886.955um 579.535um 887.505um
 584.265um 886.955um 584.525um 887.505um
 584.795um 886.955um 585.055um 887.505um
 587.945um 886.955um 587.990um 887.505um
 579.370um 885.935um 579.535um 886.485um
 584.265um 885.935um 584.525um 886.485um
 584.795um 885.935um 585.055um 886.485um
 587.945um 885.935um 587.990um 886.485um
 579.370um 881.515um 579.535um 882.065um
 584.265um 881.515um 584.525um 882.065um
 584.795um 881.515um 585.055um 882.065um
 587.945um 881.515um 587.990um 882.065um
 579.370um 880.495um 579.535um 881.045um
 584.265um 880.495um 584.525um 881.045um
 584.795um 880.495um 585.055um 881.045um
 587.945um 880.495um 587.990um 881.045um
 579.370um 876.075um 579.535um 876.625um
 584.265um 876.075um 584.525um 876.625um
 584.795um 876.075um 585.055um 876.625um
 587.945um 876.075um 587.990um 876.625um
 579.370um 874.955um 579.585um 875.605um
 579.735um 874.955um 580.015um 875.605um
 580.165um 874.955um 580.445um 875.605um
 580.595um 874.955um 580.875um 875.605um
 581.025um 874.955um 581.450um 875.605um
 581.600um 874.955um 581.810um 875.605um
 581.960um 874.955um 582.225um 875.605um
 584.335um 875.055um 584.595um 875.605um
 587.485um 875.055um 587.745um 875.605um
 580.195um 870.635um 580.455um 871.185um
 585.185um 870.635um 585.445um 871.185um
 585.715um 870.635um 585.975um 871.185um
 587.945um 870.635um 587.990um 871.185um
 579.370um 869.615um 579.535um 870.165um
 582.425um 869.615um 582.685um 870.165um
 585.255um 869.515um 585.520um 870.165um
 585.670um 869.515um 585.880um 870.165um
 586.030um 869.515um 586.455um 870.165um
 586.605um 869.515um 586.885um 870.165um
 587.035um 869.515um 587.315um 870.165um
 587.465um 869.515um 587.745um 870.165um
 587.895um 869.515um 587.990um 870.165um
 579.370um 865.195um 579.535um 865.745um
 584.265um 865.195um 584.525um 865.745um
 584.795um 865.195um 585.055um 865.745um
 587.945um 865.195um 587.990um 865.745um
 579.370um 864.175um 579.535um 864.725um
 584.265um 864.175um 584.525um 864.725um
 584.795um 864.175um 585.055um 864.725um
 587.945um 864.175um 587.990um 864.725um
 579.370um 859.755um 579.625um 860.175um
 579.775um 859.755um 580.055um 860.175um
 580.205um 859.755um 580.485um 860.175um
 580.635um 859.755um 580.915um 860.175um
 581.065um 859.755um 581.345um 860.175um
 581.495um 859.755um 581.775um 860.175um
 581.925um 859.755um 582.205um 860.175um
 582.355um 859.755um 582.635um 860.175um
 582.785um 859.755um 583.060um 860.175um
 583.210um 859.755um 583.490um 860.175um
 583.640um 859.755um 583.920um 860.175um
 584.070um 859.755um 584.350um 860.175um
 584.500um 859.755um 584.780um 860.175um
 584.930um 859.755um 585.210um 860.175um
 585.360um 859.755um 585.640um 860.175um
 585.790um 859.755um 586.070um 860.175um
 586.220um 859.755um 586.500um 860.175um
 586.650um 859.755um 586.930um 860.175um
 587.080um 859.755um 587.360um 860.175um
 587.510um 859.755um 587.790um 860.175um
 587.940um 859.755um 587.990um 860.175um
 579.370um 858.735um 579.535um 859.285um
 584.265um 858.735um 584.525um 859.285um
 584.795um 858.735um 585.055um 859.285um
 587.025um 858.735um 587.285um 859.285um
 579.370um 854.315um 579.535um 854.965um
 579.685um 854.315um 579.955um 854.965um
 580.105um 854.315um 580.375um 854.965um
 580.525um 854.315um 580.795um 854.965um
 580.945um 854.315um 581.215um 854.965um
 581.365um 854.315um 581.635um 854.965um
 581.785um 854.315um 582.055um 854.965um
 582.205um 854.315um 582.475um 854.965um
 582.625um 854.315um 582.895um 854.965um
 583.045um 854.315um 583.315um 854.965um
 583.465um 854.315um 583.735um 854.965um
 583.885um 854.315um 584.145um 854.965um
 585.715um 854.315um 585.975um 854.865um
 587.945um 854.315um 587.990um 854.865um
 580.195um 853.295um 580.455um 853.845um
 585.185um 853.295um 585.445um 853.845um
 585.715um 853.295um 585.975um 853.845um
 587.945um 853.295um 587.990um 853.845um
 579.370um 848.875um 579.535um 849.425um
 584.265um 848.875um 584.525um 849.425um
 584.795um 848.875um 585.055um 849.425um
 587.945um 848.875um 587.990um 849.425um
 579.370um 847.855um 579.535um 848.405um
 584.265um 847.855um 584.525um 848.405um
 584.795um 847.855um 585.055um 848.405um
 587.945um 847.855um 587.990um 848.405um
 579.370um 843.435um 579.535um 843.985um
 584.265um 843.435um 584.525um 843.985um
 584.795um 843.435um 585.055um 843.985um
 587.945um 843.435um 587.990um 843.985um
 579.370um 842.415um 579.535um 842.965um
 584.265um 842.415um 584.525um 842.965um
 584.795um 842.415um 585.055um 842.965um
 587.945um 842.415um 587.990um 842.965um
 579.370um 837.995um 579.535um 838.545um
 584.265um 837.995um 584.525um 838.545um
 584.795um 837.995um 585.055um 838.545um
 587.945um 837.995um 587.990um 838.545um
 579.370um 836.975um 579.535um 837.525um
 584.265um 836.975um 584.525um 837.525um
 584.795um 836.975um 585.055um 837.525um
 587.945um 836.975um 587.990um 837.525um
 579.370um 832.555um 579.535um 833.105um
 584.265um 832.555um 584.525um 833.105um
 584.795um 832.555um 585.055um 833.105um
 587.945um 832.555um 587.990um 833.105um
 579.370um 831.535um 579.535um 832.085um
 584.265um 831.535um 584.525um 832.085um
 584.795um 831.535um 585.055um 832.085um
 587.945um 831.535um 587.990um 832.085um
 579.370um 827.115um 579.535um 827.665um
 584.265um 827.115um 584.525um 827.665um
 584.795um 827.115um 585.055um 827.665um
 587.945um 827.115um 587.990um 827.665um
 579.370um 826.095um 579.535um 826.645um
 584.265um 826.095um 584.525um 826.645um
 584.795um 826.095um 585.055um 826.645um
 587.945um 826.095um 587.990um 826.645um
 579.370um 821.675um 579.535um 822.225um
 584.265um 821.675um 584.525um 822.225um
 584.795um 821.675um 585.055um 822.225um
 587.945um 821.675um 587.990um 822.225um
 580.195um 820.655um 580.455um 821.205um
 585.185um 820.655um 585.445um 821.205um
 585.715um 820.655um 585.975um 821.205um
 587.945um 820.655um 587.990um 821.205um
 579.370um 816.235um 579.535um 816.885um
 579.685um 816.235um 579.955um 816.885um
 580.105um 816.235um 580.375um 816.885um
 580.525um 816.235um 580.795um 816.885um
 580.945um 816.235um 581.215um 816.885um
 581.365um 816.235um 581.635um 816.885um
 581.785um 816.235um 582.055um 816.885um
 582.205um 816.235um 582.475um 816.885um
 582.625um 816.235um 582.895um 816.885um
 583.045um 816.235um 583.315um 816.885um
 583.465um 816.235um 583.735um 816.885um
 583.885um 816.235um 584.155um 816.885um
 584.305um 816.235um 584.575um 816.885um
 584.725um 816.235um 584.995um 816.885um
 585.145um 816.235um 585.415um 816.885um
 585.565um 816.235um 585.835um 816.885um
 585.985um 816.235um 586.365um 816.885um
 580.195um 815.215um 580.455um 815.765um
 585.185um 815.215um 585.445um 815.765um
 585.715um 815.215um 585.975um 815.765um
 587.945um 815.215um 587.990um 815.765um
 579.370um 810.795um 579.535um 811.345um
 584.265um 810.795um 584.525um 811.345um
 584.795um 810.795um 585.055um 811.345um
 587.945um 810.795um 587.990um 811.345um
 579.370um 809.775um 579.535um 810.325um
 584.265um 809.775um 584.525um 810.325um
 584.795um 809.775um 585.055um 810.325um
 587.945um 809.775um 587.990um 810.325um
 579.370um 805.355um 579.535um 805.905um
 584.265um 805.355um 584.525um 805.905um
 584.795um 805.355um 585.055um 805.905um
 587.945um 805.355um 587.990um 805.905um
 581.115um 804.335um 581.375um 804.885um
 586.105um 804.335um 586.365um 804.885um
 586.635um 804.335um 586.895um 804.885um
 587.945um 804.335um 587.990um 804.885um
 579.370um 799.915um 579.540um 800.335um
 579.690um 799.915um 579.970um 800.335um
 580.120um 799.915um 580.400um 800.335um
 580.550um 799.915um 580.830um 800.335um
 580.980um 799.915um 581.260um 800.335um
 581.410um 799.915um 581.690um 800.335um
 581.840um 799.915um 582.120um 800.335um
 582.270um 799.915um 582.550um 800.335um
 582.700um 799.915um 582.980um 800.335um
 583.130um 799.915um 583.410um 800.335um
 583.560um 799.915um 583.830um 800.335um
 585.255um 799.915um 585.515um 800.465um
 587.485um 799.915um 587.745um 800.465um
 579.370um 798.795um 579.540um 799.445um
 579.690um 798.795um 579.900um 799.445um
 580.050um 798.795um 580.475um 799.445um
 580.625um 798.795um 580.905um 799.445um
 581.055um 798.795um 581.335um 799.445um
 581.485um 798.795um 581.765um 799.445um
 581.915um 798.795um 582.200um 799.445um
 585.255um 798.795um 585.520um 799.445um
 585.670um 798.795um 585.880um 799.445um
 586.030um 798.795um 586.455um 799.445um
 586.605um 798.795um 586.885um 799.445um
 587.035um 798.795um 587.315um 799.445um
 587.465um 798.795um 587.745um 799.445um
 587.895um 798.795um 587.990um 799.445um
 579.535um 794.475um 579.795um 795.125um
 579.945um 794.475um 580.215um 795.125um
 580.365um 794.475um 580.635um 795.125um
 580.785um 794.475um 581.055um 795.125um
 581.205um 794.475um 581.475um 795.125um
 581.625um 794.475um 581.895um 795.125um
 582.045um 794.475um 582.315um 795.125um
 582.465um 794.475um 582.735um 795.125um
 582.885um 794.475um 583.145um 795.125um
 584.335um 794.475um 584.595um 795.025um
 587.485um 794.475um 587.745um 795.025um
 581.115um 793.455um 581.375um 794.005um
 586.105um 793.455um 586.365um 794.005um
 586.635um 793.455um 586.895um 794.005um
 587.945um 793.455um 587.990um 794.005um
 579.370um 789.035um 579.535um 789.585um
 584.265um 789.035um 584.525um 789.585um
 584.795um 789.035um 585.055um 789.585um
 587.945um 789.035um 587.990um 789.585um
 579.370um 788.145um 579.540um 788.565um
 579.690um 788.145um 580.015um 788.565um
 580.165um 788.145um 580.435um 788.565um
 580.585um 788.145um 580.845um 788.565um
 581.125um 787.915um 581.385um 788.565um
 581.535um 787.915um 581.805um 788.565um
 581.955um 787.915um 582.215um 788.565um
 585.715um 787.915um 585.975um 788.565um
 586.125um 787.915um 586.395um 788.565um
 586.545um 787.915um 586.815um 788.565um
 586.965um 787.915um 587.235um 788.565um
 587.385um 787.915um 587.655um 788.565um
 587.805um 787.915um 587.990um 788.565um
 579.510um 783.595um 579.780um 784.015um
 579.930um 783.595um 580.210um 784.015um
 580.360um 783.595um 580.640um 784.015um
 580.790um 783.595um 581.070um 784.015um
 581.220um 783.595um 581.500um 784.015um
 581.650um 783.595um 581.930um 784.015um
 582.080um 783.595um 582.360um 784.015um
 582.510um 783.595um 582.790um 784.015um
 582.940um 783.595um 583.220um 784.015um
 583.370um 783.595um 583.650um 784.015um
 583.800um 783.595um 584.065um 784.015um
 586.175um 783.595um 586.435um 784.145um
 587.025um 783.595um 587.285um 784.145um
 579.370um 782.705um 579.540um 783.125um
 579.690um 782.705um 579.970um 783.125um
 580.120um 782.705um 580.400um 783.125um
 580.550um 782.705um 580.830um 783.125um
 580.980um 782.705um 581.260um 783.125um
 581.410um 782.705um 581.690um 783.125um
 581.840um 782.705um 582.120um 783.125um
 582.270um 782.705um 582.550um 783.125um
 582.700um 782.705um 582.980um 783.125um
 583.130um 782.705um 583.410um 783.125um
 583.560um 782.705um 583.830um 783.125um
 586.175um 782.575um 586.435um 783.125um
 587.485um 782.575um 587.745um 783.125um
 579.535um 778.155um 579.795um 778.805um
 579.945um 778.155um 580.215um 778.805um
 580.365um 778.155um 580.635um 778.805um
 580.785um 778.155um 581.055um 778.805um
 581.205um 778.155um 581.475um 778.805um
 581.625um 778.155um 581.895um 778.805um
 582.045um 778.155um 582.315um 778.805um
 582.465um 778.155um 582.735um 778.805um
 582.885um 778.155um 583.145um 778.805um
 584.335um 778.155um 584.595um 778.705um
 587.485um 778.155um 587.745um 778.705um
 581.115um 777.135um 581.375um 777.685um
 586.105um 777.135um 586.365um 777.685um
 579.370um 772.715um 579.535um 773.265um
 582.425um 772.715um 582.685um 773.265um
 582.955um 772.715um 583.215um 773.265um
 583.805um 772.715um 584.065um 773.265um
 584.335um 772.715um 584.595um 773.365um
 584.745um 772.715um 585.015um 773.365um
 585.165um 772.715um 585.435um 773.365um
 585.585um 772.715um 585.855um 773.365um
 586.005um 772.715um 586.275um 773.365um
 586.425um 772.715um 586.695um 773.365um
 586.845um 772.715um 587.115um 773.365um
 587.265um 772.715um 587.535um 773.365um
 587.685um 772.715um 587.945um 773.365um
 579.370um 771.695um 579.535um 772.245um
 582.425um 771.695um 582.685um 772.245um
 585.855um 771.595um 586.115um 772.245um
 586.265um 771.595um 586.535um 772.245um
 586.685um 771.595um 586.955um 772.245um
 587.105um 771.595um 587.375um 772.245um
 587.525um 771.595um 587.795um 772.245um
 587.945um 771.595um 587.990um 772.245um
 579.370um 767.275um 579.535um 767.825um
 581.505um 767.275um 581.765um 767.825um
 584.335um 767.275um 584.595um 767.925um
 584.745um 767.275um 585.015um 767.925um
 585.165um 767.275um 585.435um 767.925um
 585.585um 767.275um 585.855um 767.925um
 586.005um 767.275um 586.275um 767.925um
 586.425um 767.275um 586.695um 767.925um
 586.845um 767.275um 587.115um 767.925um
 587.265um 767.275um 587.535um 767.925um
 587.685um 767.275um 587.945um 767.925um
 579.535um 766.155um 579.795um 766.805um
 579.945um 766.155um 580.215um 766.805um
 580.365um 766.155um 580.635um 766.805um
 580.785um 766.155um 581.055um 766.805um
 581.205um 766.155um 581.475um 766.805um
 581.625um 766.155um 581.895um 766.805um
 582.045um 766.155um 582.315um 766.805um
 582.465um 766.155um 582.735um 766.805um
 582.885um 766.155um 583.145um 766.805um
 585.715um 766.155um 585.975um 766.805um
 586.125um 766.155um 586.395um 766.805um
 586.545um 766.155um 586.815um 766.805um
 586.965um 766.155um 587.235um 766.805um
 587.385um 766.155um 587.655um 766.805um
 587.805um 766.155um 587.990um 766.805um
 580.195um 761.835um 580.455um 762.385um
 585.185um 761.835um 585.445um 762.385um
 579.370um 760.815um 579.535um 761.365um
 584.265um 760.815um 584.525um 761.365um
 585.715um 760.715um 585.975um 761.365um
 586.125um 760.715um 586.395um 761.365um
 586.545um 760.715um 586.815um 761.365um
 586.965um 760.715um 587.235um 761.365um
 587.385um 760.715um 587.655um 761.365um
 587.805um 760.715um 587.990um 761.365um
 579.370um 756.395um 579.535um 756.945um
 582.425um 756.395um 582.685um 756.945um
 582.955um 756.395um 583.215um 756.945um
 583.805um 756.395um 584.065um 756.945um
 584.335um 756.395um 584.595um 757.045um
 584.745um 756.395um 585.015um 757.045um
 585.165um 756.395um 585.435um 757.045um
 585.585um 756.395um 585.855um 757.045um
 586.005um 756.395um 586.275um 757.045um
 586.425um 756.395um 586.695um 757.045um
 586.845um 756.395um 587.115um 757.045um
 587.265um 756.395um 587.535um 757.045um
 587.685um 756.395um 587.945um 757.045um
 579.370um 755.375um 579.535um 755.925um
 584.265um 755.375um 584.525um 755.925um
 584.795um 755.375um 585.055um 755.925um
 586.105um 755.375um 586.365um 755.925um
 579.370um 750.955um 579.535um 751.505um
 584.265um 750.955um 584.525um 751.505um
 584.795um 750.955um 585.055um 751.505um
 587.945um 750.955um 587.990um 751.505um
 579.370um 749.935um 579.535um 750.485um
 584.265um 749.935um 584.525um 750.485um
 584.795um 749.935um 585.055um 750.485um
 587.945um 749.935um 587.990um 750.485um
 579.370um 745.515um 579.535um 746.065um
 584.265um 745.515um 584.525um 746.065um
 584.795um 745.515um 585.055um 746.065um
 587.945um 745.515um 587.990um 746.065um
 579.370um 744.495um 579.535um 745.045um
 584.265um 744.495um 584.525um 745.045um
 585.715um 744.395um 585.975um 745.045um
 586.125um 744.395um 586.395um 745.045um
 586.545um 744.395um 586.815um 745.045um
 586.965um 744.395um 587.235um 745.045um
 587.385um 744.395um 587.655um 745.045um
 587.805um 744.395um 587.990um 745.045um
 579.370um 740.075um 579.535um 740.625um
 584.265um 740.075um 584.525um 740.625um
 584.795um 740.075um 585.055um 740.625um
 587.025um 740.075um 587.285um 740.625um
 579.370um 739.055um 579.535um 739.605um
 584.265um 739.055um 584.525um 739.605um
 584.795um 739.055um 585.055um 739.605um
 587.945um 739.055um 587.990um 739.605um
 579.370um 734.635um 579.535um 735.185um
 584.265um 734.635um 584.525um 735.185um
 584.795um 734.635um 585.055um 735.185um
 587.945um 734.635um 587.990um 735.185um
 580.195um 733.615um 580.455um 734.165um
 585.185um 733.615um 585.445um 734.165um
 585.715um 733.615um 585.975um 734.165um
 587.945um 733.615um 587.990um 734.165um
 579.370um 729.195um 579.535um 729.745um
 584.265um 729.195um 584.525um 729.745um
 584.795um 729.195um 585.055um 729.745um
 587.945um 729.195um 587.990um 729.745um
 579.370um 728.175um 579.535um 728.725um
 584.265um 728.175um 584.525um 728.725um
 584.795um 728.175um 585.055um 728.725um
 587.945um 728.175um 587.990um 728.725um
 580.195um 723.755um 580.455um 724.305um
 582.425um 723.755um 582.685um 724.305um
 585.255um 723.755um 585.520um 724.405um
 585.670um 723.755um 585.880um 724.405um
 586.030um 723.755um 586.455um 724.405um
 586.605um 723.755um 586.885um 724.405um
 587.035um 723.755um 587.315um 724.405um
 587.465um 723.755um 587.745um 724.405um
 587.895um 723.755um 587.990um 724.405um
 579.370um 722.635um 579.540um 723.285um
 579.690um 722.635um 579.900um 723.285um
 580.050um 722.635um 580.475um 723.285um
 580.625um 722.635um 580.905um 723.285um
 581.055um 722.635um 581.335um 723.285um
 581.485um 722.635um 581.765um 723.285um
 581.915um 722.635um 582.200um 723.285um
 583.415um 722.735um 583.675um 723.285um
 586.565um 722.735um 586.825um 723.285um
 587.095um 722.735um 587.355um 723.285um
 587.945um 722.735um 587.990um 723.285um
 580.195um 718.315um 580.455um 718.865um
 585.185um 718.315um 585.445um 718.865um
 585.715um 718.315um 585.975um 718.865um
 587.945um 718.315um 587.990um 718.865um
 579.370um 717.295um 579.535um 717.845um
 584.265um 717.295um 584.525um 717.845um
 584.795um 717.295um 585.055um 717.845um
 587.945um 717.295um 587.990um 717.845um
 579.370um 712.875um 579.535um 713.425um
 584.265um 712.875um 584.525um 713.425um
 584.795um 712.875um 585.055um 713.425um
 587.945um 712.875um 587.990um 713.425um
 579.370um 711.855um 579.535um 712.405um
 584.265um 711.855um 584.525um 712.405um
 584.795um 711.855um 585.055um 712.405um
 587.945um 711.855um 587.990um 712.405um
 579.370um 707.435um 579.535um 707.985um
 584.265um 707.435um 584.525um 707.985um
 584.795um 707.435um 585.055um 707.985um
 587.945um 707.435um 587.990um 707.985um
 579.370um 706.415um 579.535um 706.965um
 584.265um 706.415um 584.525um 706.965um
 584.795um 706.415um 585.055um 706.965um
 587.945um 706.415um 587.990um 706.965um
 579.370um 701.995um 579.535um 702.545um
 584.265um 701.995um 584.525um 702.545um
 584.795um 701.995um 585.055um 702.545um
 587.945um 701.995um 587.990um 702.545um
 579.370um 700.975um 579.535um 701.525um
 584.265um 700.975um 584.525um 701.525um
 584.795um 700.975um 585.055um 701.525um
 587.945um 700.975um 587.990um 701.525um
 579.370um 696.555um 579.535um 697.105um
 584.265um 696.555um 584.525um 697.105um
 584.795um 696.555um 585.055um 697.105um
 587.945um 696.555um 587.990um 697.105um
 579.370um 695.535um 579.535um 696.085um
 584.265um 695.535um 584.525um 696.085um
 584.795um 695.535um 585.055um 696.085um
 587.945um 695.535um 587.990um 696.085um
 580.195um 691.115um 580.455um 691.665um
 585.185um 691.115um 585.445um 691.665um
 585.715um 691.115um 585.975um 691.665um
 587.945um 691.115um 587.990um 691.665um
 579.370um 690.095um 579.535um 690.645um
 584.265um 690.095um 584.525um 690.645um
 584.795um 690.095um 585.055um 690.645um
 587.945um 690.095um 587.990um 690.645um
 579.370um 685.675um 579.535um 686.225um
 584.265um 685.675um 584.525um 686.225um
 584.795um 685.675um 585.055um 686.225um
 587.945um 685.675um 587.990um 686.225um
 579.370um 684.655um 579.535um 685.205um
 584.265um 684.655um 584.525um 685.205um
 584.795um 684.655um 585.055um 685.205um
 587.945um 684.655um 587.990um 685.205um
 579.370um 680.235um 579.535um 680.785um
 584.265um 680.235um 584.525um 680.785um
 584.795um 680.235um 585.055um 680.785um
 587.945um 680.235um 587.990um 680.785um
 579.370um 679.215um 579.535um 679.765um
 584.265um 679.215um 584.525um 679.765um
 584.795um 679.215um 585.055um 679.765um
 587.945um 679.215um 587.990um 679.765um
 579.370um 674.795um 579.535um 675.345um
 584.265um 674.795um 584.525um 675.345um
 584.795um 674.795um 585.055um 675.345um
 587.945um 674.795um 587.990um 675.345um
 579.370um 673.775um 579.535um 674.325um
 584.265um 673.775um 584.525um 674.325um
 584.795um 673.775um 585.055um 674.325um
 587.945um 673.775um 587.990um 674.325um
 579.370um 669.355um 579.535um 669.905um
 584.265um 669.355um 584.525um 669.905um
 584.795um 669.355um 585.055um 669.905um
 587.945um 669.355um 587.990um 669.905um
 579.370um 668.335um 579.535um 668.885um
 584.265um 668.335um 584.525um 668.885um
 584.795um 668.335um 585.055um 668.885um
 587.945um 668.335um 587.990um 668.885um
 579.370um 663.915um 579.535um 664.465um
 584.265um 663.915um 584.525um 664.465um
 584.795um 663.915um 585.055um 664.465um
 587.945um 663.915um 587.990um 664.465um
 579.370um 662.895um 579.535um 663.445um
 584.265um 662.895um 584.525um 663.445um
 584.795um 662.895um 585.055um 663.445um
 587.945um 662.895um 587.990um 663.445um
 586.405um 659.035um 586.665um 659.125um
 579.370um 658.475um 579.535um 659.025um
 582.425um 658.475um 582.685um 659.025um
 585.425um 658.615um 585.705um 659.035um
 585.855um 658.615um 586.125um 659.035um
 586.275um 658.615um 586.665um 659.035um
 586.405um 658.475um 586.665um 658.615um
 586.815um 658.475um 587.205um 659.125um
 587.355um 658.475um 587.735um 659.125um
 579.370um 657.455um 579.535um 658.005um
 584.265um 657.455um 584.525um 658.005um
 584.795um 657.455um 585.055um 658.005um
 587.945um 657.455um 587.990um 658.005um
 579.370um 653.035um 579.535um 653.585um
 584.265um 653.035um 584.525um 653.585um
 584.795um 653.035um 585.055um 653.585um
 587.945um 653.035um 587.990um 653.585um
 580.195um 652.015um 580.455um 652.565um
 585.185um 652.015um 585.445um 652.565um
 585.715um 652.015um 585.975um 652.565um
 587.945um 652.015um 587.990um 652.565um
 579.370um 647.595um 579.540um 648.245um
 579.690um 647.595um 579.900um 648.245um
 580.050um 647.595um 580.475um 648.245um
 580.625um 647.595um 580.905um 648.245um
 581.055um 647.595um 581.335um 648.245um
 581.485um 647.595um 581.765um 648.245um
 581.915um 647.595um 582.200um 648.245um
 583.415um 647.595um 583.675um 648.145um
 586.565um 647.595um 586.825um 648.145um
 587.095um 647.595um 587.355um 648.145um
 587.945um 647.595um 587.990um 648.145um
 581.115um 646.575um 581.375um 647.125um
 586.105um 646.575um 586.365um 647.125um
 586.635um 646.575um 586.895um 647.125um
 587.945um 646.575um 587.990um 647.125um
 579.370um 642.155um 579.535um 642.705um
 584.265um 642.155um 584.525um 642.705um
 584.795um 642.155um 585.055um 642.705um
 587.945um 642.155um 587.990um 642.705um
 579.370um 641.135um 579.535um 641.685um
 584.265um 641.135um 584.525um 641.685um
 584.795um 641.135um 585.055um 641.685um
 587.945um 641.135um 587.990um 641.685um
 579.370um 636.715um 579.535um 637.265um
 584.265um 636.715um 584.525um 637.265um
 584.795um 636.715um 585.055um 637.265um
 587.945um 636.715um 587.990um 637.265um
 579.370um 635.695um 579.535um 636.245um
 584.265um 635.695um 584.525um 636.245um
 584.795um 635.695um 585.055um 636.245um
 587.945um 635.695um 587.990um 636.245um
 579.370um 631.275um 579.535um 631.825um
 584.265um 631.275um 584.525um 631.825um
 584.795um 631.275um 585.055um 631.825um
 587.945um 631.275um 587.990um 631.825um
 579.370um 630.255um 579.535um 630.805um
 584.265um 630.255um 584.525um 630.805um
 584.795um 630.255um 585.055um 630.805um
 587.945um 630.255um 587.990um 630.805um
 579.370um 1061.035um 579.535um 1061.585um
 584.265um 1061.035um 584.525um 1061.585um
 584.795um 1061.035um 585.055um 1061.585um
 587.945um 1061.080um 588.205um 1061.585um
 588.475um 1061.080um 588.735um 1061.585um
 589.325um 1061.080um 589.585um 1061.585um
 587.945um 1061.035um 587.990um 1061.080um
 579.370um 1060.015um 579.535um 1060.565um
 584.265um 1060.015um 584.525um 1060.565um
 584.795um 1060.015um 585.055um 1060.565um
 587.945um 1060.015um 587.990um 1060.565um
 582.035um 1055.595um 582.295um 1056.245um
 582.445um 1055.595um 582.705um 1056.245um
 582.975um 1055.595um 583.235um 1056.245um
 583.385um 1055.595um 583.710um 1056.245um
 583.860um 1055.595um 584.300um 1056.245um
 584.450um 1055.595um 584.800um 1056.245um
 584.950um 1055.595um 585.250um 1056.245um
 586.635um 1055.595um 586.895um 1056.145um
 587.945um 1055.595um 587.990um 1056.145um
 579.370um 1054.575um 579.535um 1055.125um
 584.265um 1054.575um 584.525um 1055.125um
 584.795um 1054.575um 585.055um 1055.125um
 587.945um 1054.575um 587.990um 1055.125um
 579.370um 1050.155um 579.535um 1050.705um
 584.265um 1050.155um 584.525um 1050.705um
 584.795um 1050.155um 585.055um 1050.705um
 587.945um 1050.155um 587.990um 1050.705um
 579.370um 1049.135um 579.535um 1049.685um
 584.265um 1049.135um 584.525um 1049.685um
 584.795um 1049.135um 585.055um 1049.685um
 587.945um 1049.135um 587.990um 1049.685um
 579.370um 1044.715um 579.535um 1045.265um
 584.265um 1044.715um 584.525um 1045.265um
 584.795um 1044.715um 585.055um 1045.265um
 587.945um 1044.715um 587.990um 1045.265um
 579.370um 1043.695um 579.535um 1044.245um
 584.265um 1043.695um 584.525um 1044.245um
 584.795um 1043.695um 585.055um 1044.245um
 587.945um 1043.695um 587.990um 1044.245um
 579.370um 1039.275um 579.535um 1039.825um
 584.265um 1039.275um 584.525um 1039.825um
 584.795um 1039.275um 585.055um 1039.825um
 587.945um 1039.275um 587.990um 1039.825um
 579.370um 1038.255um 579.535um 1038.805um
 584.265um 1038.255um 584.525um 1038.805um
 584.795um 1038.255um 585.055um 1038.805um
 587.945um 1038.255um 587.990um 1038.805um
 579.370um 1033.835um 579.535um 1034.385um
 584.265um 1033.835um 584.525um 1034.385um
 584.795um 1033.835um 585.055um 1034.385um
 587.945um 1033.835um 587.990um 1034.385um
 579.735um 1032.945um 579.995um 1033.365um
 580.145um 1032.945um 580.415um 1033.365um
 580.565um 1032.945um 580.825um 1033.365um
 581.095um 1032.945um 581.355um 1033.365um
 581.505um 1033.005um 581.830um 1033.365um
 581.980um 1033.005um 582.310um 1033.365um
 582.460um 1033.005um 582.800um 1033.365um
 581.505um 1032.945um 581.755um 1033.005um
 582.550um 1032.945um 582.800um 1033.005um
 582.950um 1032.945um 583.530um 1033.365um
 583.280um 1032.725um 583.530um 1032.945um
 583.680um 1033.005um 584.035um 1033.365um
 584.185um 1033.005um 584.550um 1033.365um
 584.700um 1033.005um 585.025um 1033.365um
 583.680um 1032.725um 583.930um 1033.005um
 584.775um 1032.945um 585.025um 1033.005um
 585.175um 1032.945um 585.460um 1033.365um
 585.730um 1032.715um 585.990um 1033.365um
 586.140um 1032.715um 586.465um 1033.365um
 586.615um 1032.715um 586.885um 1033.365um
 587.035um 1032.715um 587.320um 1033.365um
 587.470um 1032.715um 587.740um 1033.365um
 587.890um 1032.715um 587.990um 1033.365um
 580.195um 1028.395um 580.455um 1028.945um
 585.185um 1028.395um 585.445um 1028.945um
 585.715um 1028.395um 585.975um 1028.945um
 587.025um 1028.395um 587.285um 1028.945um
 579.370um 1027.375um 579.535um 1027.925um
 584.265um 1027.375um 584.525um 1027.925um
 584.795um 1027.375um 585.055um 1027.925um
 587.945um 1027.375um 587.990um 1027.925um
 579.370um 1022.955um 579.535um 1023.505um
 584.265um 1022.955um 584.525um 1023.505um
 584.795um 1022.955um 585.055um 1023.505um
 587.945um 1022.955um 587.990um 1023.505um
 580.430um 1022.065um 580.700um 1022.485um
 580.850um 1022.065um 581.130um 1022.485um
 581.280um 1022.065um 581.560um 1022.485um
 581.710um 1022.065um 581.990um 1022.485um
 582.140um 1022.065um 582.420um 1022.485um
 582.570um 1022.065um 582.850um 1022.485um
 583.000um 1022.065um 583.280um 1022.485um
 583.430um 1022.065um 583.710um 1022.485um
 583.860um 1022.065um 584.140um 1022.485um
 584.290um 1022.065um 584.570um 1022.485um
 584.720um 1022.065um 584.985um 1022.485um
 586.175um 1021.935um 586.435um 1022.485um
 587.485um 1021.935um 587.745um 1022.485um
 580.195um 1017.515um 580.460um 1017.935um
 580.610um 1017.515um 580.890um 1017.935um
 581.040um 1017.515um 581.320um 1017.935um
 581.470um 1017.515um 581.750um 1017.935um
 581.900um 1017.515um 582.180um 1017.935um
 582.330um 1017.515um 582.610um 1017.935um
 582.760um 1017.515um 583.040um 1017.935um
 583.190um 1017.515um 583.470um 1017.935um
 583.620um 1017.515um 583.900um 1017.935um
 584.050um 1017.515um 584.330um 1017.935um
 584.480um 1017.515um 584.750um 1017.935um
 585.255um 1017.515um 585.515um 1018.065um
 587.485um 1017.515um 587.745um 1018.065um
 579.370um 1016.495um 579.535um 1017.045um
 584.265um 1016.495um 584.525um 1017.045um
 584.795um 1016.495um 585.055um 1017.045um
 587.945um 1016.495um 587.990um 1017.045um
 579.370um 1012.075um 579.535um 1012.625um
 584.265um 1012.075um 584.525um 1012.625um
 584.795um 1012.075um 585.055um 1012.625um
 587.025um 1012.075um 587.285um 1012.625um
 579.370um 1011.055um 579.535um 1011.605um
 584.265um 1011.055um 584.525um 1011.605um
 584.795um 1011.055um 585.055um 1011.605um
 587.945um 1011.055um 587.990um 1011.605um
 583.280um 1007.055um 583.530um 1007.275um
 579.735um 1006.635um 579.995um 1007.055um
 580.145um 1006.635um 580.415um 1007.055um
 580.565um 1006.635um 580.825um 1007.055um
 581.095um 1006.635um 581.355um 1007.055um
 581.505um 1006.995um 581.755um 1007.055um
 582.550um 1006.995um 582.800um 1007.055um
 581.505um 1006.635um 581.830um 1006.995um
 581.980um 1006.635um 582.310um 1006.995um
 582.460um 1006.635um 582.800um 1006.995um
 582.950um 1006.635um 583.530um 1007.055um
 583.680um 1006.995um 583.930um 1007.275um
 584.775um 1006.995um 585.025um 1007.055um
 583.680um 1006.635um 584.035um 1006.995um
 584.185um 1006.635um 584.550um 1006.995um
 584.700um 1006.635um 585.025um 1006.995um
 585.175um 1006.635um 585.460um 1007.055um
 585.730um 1006.635um 585.990um 1007.285um
 586.140um 1006.635um 586.465um 1007.285um
 586.615um 1006.635um 586.885um 1007.285um
 587.035um 1006.635um 587.320um 1007.285um
 587.470um 1006.635um 587.740um 1007.285um
 587.890um 1006.635um 587.990um 1007.285um
 579.370um 1005.615um 579.535um 1006.165um
 584.265um 1005.615um 584.525um 1006.165um
 584.795um 1005.615um 585.055um 1006.165um
 587.025um 1005.615um 587.285um 1006.165um
 579.370um 1001.195um 579.535um 1001.745um
 584.265um 1001.195um 584.525um 1001.745um
 584.795um 1001.195um 585.055um 1001.745um
 587.945um 1001.195um 587.990um 1001.745um
 579.370um 1000.175um 579.535um 1000.725um
 584.265um 1000.175um 584.525um 1000.725um
 584.795um 1000.175um 585.055um 1000.725um
 587.945um 1000.175um 587.990um 1000.725um
 579.370um 995.755um 579.535um 996.305um
 584.265um 995.755um 584.525um 996.305um
 584.795um 995.755um 585.055um 996.305um
 587.945um 995.755um 587.990um 996.305um
 579.370um 994.735um 579.535um 995.285um
 584.265um 994.735um 584.525um 995.285um
 584.795um 994.735um 585.055um 995.285um
 587.945um 994.735um 587.990um 995.285um
 579.370um 990.315um 579.535um 990.865um
 584.265um 990.315um 584.525um 990.865um
 584.795um 990.315um 585.055um 990.865um
 587.945um 990.315um 587.990um 990.865um
 579.370um 989.295um 579.535um 989.845um
 584.265um 989.295um 584.525um 989.845um
 584.795um 989.295um 585.055um 989.845um
 587.945um 989.295um 587.990um 989.845um
 580.195um 984.875um 580.455um 985.425um
 585.185um 984.875um 585.445um 985.425um
 585.715um 984.875um 585.975um 985.425um
 587.945um 984.875um 587.990um 985.425um
 579.370um 983.855um 579.535um 984.405um
 584.265um 983.855um 584.525um 984.405um
 584.795um 983.855um 585.055um 984.405um
 587.945um 983.855um 587.990um 984.405um
 579.370um 979.435um 579.535um 979.985um
 584.265um 979.435um 584.525um 979.985um
 584.795um 979.435um 585.055um 979.985um
 587.945um 979.435um 587.990um 979.985um
 579.370um 978.415um 579.535um 978.965um
 584.265um 978.415um 584.525um 978.965um
 584.795um 978.415um 585.055um 978.965um
 587.945um 978.415um 587.990um 978.965um
 579.370um 973.995um 579.535um 974.545um
 584.265um 973.995um 584.525um 974.545um
 584.795um 973.995um 585.055um 974.545um
 587.025um 973.995um 587.285um 974.545um
 579.735um 973.105um 579.995um 973.525um
 580.145um 973.105um 580.415um 973.525um
 580.565um 973.105um 580.825um 973.525um
 581.095um 973.105um 581.355um 973.525um
 581.505um 973.165um 581.830um 973.525um
 581.980um 973.165um 582.310um 973.525um
 582.460um 973.165um 582.800um 973.525um
 581.505um 973.105um 581.755um 973.165um
 582.550um 973.105um 582.800um 973.165um
 582.950um 973.105um 583.530um 973.525um
 583.280um 972.885um 583.530um 973.105um
 583.680um 973.165um 584.035um 973.525um
 584.185um 973.165um 584.550um 973.525um
 584.700um 973.165um 585.025um 973.525um
 583.680um 972.885um 583.930um 973.165um
 584.775um 973.105um 585.025um 973.165um
 585.175um 973.105um 585.460um 973.525um
 585.730um 972.875um 585.990um 973.525um
 586.140um 972.875um 586.465um 973.525um
 586.615um 972.875um 586.885um 973.525um
 587.035um 972.875um 587.320um 973.525um
 587.470um 972.875um 587.740um 973.525um
 587.890um 972.875um 587.990um 973.525um
 579.370um 968.555um 579.535um 969.105um
 584.265um 968.555um 584.525um 969.105um
 584.795um 968.555um 585.055um 969.105um
 587.025um 968.555um 587.285um 969.105um
 579.370um 967.435um 579.655um 968.085um
 579.805um 967.435um 580.075um 968.085um
 580.225um 967.435um 580.495um 968.085um
 580.645um 967.435um 580.915um 968.085um
 581.065um 967.435um 581.335um 968.085um
 581.485um 967.435um 581.755um 968.085um
 581.905um 967.435um 582.175um 968.085um
 582.325um 967.435um 582.595um 968.085um
 582.745um 967.435um 583.015um 968.085um
 583.165um 967.435um 583.435um 968.085um
 583.585um 967.435um 583.855um 968.085um
 584.005um 967.435um 584.275um 968.085um
 584.425um 967.435um 584.695um 968.085um
 584.845um 967.435um 585.115um 968.085um
 585.265um 967.435um 585.535um 968.085um
 585.685um 967.435um 585.955um 968.085um
 586.105um 967.435um 586.365um 968.085um
 580.195um 963.115um 580.455um 963.665um
 585.185um 963.115um 585.445um 963.665um
 585.715um 963.115um 585.975um 963.665um
 587.945um 963.115um 587.990um 963.665um
 579.370um 962.095um 579.535um 962.645um
 584.265um 962.095um 584.525um 962.645um
 584.795um 962.095um 585.055um 962.645um
 587.945um 962.095um 587.990um 962.645um
 579.370um 957.675um 579.535um 958.225um
 584.265um 957.675um 584.525um 958.225um
 584.795um 957.675um 585.055um 958.225um
 587.945um 957.675um 587.990um 958.225um
 579.370um 956.655um 579.535um 957.205um
 584.265um 956.655um 584.525um 957.205um
 584.795um 956.655um 585.055um 957.205um
 587.945um 956.655um 587.990um 957.205um
 580.430um 952.235um 580.700um 952.655um
 580.850um 952.235um 581.130um 952.655um
 581.280um 952.235um 581.560um 952.655um
 581.710um 952.235um 581.990um 952.655um
 582.140um 952.235um 582.420um 952.655um
 582.570um 952.235um 582.850um 952.655um
 583.000um 952.235um 583.280um 952.655um
 583.430um 952.235um 583.710um 952.655um
 583.860um 952.235um 584.140um 952.655um
 584.290um 952.235um 584.570um 952.655um
 584.720um 952.235um 584.985um 952.655um
 586.175um 952.235um 586.435um 952.785um
 587.485um 952.235um 587.745um 952.785um
 580.195um 951.345um 580.460um 951.765um
 580.610um 951.345um 580.890um 951.765um
 581.040um 951.345um 581.320um 951.765um
 581.470um 951.345um 581.750um 951.765um
 581.900um 951.345um 582.180um 951.765um
 582.330um 951.345um 582.610um 951.765um
 582.760um 951.345um 583.040um 951.765um
 583.190um 951.345um 583.470um 951.765um
 583.620um 951.345um 583.900um 951.765um
 584.050um 951.345um 584.330um 951.765um
 584.480um 951.345um 584.750um 951.765um
 585.255um 951.215um 585.515um 951.765um
 587.485um 951.215um 587.745um 951.765um
 579.370um 946.795um 579.535um 947.345um
 584.265um 946.795um 584.525um 947.345um
 584.795um 946.795um 585.055um 947.345um
 587.945um 946.795um 587.990um 947.345um
 580.195um 945.775um 580.455um 946.325um
 585.185um 945.775um 585.445um 946.325um
 585.715um 945.775um 585.975um 946.325um
 587.025um 945.775um 587.285um 946.325um
----------------------------------------
[INFO] COUNT: 3483
[INFO] Should be divided by 3 or 4

