Starting…
Running 'Verilator.Lint' at 'runs/full_flow/01-verilator-lint'…
Logging subprocess to [repr.filename]'runs/full_flow/01-verilator-lint/verilator-lint.log'[/repr.filename]…
Running 'Checker.LintTimingConstructs' at 'runs/full_flow/02-checker-linttimingconstructs'…
Check for Lint Timing Errors clear.
Running 'Checker.LintErrors' at 'runs/full_flow/03-checker-linterrors'…
Check for Lint errors clear.
Running 'Checker.LintWarnings' at 'runs/full_flow/04-checker-lintwarnings'…
13 Lint warnings found.
Running 'Yosys.JsonHeader' at 'runs/full_flow/05-yosys-jsonheader'…
Logging subprocess to [repr.filename]'runs/full_flow/05-yosys-jsonheader/yosys-jsonheader.log'[/repr.filename]…
Running 'Yosys.Synthesis' at 'runs/full_flow/06-yosys-synthesis'…
Logging subprocess to [repr.filename]'runs/full_flow/06-yosys-synthesis/yosys-synthesis.log'[/repr.filename]…
Parsing synthesis checks…
Running 'Checker.YosysUnmappedCells' at 'runs/full_flow/07-checker-yosysunmappedcells'…
Check for Unmapped Yosys instances clear.
Running 'Checker.YosysSynthChecks' at 'runs/full_flow/08-checker-yosyssynthchecks'…
Check for Yosys check errors clear.
Running 'Checker.NetlistAssignStatements' at 'runs/full_flow/09-checker-netlistassignstatements'…
Running 'OpenROAD.CheckSDCFiles' at 'runs/full_flow/10-openroad-checksdcfiles'…
Running 'OpenROAD.CheckMacroInstances' at 'runs/full_flow/11-openroad-checkmacroinstances'…
Logging subprocess to [repr.filename]'runs/full_flow/11-openroad-checkmacroinstances/openroad-checkmacroinstances.log'[/repr.filename]…
Running 'OpenROAD.STAPrePNR' at 'runs/full_flow/12-openroad-staprepnr'…
Starting STA for the nom_tt_025C_1v80 timing corner…
Starting STA for the nom_ss_100C_1v60 timing corner…
Starting STA for the nom_ff_n40C_1v95 timing corner…
Starting STA for the min_tt_025C_1v80 timing corner…
Logging subprocess to [repr.filename]'runs/full_flow/12-openroad-staprepnr/nom_tt_025C_1v80/sta.log'[/repr.filename]…
Starting STA for the min_ss_100C_1v60 timing corner…
Logging subprocess to [repr.filename]'runs/full_flow/12-openroad-staprepnr/nom_ff_n40C_1v95/sta.log'[/repr.filename]…
Logging subprocess to [repr.filename]'runs/full_flow/12-openroad-staprepnr/min_tt_025C_1v80/sta.log'[/repr.filename]…
Logging subprocess to [repr.filename]'runs/full_flow/12-openroad-staprepnr/min_ss_100C_1v60/sta.log'[/repr.filename]…
Starting STA for the min_ff_n40C_1v95 timing corner…
Logging subprocess to [repr.filename]'runs/full_flow/12-openroad-staprepnr/nom_ss_100C_1v60/sta.log'[/repr.filename]…
Starting STA for the max_tt_025C_1v80 timing corner…
Starting STA for the max_ss_100C_1v60 timing corner…
Starting STA for the max_ff_n40C_1v95 timing corner…
Logging subprocess to [repr.filename]'runs/full_flow/12-openroad-staprepnr/min_ff_n40C_1v95/sta.log'[/repr.filename]…
Logging subprocess to [repr.filename]'runs/full_flow/12-openroad-staprepnr/max_tt_025C_1v80/sta.log'[/repr.filename]…
Logging subprocess to [repr.filename]'runs/full_flow/12-openroad-staprepnr/max_ss_100C_1v60/sta.log'[/repr.filename]…
Logging subprocess to [repr.filename]'runs/full_flow/12-openroad-staprepnr/max_ff_n40C_1v95/sta.log'[/repr.filename]…
Finished STA for the nom_tt_025C_1v80 timing corner.
Finished STA for the max_tt_025C_1v80 timing corner.
Finished STA for the nom_ff_n40C_1v95 timing corner.
Finished STA for the max_ss_100C_1v60 timing corner.
Finished STA for the min_tt_025C_1v80 timing corner.
Finished STA for the nom_ss_100C_1v60 timing corner.
Finished STA for the min_ff_n40C_1v95 timing corner.
Finished STA for the max_ff_n40C_1v95 timing corner.
Finished STA for the min_ss_100C_1v60 timing corner.
Running 'OpenROAD.Floorplan' at 'runs/full_flow/13-openroad-floorplan'…
Logging subprocess to [repr.filename]'runs/full_flow/13-openroad-floorplan/openroad-floorplan.log'[/repr.filename]…
[STA-1140] /home/bala/git_stuff/summer_internship/syn/RAM128_1RW1R/lib/nom_tt_025C_1v80/RAM128_1RW1R__nom_tt_025C_1v80.lib line 1, library RAM128_1RW1R already exists.
Running 'Odb.CheckMacroAntennaProperties' at 'runs/full_flow/14-odb-checkmacroantennaproperties'…
Logging subprocess to [repr.filename]'runs/full_flow/14-odb-checkmacroantennaproperties/odb-checkmacroantennaproperties.log'[/repr.filename]…
Running 'Odb.SetPowerConnections' at 'runs/full_flow/15-odb-setpowerconnections'…
Logging subprocess to [repr.filename]'runs/full_flow/15-odb-setpowerconnections/odb-setpowerconnections.log'[/repr.filename]…
Running 'Odb.ManualMacroPlacement' at 'runs/full_flow/16-odb-manualmacroplacement'…
Logging subprocess to [repr.filename]'runs/full_flow/16-odb-manualmacroplacement/odb-manualmacroplacement.log'[/repr.filename]…
Running 'OpenROAD.CutRows' at 'runs/full_flow/17-openroad-cutrows'…
Logging subprocess to [repr.filename]'runs/full_flow/17-openroad-cutrows/openroad-cutrows.log'[/repr.filename]…
[STA-1140] /home/bala/git_stuff/summer_internship/syn/RAM128_1RW1R/lib/nom_tt_025C_1v80/RAM128_1RW1R__nom_tt_025C_1v80.lib line 1, library RAM128_1RW1R already exists.
Running 'OpenROAD.TapEndcapInsertion' at 'runs/full_flow/18-openroad-tapendcapinsertion'…
Logging subprocess to [repr.filename]'runs/full_flow/18-openroad-tapendcapinsertion/openroad-tapendcapinsertion.log'[/repr.filename]…
[STA-1140] /home/bala/git_stuff/summer_internship/syn/RAM128_1RW1R/lib/nom_tt_025C_1v80/RAM128_1RW1R__nom_tt_025C_1v80.lib line 1, library RAM128_1RW1R already exists.
Running 'Odb.AddPDNObstructions' at 'runs/full_flow/19-odb-addpdnobstructions'…
'PDN_OBSTRUCTIONS' is not defined. Skipping 'Odb.AddPDNObstructions'…
Running 'OpenROAD.GeneratePDN' at 'runs/full_flow/20-openroad-generatepdn'…
'FP_PDN_CFG' not explicitly set, setting it to /nix/store/ifgrnqkf6pcsk2qzdn5bai2rvd4skbbc-python3-3.11.9-env/lib/python3.11/site-packages/librelane/scripts/openroad/common/pdn_cfg.tcl…
Logging subprocess to [repr.filename]'runs/full_flow/20-openroad-generatepdn/openroad-generatepdn.log'[/repr.filename]…
[STA-1140] /home/bala/git_stuff/summer_internship/syn/RAM128_1RW1R/lib/nom_tt_025C_1v80/RAM128_1RW1R__nom_tt_025C_1v80.lib line 1, library RAM128_1RW1R already exists.
[PDN-0110] No via inserted between met4 and met5 at (581.1000, 486.6400) - (582.7000, 487.8700) on VPWR
Running 'Odb.RemovePDNObstructions' at 'runs/full_flow/21-odb-removepdnobstructions'…
'PDN_OBSTRUCTIONS' is not defined. Skipping 'Odb.RemovePDNObstructions'…
Running 'Odb.AddRoutingObstructions' at 'runs/full_flow/22-odb-addroutingobstructions'…
'ROUTING_OBSTRUCTIONS' is not defined. Skipping 'Odb.AddRoutingObstructions'…
Running 'OpenROAD.GlobalPlacementSkipIO' at 'runs/full_flow/23-openroad-globalplacementskipio'…
'PL_TARGET_DENSITY_PCT' not explicitly set, using dynamically calculated target density: 61.087700…
Logging subprocess to [repr.filename]'runs/full_flow/23-openroad-globalplacementskipio/openroad-globalplacementskipio.log'[/repr.filename]…
[STA-1140] /home/bala/git_stuff/summer_internship/syn/RAM128_1RW1R/lib/nom_tt_025C_1v80/RAM128_1RW1R__nom_tt_025C_1v80.lib line 1, library RAM128_1RW1R already exists.
Running 'OpenROAD.IOPlacement' at 'runs/full_flow/24-openroad-ioplacement'…
Logging subprocess to [repr.filename]'runs/full_flow/24-openroad-ioplacement/openroad-ioplacement.log'[/repr.filename]…
[STA-1140] /home/bala/git_stuff/summer_internship/syn/RAM128_1RW1R/lib/nom_tt_025C_1v80/RAM128_1RW1R__nom_tt_025C_1v80.lib line 1, library RAM128_1RW1R already exists.
Running 'Odb.CustomIOPlacement' at 'runs/full_flow/25-odb-customioplacement'…
No custom floorplan file configured, skipping…
Running 'Odb.ApplyDEFTemplate' at 'runs/full_flow/26-odb-applydeftemplate'…
No DEF template provided, skipping…
Running 'OpenROAD.GlobalPlacement' at 'runs/full_flow/27-openroad-globalplacement'…
'PL_TARGET_DENSITY_PCT' not explicitly set, using dynamically calculated target density: 61.087700…
Logging subprocess to [repr.filename]'runs/full_flow/27-openroad-globalplacement/openroad-globalplacement.log'[/repr.filename]…
[STA-1140] /home/bala/git_stuff/summer_internship/syn/RAM128_1RW1R/lib/nom_tt_025C_1v80/RAM128_1RW1R__nom_tt_025C_1v80.lib line 1, library RAM128_1RW1R already exists.
Running 'Odb.WriteVerilogHeader' at 'runs/full_flow/28-odb-writeverilogheader'…
Logging subprocess to [repr.filename]'runs/full_flow/28-odb-writeverilogheader/odb-writeverilogheader.log'[/repr.filename]…
Running 'Checker.PowerGridViolations' at 'runs/full_flow/29-checker-powergridviolations'…
Check for power grid violations (as reported by OpenROAD PSM- you may ignore these if LVS passes) clear.
Running 'OpenROAD.STAMidPNR' at 'runs/full_flow/30-openroad-stamidpnr'…
Logging subprocess to [repr.filename]'runs/full_flow/30-openroad-stamidpnr/openroad-stamidpnr.log'[/repr.filename]…
[STA-1140] /home/bala/git_stuff/summer_internship/syn/RAM128_1RW1R/lib/nom_tt_025C_1v80/RAM128_1RW1R__nom_tt_025C_1v80.lib line 1, library RAM128_1RW1R already exists.
[GRT-0097] No global routing found for nets.
Running 'OpenROAD.RepairDesignPostGPL' at 'runs/full_flow/31-openroad-repairdesignpostgpl'…
Logging subprocess to [repr.filename]'runs/full_flow/31-openroad-repairdesignpostgpl/openroad-repairdesignpostgpl.log'[/repr.filename]…
[STA-1140] /home/bala/git_stuff/summer_internship/syn/RAM128_1RW1R/lib/min_ss_100C_1v60/RAM128_1RW1R__min_ss_100C_1v60.lib line 1, library RAM128_1RW1R already exists.
[STA-1140] /home/bala/OpenRAM/ciel/sky130/versions/0fe599b2afb6708d281543108caf8310912f54af/sky130A/libs.ref/sky130_fd_sc_hd/lib/sky130_fd_sc_hd__tt_025C_1v80.lib line 1, library sky130_fd_sc_hd__tt_025C_1v80 already exists.
[STA-1140] /home/bala/git_stuff/summer_internship/syn/RAM128_1RW1R/lib/nom_tt_025C_1v80/RAM128_1RW1R__nom_tt_025C_1v80.lib line 1, library RAM128_1RW1R already exists.
[STA-1140] /home/bala/git_stuff/summer_internship/syn/RAM128_1RW1R/lib/max_ff_n40C_1v95/RAM128_1RW1R__max_ff_n40C_1v95.lib line 1, library RAM128_1RW1R already exists.
[STA-1140] /home/bala/OpenRAM/ciel/sky130/versions/0fe599b2afb6708d281543108caf8310912f54af/sky130A/libs.ref/sky130_fd_sc_hd/lib/sky130_fd_sc_hd__ff_n40C_1v95.lib line 1, library sky130_fd_sc_hd__ff_n40C_1v95 already exists.
[STA-1140] /home/bala/git_stuff/summer_internship/syn/RAM128_1RW1R/lib/nom_ff_n40C_1v95/RAM128_1RW1R__nom_ff_n40C_1v95.lib line 1, library RAM128_1RW1R already exists.
[STA-1140] /home/bala/OpenRAM/ciel/sky130/versions/0fe599b2afb6708d281543108caf8310912f54af/sky130A/libs.ref/sky130_fd_sc_hd/lib/sky130_fd_sc_hd__ss_100C_1v60.lib line 1, library sky130_fd_sc_hd__ss_100C_1v60 already exists.
[STA-1140] /home/bala/git_stuff/summer_internship/syn/RAM128_1RW1R/lib/max_ss_100C_1v60/RAM128_1RW1R__max_ss_100C_1v60.lib line 1, library RAM128_1RW1R already exists.
[STA-1140] /home/bala/OpenRAM/ciel/sky130/versions/0fe599b2afb6708d281543108caf8310912f54af/sky130A/libs.ref/sky130_fd_sc_hd/lib/sky130_fd_sc_hd__tt_025C_1v80.lib line 1, library sky130_fd_sc_hd__tt_025C_1v80 already exists.
[STA-1140] /home/bala/git_stuff/summer_internship/syn/RAM128_1RW1R/lib/min_tt_025C_1v80/RAM128_1RW1R__min_tt_025C_1v80.lib line 1, library RAM128_1RW1R already exists.
[STA-1140] /home/bala/OpenRAM/ciel/sky130/versions/0fe599b2afb6708d281543108caf8310912f54af/sky130A/libs.ref/sky130_fd_sc_hd/lib/sky130_fd_sc_hd__ss_100C_1v60.lib line 1, library sky130_fd_sc_hd__ss_100C_1v60 already exists.
[STA-1140] /home/bala/git_stuff/summer_internship/syn/RAM128_1RW1R/lib/nom_ss_100C_1v60/RAM128_1RW1R__nom_ss_100C_1v60.lib line 1, library RAM128_1RW1R already exists.
[STA-1140] /home/bala/OpenRAM/ciel/sky130/versions/0fe599b2afb6708d281543108caf8310912f54af/sky130A/libs.ref/sky130_fd_sc_hd/lib/sky130_fd_sc_hd__ff_n40C_1v95.lib line 1, library sky130_fd_sc_hd__ff_n40C_1v95 already exists.
[STA-1140] /home/bala/git_stuff/summer_internship/syn/RAM128_1RW1R/lib/min_ff_n40C_1v95/RAM128_1RW1R__min_ff_n40C_1v95.lib line 1, library RAM128_1RW1R already exists.
[RSZ-0065] max wire length less than 6335u increases wire delays.
Running 'Odb.ManualGlobalPlacement' at 'runs/full_flow/32-odb-manualglobalplacement'…
'MANUAL_GLOBAL_PLACEMENTS' not set, skipping…
Running 'OpenROAD.DetailedPlacement' at 'runs/full_flow/33-openroad-detailedplacement'…
Logging subprocess to [repr.filename]'runs/full_flow/33-openroad-detailedplacement/openroad-detailedplacement.log'[/repr.filename]…
[STA-1140] /home/bala/git_stuff/summer_internship/syn/RAM128_1RW1R/lib/nom_tt_025C_1v80/RAM128_1RW1R__nom_tt_025C_1v80.lib line 1, library RAM128_1RW1R already exists.
Running 'OpenROAD.CTS' at 'runs/full_flow/34-openroad-cts'…
Logging subprocess to [repr.filename]'runs/full_flow/34-openroad-cts/openroad-cts.log'[/repr.filename]…
[STA-1140] /home/bala/git_stuff/summer_internship/syn/RAM128_1RW1R/lib/min_ss_100C_1v60/RAM128_1RW1R__min_ss_100C_1v60.lib line 1, library RAM128_1RW1R already exists.
[STA-1140] /home/bala/OpenRAM/ciel/sky130/versions/0fe599b2afb6708d281543108caf8310912f54af/sky130A/libs.ref/sky130_fd_sc_hd/lib/sky130_fd_sc_hd__tt_025C_1v80.lib line 1, library sky130_fd_sc_hd__tt_025C_1v80 already exists.
[STA-1140] /home/bala/git_stuff/summer_internship/syn/RAM128_1RW1R/lib/nom_tt_025C_1v80/RAM128_1RW1R__nom_tt_025C_1v80.lib line 1, library RAM128_1RW1R already exists.
[STA-1140] /home/bala/git_stuff/summer_internship/syn/RAM128_1RW1R/lib/max_ff_n40C_1v95/RAM128_1RW1R__max_ff_n40C_1v95.lib line 1, library RAM128_1RW1R already exists.
[STA-1140] /home/bala/OpenRAM/ciel/sky130/versions/0fe599b2afb6708d281543108caf8310912f54af/sky130A/libs.ref/sky130_fd_sc_hd/lib/sky130_fd_sc_hd__ff_n40C_1v95.lib line 1, library sky130_fd_sc_hd__ff_n40C_1v95 already exists.
[STA-1140] /home/bala/git_stuff/summer_internship/syn/RAM128_1RW1R/lib/nom_ff_n40C_1v95/RAM128_1RW1R__nom_ff_n40C_1v95.lib line 1, library RAM128_1RW1R already exists.
[STA-1140] /home/bala/OpenRAM/ciel/sky130/versions/0fe599b2afb6708d281543108caf8310912f54af/sky130A/libs.ref/sky130_fd_sc_hd/lib/sky130_fd_sc_hd__ss_100C_1v60.lib line 1, library sky130_fd_sc_hd__ss_100C_1v60 already exists.
[STA-1140] /home/bala/git_stuff/summer_internship/syn/RAM128_1RW1R/lib/max_ss_100C_1v60/RAM128_1RW1R__max_ss_100C_1v60.lib line 1, library RAM128_1RW1R already exists.
[STA-1140] /home/bala/OpenRAM/ciel/sky130/versions/0fe599b2afb6708d281543108caf8310912f54af/sky130A/libs.ref/sky130_fd_sc_hd/lib/sky130_fd_sc_hd__tt_025C_1v80.lib line 1, library sky130_fd_sc_hd__tt_025C_1v80 already exists.
[STA-1140] /home/bala/git_stuff/summer_internship/syn/RAM128_1RW1R/lib/min_tt_025C_1v80/RAM128_1RW1R__min_tt_025C_1v80.lib line 1, library RAM128_1RW1R already exists.
[STA-1140] /home/bala/OpenRAM/ciel/sky130/versions/0fe599b2afb6708d281543108caf8310912f54af/sky130A/libs.ref/sky130_fd_sc_hd/lib/sky130_fd_sc_hd__ss_100C_1v60.lib line 1, library sky130_fd_sc_hd__ss_100C_1v60 already exists.
[STA-1140] /home/bala/git_stuff/summer_internship/syn/RAM128_1RW1R/lib/nom_ss_100C_1v60/RAM128_1RW1R__nom_ss_100C_1v60.lib line 1, library RAM128_1RW1R already exists.
[STA-1140] /home/bala/OpenRAM/ciel/sky130/versions/0fe599b2afb6708d281543108caf8310912f54af/sky130A/libs.ref/sky130_fd_sc_hd/lib/sky130_fd_sc_hd__ff_n40C_1v95.lib line 1, library sky130_fd_sc_hd__ff_n40C_1v95 already exists.
[STA-1140] /home/bala/git_stuff/summer_internship/syn/RAM128_1RW1R/lib/min_ff_n40C_1v95/RAM128_1RW1R__min_ff_n40C_1v95.lib line 1, library RAM128_1RW1R already exists.
Running 'OpenROAD.STAMidPNR-1' at 'runs/full_flow/35-openroad-stamidpnr-1'…
Logging subprocess to [repr.filename]'runs/full_flow/35-openroad-stamidpnr-1/openroad-stamidpnr-1.log'[/repr.filename]…
[STA-1140] /home/bala/git_stuff/summer_internship/syn/RAM128_1RW1R/lib/nom_tt_025C_1v80/RAM128_1RW1R__nom_tt_025C_1v80.lib line 1, library RAM128_1RW1R already exists.
[GRT-0097] No global routing found for nets.
Running 'OpenROAD.ResizerTimingPostCTS' at 'runs/full_flow/36-openroad-resizertimingpostcts'…
Logging subprocess to [repr.filename]'runs/full_flow/36-openroad-resizertimingpostcts/openroad-resizertimingpostcts.log'[/repr.filename]…
[STA-1140] /home/bala/git_stuff/summer_internship/syn/RAM128_1RW1R/lib/min_ss_100C_1v60/RAM128_1RW1R__min_ss_100C_1v60.lib line 1, library RAM128_1RW1R already exists.
[STA-1140] /home/bala/OpenRAM/ciel/sky130/versions/0fe599b2afb6708d281543108caf8310912f54af/sky130A/libs.ref/sky130_fd_sc_hd/lib/sky130_fd_sc_hd__tt_025C_1v80.lib line 1, library sky130_fd_sc_hd__tt_025C_1v80 already exists.
[STA-1140] /home/bala/git_stuff/summer_internship/syn/RAM128_1RW1R/lib/nom_tt_025C_1v80/RAM128_1RW1R__nom_tt_025C_1v80.lib line 1, library RAM128_1RW1R already exists.
[STA-1140] /home/bala/git_stuff/summer_internship/syn/RAM128_1RW1R/lib/max_ff_n40C_1v95/RAM128_1RW1R__max_ff_n40C_1v95.lib line 1, library RAM128_1RW1R already exists.
[STA-1140] /home/bala/OpenRAM/ciel/sky130/versions/0fe599b2afb6708d281543108caf8310912f54af/sky130A/libs.ref/sky130_fd_sc_hd/lib/sky130_fd_sc_hd__ff_n40C_1v95.lib line 1, library sky130_fd_sc_hd__ff_n40C_1v95 already exists.
[STA-1140] /home/bala/git_stuff/summer_internship/syn/RAM128_1RW1R/lib/nom_ff_n40C_1v95/RAM128_1RW1R__nom_ff_n40C_1v95.lib line 1, library RAM128_1RW1R already exists.
[STA-1140] /home/bala/OpenRAM/ciel/sky130/versions/0fe599b2afb6708d281543108caf8310912f54af/sky130A/libs.ref/sky130_fd_sc_hd/lib/sky130_fd_sc_hd__ss_100C_1v60.lib line 1, library sky130_fd_sc_hd__ss_100C_1v60 already exists.
[STA-1140] /home/bala/git_stuff/summer_internship/syn/RAM128_1RW1R/lib/max_ss_100C_1v60/RAM128_1RW1R__max_ss_100C_1v60.lib line 1, library RAM128_1RW1R already exists.
[STA-1140] /home/bala/OpenRAM/ciel/sky130/versions/0fe599b2afb6708d281543108caf8310912f54af/sky130A/libs.ref/sky130_fd_sc_hd/lib/sky130_fd_sc_hd__tt_025C_1v80.lib line 1, library sky130_fd_sc_hd__tt_025C_1v80 already exists.
[STA-1140] /home/bala/git_stuff/summer_internship/syn/RAM128_1RW1R/lib/min_tt_025C_1v80/RAM128_1RW1R__min_tt_025C_1v80.lib line 1, library RAM128_1RW1R already exists.
[STA-1140] /home/bala/OpenRAM/ciel/sky130/versions/0fe599b2afb6708d281543108caf8310912f54af/sky130A/libs.ref/sky130_fd_sc_hd/lib/sky130_fd_sc_hd__ss_100C_1v60.lib line 1, library sky130_fd_sc_hd__ss_100C_1v60 already exists.
[STA-1140] /home/bala/git_stuff/summer_internship/syn/RAM128_1RW1R/lib/nom_ss_100C_1v60/RAM128_1RW1R__nom_ss_100C_1v60.lib line 1, library RAM128_1RW1R already exists.
[STA-1140] /home/bala/OpenRAM/ciel/sky130/versions/0fe599b2afb6708d281543108caf8310912f54af/sky130A/libs.ref/sky130_fd_sc_hd/lib/sky130_fd_sc_hd__ff_n40C_1v95.lib line 1, library sky130_fd_sc_hd__ff_n40C_1v95 already exists.
[STA-1140] /home/bala/git_stuff/summer_internship/syn/RAM128_1RW1R/lib/min_ff_n40C_1v95/RAM128_1RW1R__min_ff_n40C_1v95.lib line 1, library RAM128_1RW1R already exists.
Running 'OpenROAD.STAMidPNR-2' at 'runs/full_flow/37-openroad-stamidpnr-2'…
Logging subprocess to [repr.filename]'runs/full_flow/37-openroad-stamidpnr-2/openroad-stamidpnr-2.log'[/repr.filename]…
[STA-1140] /home/bala/git_stuff/summer_internship/syn/RAM128_1RW1R/lib/nom_tt_025C_1v80/RAM128_1RW1R__nom_tt_025C_1v80.lib line 1, library RAM128_1RW1R already exists.
[GRT-0097] No global routing found for nets.
Running 'OpenROAD.GlobalRouting' at 'runs/full_flow/38-openroad-globalrouting'…
Logging subprocess to [repr.filename]'runs/full_flow/38-openroad-globalrouting/openroad-globalrouting.log'[/repr.filename]…
[STA-1140] /home/bala/git_stuff/summer_internship/syn/RAM128_1RW1R/lib/nom_tt_025C_1v80/RAM128_1RW1R__nom_tt_025C_1v80.lib line 1, library RAM128_1RW1R already exists.
Running 'OpenROAD.CheckAntennas' at 'runs/full_flow/39-openroad-checkantennas'…
Logging subprocess to [repr.filename]'runs/full_flow/39-openroad-checkantennas/openroad-checkantennas.log'[/repr.filename]…
[STA-1140] /home/bala/git_stuff/summer_internship/syn/RAM128_1RW1R/lib/nom_tt_025C_1v80/RAM128_1RW1R__nom_tt_025C_1v80.lib line 1, library RAM128_1RW1R already exists.
Running 'OpenROAD.RepairDesignPostGRT' at 'runs/full_flow/40-openroad-repairdesignpostgrt'…
Logging subprocess to [repr.filename]'runs/full_flow/40-openroad-repairdesignpostgrt/openroad-repairdesignpostgrt.log'[/repr.filename]…
[STA-1140] /home/bala/git_stuff/summer_internship/syn/RAM128_1RW1R/lib/min_ss_100C_1v60/RAM128_1RW1R__min_ss_100C_1v60.lib line 1, library RAM128_1RW1R already exists.
[STA-1140] /home/bala/OpenRAM/ciel/sky130/versions/0fe599b2afb6708d281543108caf8310912f54af/sky130A/libs.ref/sky130_fd_sc_hd/lib/sky130_fd_sc_hd__tt_025C_1v80.lib line 1, library sky130_fd_sc_hd__tt_025C_1v80 already exists.
[STA-1140] /home/bala/git_stuff/summer_internship/syn/RAM128_1RW1R/lib/nom_tt_025C_1v80/RAM128_1RW1R__nom_tt_025C_1v80.lib line 1, library RAM128_1RW1R already exists.
[STA-1140] /home/bala/git_stuff/summer_internship/syn/RAM128_1RW1R/lib/max_ff_n40C_1v95/RAM128_1RW1R__max_ff_n40C_1v95.lib line 1, library RAM128_1RW1R already exists.
[STA-1140] /home/bala/OpenRAM/ciel/sky130/versions/0fe599b2afb6708d281543108caf8310912f54af/sky130A/libs.ref/sky130_fd_sc_hd/lib/sky130_fd_sc_hd__ff_n40C_1v95.lib line 1, library sky130_fd_sc_hd__ff_n40C_1v95 already exists.
[STA-1140] /home/bala/git_stuff/summer_internship/syn/RAM128_1RW1R/lib/nom_ff_n40C_1v95/RAM128_1RW1R__nom_ff_n40C_1v95.lib line 1, library RAM128_1RW1R already exists.
[STA-1140] /home/bala/OpenRAM/ciel/sky130/versions/0fe599b2afb6708d281543108caf8310912f54af/sky130A/libs.ref/sky130_fd_sc_hd/lib/sky130_fd_sc_hd__ss_100C_1v60.lib line 1, library sky130_fd_sc_hd__ss_100C_1v60 already exists.
[STA-1140] /home/bala/git_stuff/summer_internship/syn/RAM128_1RW1R/lib/max_ss_100C_1v60/RAM128_1RW1R__max_ss_100C_1v60.lib line 1, library RAM128_1RW1R already exists.
[STA-1140] /home/bala/OpenRAM/ciel/sky130/versions/0fe599b2afb6708d281543108caf8310912f54af/sky130A/libs.ref/sky130_fd_sc_hd/lib/sky130_fd_sc_hd__tt_025C_1v80.lib line 1, library sky130_fd_sc_hd__tt_025C_1v80 already exists.
[STA-1140] /home/bala/git_stuff/summer_internship/syn/RAM128_1RW1R/lib/min_tt_025C_1v80/RAM128_1RW1R__min_tt_025C_1v80.lib line 1, library RAM128_1RW1R already exists.
[STA-1140] /home/bala/OpenRAM/ciel/sky130/versions/0fe599b2afb6708d281543108caf8310912f54af/sky130A/libs.ref/sky130_fd_sc_hd/lib/sky130_fd_sc_hd__ss_100C_1v60.lib line 1, library sky130_fd_sc_hd__ss_100C_1v60 already exists.
[STA-1140] /home/bala/git_stuff/summer_internship/syn/RAM128_1RW1R/lib/nom_ss_100C_1v60/RAM128_1RW1R__nom_ss_100C_1v60.lib line 1, library RAM128_1RW1R already exists.
[STA-1140] /home/bala/OpenRAM/ciel/sky130/versions/0fe599b2afb6708d281543108caf8310912f54af/sky130A/libs.ref/sky130_fd_sc_hd/lib/sky130_fd_sc_hd__ff_n40C_1v95.lib line 1, library sky130_fd_sc_hd__ff_n40C_1v95 already exists.
[STA-1140] /home/bala/git_stuff/summer_internship/syn/RAM128_1RW1R/lib/min_ff_n40C_1v95/RAM128_1RW1R__min_ff_n40C_1v95.lib line 1, library RAM128_1RW1R already exists.
Running 'Odb.DiodesOnPorts' at 'runs/full_flow/41-odb-diodesonports'…
'DIODE_ON_PORTS' is set to 'none': skipping…
Running 'Odb.HeuristicDiodeInsertion' at 'runs/full_flow/42-odb-heuristicdiodeinsertion'…
Running 'Odb.FuzzyDiodePlacement' at 'runs/full_flow/42-odb-heuristicdiodeinsertion/1-odb-fuzzydiodeplacement'…
'GPL_CELL_PADDING' is set to 0. This step may cause overlap failures.
Logging subprocess to [repr.filename]'runs/full_flow/42-odb-heuristicdiodeinsertion/1-odb-fuzzydiodeplacement/odb-fuzzydiodeplacement.log'[/repr.filename]…
Running 'OpenROAD.DetailedPlacement' at 'runs/full_flow/42-odb-heuristicdiodeinsertion/2-openroad-detailedplacement'…
Logging subprocess to [repr.filename]'runs/full_flow/42-odb-heuristicdiodeinsertion/2-openroad-detailedplacement/openroad-detailedplacement.log'[/repr.filename]…
[STA-1140] /home/bala/git_stuff/summer_internship/syn/RAM128_1RW1R/lib/nom_tt_025C_1v80/RAM128_1RW1R__nom_tt_025C_1v80.lib line 1, library RAM128_1RW1R already exists.
Running 'OpenROAD.GlobalRouting' at 'runs/full_flow/42-odb-heuristicdiodeinsertion/3-openroad-globalrouting'…
Logging subprocess to [repr.filename]'runs/full_flow/42-odb-heuristicdiodeinsertion/3-openroad-globalrouting/openroad-globalrouting.log'[/repr.filename]…
[STA-1140] /home/bala/git_stuff/summer_internship/syn/RAM128_1RW1R/lib/nom_tt_025C_1v80/RAM128_1RW1R__nom_tt_025C_1v80.lib line 1, library RAM128_1RW1R already exists.
Running 'OpenROAD.RepairAntennas' at 'runs/full_flow/43-openroad-repairantennas'…
Running 'DiodeInsertion' at 'runs/full_flow/43-openroad-repairantennas/1-diodeinsertion'…
Logging subprocess to [repr.filename]'runs/full_flow/43-openroad-repairantennas/1-diodeinsertion/diodeinsertion.log'[/repr.filename]…
[STA-1140] /home/bala/git_stuff/summer_internship/syn/RAM128_1RW1R/lib/nom_tt_025C_1v80/RAM128_1RW1R__nom_tt_025C_1v80.lib line 1, library RAM128_1RW1R already exists.
Running 'OpenROAD.CheckAntennas' at 'runs/full_flow/43-openroad-repairantennas/2-openroad-checkantennas'…
Logging subprocess to [repr.filename]'runs/full_flow/43-openroad-repairantennas/2-openroad-checkantennas/openroad-checkantennas.log'[/repr.filename]…
[STA-1140] /home/bala/git_stuff/summer_internship/syn/RAM128_1RW1R/lib/nom_tt_025C_1v80/RAM128_1RW1R__nom_tt_025C_1v80.lib line 1, library RAM128_1RW1R already exists.
Gating variable for step 'OpenROAD.ResizerTimingPostGRT' set to 'False'- the step will be skipped.
Skipping step 'Resizer Timing Optimizations (Post-Global Routing)'…
Running 'OpenROAD.STAMidPNR-3' at 'runs/full_flow/44-openroad-stamidpnr-3'…
Logging subprocess to [repr.filename]'runs/full_flow/44-openroad-stamidpnr-3/openroad-stamidpnr-3.log'[/repr.filename]…
[STA-1140] /home/bala/git_stuff/summer_internship/syn/RAM128_1RW1R/lib/nom_tt_025C_1v80/RAM128_1RW1R__nom_tt_025C_1v80.lib line 1, library RAM128_1RW1R already exists.
Running 'OpenROAD.DetailedRouting' at 'runs/full_flow/45-openroad-detailedrouting'…
Running TritonRoute with 16 threads…
Logging subprocess to [repr.filename]'runs/full_flow/45-openroad-detailedrouting/openroad-detailedrouting.log'[/repr.filename]…
[STA-1140] /home/bala/git_stuff/summer_internship/syn/RAM128_1RW1R/lib/nom_tt_025C_1v80/RAM128_1RW1R__nom_tt_025C_1v80.lib line 1, library RAM128_1RW1R already exists.
[DRT-0349] LEF58_ENCLOSURE with no CUTCLASS is not supported. Skipping for layer mcon
[DRT-0349] LEF58_ENCLOSURE with no CUTCLASS is not supported. Skipping for layer mcon
[DRT-0349] LEF58_ENCLOSURE with no CUTCLASS is not supported. Skipping for layer via
[DRT-0349] LEF58_ENCLOSURE with no CUTCLASS is not supported. Skipping for layer via
[DRT-0349] LEF58_ENCLOSURE with no CUTCLASS is not supported. Skipping for layer via2
[DRT-0349] LEF58_ENCLOSURE with no CUTCLASS is not supported. Skipping for layer via2
[DRT-0349] LEF58_ENCLOSURE with no CUTCLASS is not supported. Skipping for layer via3
[DRT-0349] LEF58_ENCLOSURE with no CUTCLASS is not supported. Skipping for layer via3
[DRT-0349] LEF58_ENCLOSURE with no CUTCLASS is not supported. Skipping for layer via4
[DRT-0349] LEF58_ENCLOSURE with no CUTCLASS is not supported. Skipping for layer via4
[DRT-0120] Large net _04935_ has 130 pins which may impact routing performance. Consider optimization.
[DRT-0120] Large net _04943_ has 130 pins which may impact routing performance. Consider optimization.
[DRT-0120] Large net _04945_ has 130 pins which may impact routing performance. Consider optimization.
[DRT-0120] Large net _04947_ has 130 pins which may impact routing performance. Consider optimization.
[DRT-0120] Large net _04949_ has 130 pins which may impact routing performance. Consider optimization.
[DRT-0120] Large net _04951_ has 130 pins which may impact routing performance. Consider optimization.
[DRT-0120] Large net _04953_ has 130 pins which may impact routing performance. Consider optimization.
[DRT-0120] Large net _04955_ has 130 pins which may impact routing performance. Consider optimization.
[DRT-0120] Large net _04957_ has 130 pins which may impact routing performance. Consider optimization.
[DRT-0120] Large net _04966_ has 130 pins which may impact routing performance. Consider optimization.
[DRT-0120] Large net _04967_ has 130 pins which may impact routing performance. Consider optimization.
[DRT-0120] Large net _04968_ has 130 pins which may impact routing performance. Consider optimization.
[DRT-0120] Large net _04969_ has 130 pins which may impact routing performance. Consider optimization.
[DRT-0120] Large net _04970_ has 130 pins which may impact routing performance. Consider optimization.
[DRT-0120] Large net _04971_ has 130 pins which may impact routing performance. Consider optimization.
[DRT-0120] Large net _04972_ has 130 pins which may impact routing performance. Consider optimization.
[DRT-0120] Large net _04973_ has 130 pins which may impact routing performance. Consider optimization.
[DRT-0120] Large net _04975_ has 130 pins which may impact routing performance. Consider optimization.
[DRT-0120] Large net _04977_ has 130 pins which may impact routing performance. Consider optimization.
[DRT-0120] Large net _04978_ has 130 pins which may impact routing performance. Consider optimization.
[DRT-0120] Large net _04979_ has 130 pins which may impact routing performance. Consider optimization.
[DRT-0120] Large net _04980_ has 130 pins which may impact routing performance. Consider optimization.
[DRT-0120] Large net _04981_ has 130 pins which may impact routing performance. Consider optimization.
[DRT-0120] Large net _04982_ has 130 pins which may impact routing performance. Consider optimization.
[DRT-0120] Large net _04983_ has 130 pins which may impact routing performance. Consider optimization.
[DRT-0120] Large net _04984_ has 130 pins which may impact routing performance. Consider optimization.
[DRT-0120] Large net _04998_ has 130 pins which may impact routing performance. Consider optimization.
[DRT-0120] Large net _05001_ has 130 pins which may impact routing performance. Consider optimization.
[DRT-0120] Large net _05002_ has 130 pins which may impact routing performance. Consider optimization.
[DRT-0120] Large net _05003_ has 130 pins which may impact routing performance. Consider optimization.
[DRT-0120] Large net _05004_ has 130 pins which may impact routing performance. Consider optimization.
[DRT-0120] Large net _05005_ has 130 pins which may impact routing performance. Consider optimization.
[DRT-0120] Large net _05006_ has 130 pins which may impact routing performance. Consider optimization.
[DRT-0120] Large net _05007_ has 130 pins which may impact routing performance. Consider optimization.
[DRT-0120] Large net _05008_ has 130 pins which may impact routing performance. Consider optimization.
[DRT-0120] Large net _05232_ has 104 pins which may impact routing performance. Consider optimization.
[DRT-0120] Large net _05237_ has 140 pins which may impact routing performance. Consider optimization.
[DRT-0120] Large net net113 has 102 pins which may impact routing performance. Consider optimization.
[DRT-0120] Large net net220 has 132 pins which may impact routing performance. Consider optimization.
[DRT-0120] Large net net233 has 102 pins which may impact routing performance. Consider optimization.
[DRT-0120] Large net net235 has 110 pins which may impact routing performance. Consider optimization.
[DRT-0120] Large net net240 has 104 pins which may impact routing performance. Consider optimization.
[DRT-0120] Large net net257 has 112 pins which may impact routing performance. Consider optimization.
Running 'Odb.RemoveRoutingObstructions' at 'runs/full_flow/46-odb-removeroutingobstructions'…
'ROUTING_OBSTRUCTIONS' is not defined. Skipping 'Odb.RemoveRoutingObstructions'…
Running 'OpenROAD.CheckAntennas-1' at 'runs/full_flow/47-openroad-checkantennas-1'…
Logging subprocess to [repr.filename]'runs/full_flow/47-openroad-checkantennas-1/openroad-checkantennas-1.log'[/repr.filename]…
[STA-1140] /home/bala/git_stuff/summer_internship/syn/RAM128_1RW1R/lib/nom_tt_025C_1v80/RAM128_1RW1R__nom_tt_025C_1v80.lib line 1, library RAM128_1RW1R already exists.
Running 'Checker.TrDRC' at 'runs/full_flow/48-checker-trdrc'…
Check for Routing DRC errors clear.
Running 'Odb.ReportDisconnectedPins' at 'runs/full_flow/49-odb-reportdisconnectedpins'…
Logging subprocess to [repr.filename]'runs/full_flow/49-odb-reportdisconnectedpins/odb-reportdisconnectedpins.log'[/repr.filename]…
Running 'Checker.DisconnectedPins' at 'runs/full_flow/50-checker-disconnectedpins'…
Check for critical disconnected pins clear.
Running 'Odb.ReportWireLength' at 'runs/full_flow/51-odb-reportwirelength'…
Logging subprocess to [repr.filename]'runs/full_flow/51-odb-reportwirelength/odb-reportwirelength.log'[/repr.filename]…
Running 'Checker.WireLength' at 'runs/full_flow/52-checker-wirelength'…
Threshold for Threshold-surpassing long wires is not set. The checker will be skipped.
Running 'OpenROAD.FillInsertion' at 'runs/full_flow/53-openroad-fillinsertion'…
Logging subprocess to [repr.filename]'runs/full_flow/53-openroad-fillinsertion/openroad-fillinsertion.log'[/repr.filename]…
[STA-1140] /home/bala/git_stuff/summer_internship/syn/RAM128_1RW1R/lib/nom_tt_025C_1v80/RAM128_1RW1R__nom_tt_025C_1v80.lib line 1, library RAM128_1RW1R already exists.
Running 'Odb.CellFrequencyTables' at 'runs/full_flow/54-odb-cellfrequencytables'…
Logging subprocess to [repr.filename]'runs/full_flow/54-odb-cellfrequencytables/buffer_list.txt'[/repr.filename]…
Logging subprocess to [repr.filename]'runs/full_flow/54-odb-cellfrequencytables/odb-cellfrequencytables.log'[/repr.filename]…
Running 'OpenROAD.RCX' at 'runs/full_flow/55-openroad-rcx'…
Running RCX for corners matching nom_* (/home/bala/git_stuff/summer_internship/syn/librelane/runs/full_flow/55-openroad-rcx/nom/rcx.log)…
Running RCX for corners matching min_* (/home/bala/git_stuff/summer_internship/syn/librelane/runs/full_flow/55-openroad-rcx/min/rcx.log)…
Running RCX for corners matching max_* (/home/bala/git_stuff/summer_internship/syn/librelane/runs/full_flow/55-openroad-rcx/max/rcx.log)…
Logging subprocess to [repr.filename]'runs/full_flow/55-openroad-rcx/nom/rcx.log'[/repr.filename]…
Logging subprocess to [repr.filename]'runs/full_flow/55-openroad-rcx/max/rcx.log'[/repr.filename]…
Logging subprocess to [repr.filename]'runs/full_flow/55-openroad-rcx/min/rcx.log'[/repr.filename]…
Finished RCX for corners matching max_*.
Finished RCX for corners matching min_*.
Finished RCX for corners matching nom_*.
Running 'OpenROAD.STAPostPNR' at 'runs/full_flow/56-openroad-stapostpnr'…
Starting STA for the nom_tt_025C_1v80 timing corner…
Starting STA for the nom_ss_100C_1v60 timing corner…
Logging subprocess to [repr.filename]'runs/full_flow/56-openroad-stapostpnr/nom_tt_025C_1v80/sta.log'[/repr.filename]…
Starting STA for the nom_ff_n40C_1v95 timing corner…
Starting STA for the min_tt_025C_1v80 timing corner…
Logging subprocess to [repr.filename]'runs/full_flow/56-openroad-stapostpnr/nom_ss_100C_1v60/sta.log'[/repr.filename]…
Starting STA for the min_ss_100C_1v60 timing corner…
Starting STA for the min_ff_n40C_1v95 timing corner…
Logging subprocess to [repr.filename]'runs/full_flow/56-openroad-stapostpnr/nom_ff_n40C_1v95/sta.log'[/repr.filename]…
Logging subprocess to [repr.filename]'runs/full_flow/56-openroad-stapostpnr/min_ff_n40C_1v95/sta.log'[/repr.filename]…
Starting STA for the max_tt_025C_1v80 timing corner…
Starting STA for the max_ss_100C_1v60 timing corner…
Logging subprocess to [repr.filename]'runs/full_flow/56-openroad-stapostpnr/min_tt_025C_1v80/sta.log'[/repr.filename]…
Starting STA for the max_ff_n40C_1v95 timing corner…
Logging subprocess to [repr.filename]'runs/full_flow/56-openroad-stapostpnr/max_tt_025C_1v80/sta.log'[/repr.filename]…
Logging subprocess to [repr.filename]'runs/full_flow/56-openroad-stapostpnr/min_ss_100C_1v60/sta.log'[/repr.filename]…
Logging subprocess to [repr.filename]'runs/full_flow/56-openroad-stapostpnr/max_ss_100C_1v60/sta.log'[/repr.filename]…
Logging subprocess to [repr.filename]'runs/full_flow/56-openroad-stapostpnr/max_ff_n40C_1v95/sta.log'[/repr.filename]…
Finished STA for the min_tt_025C_1v80 timing corner.
Logging subprocess to [repr.filename]'runs/full_flow/56-openroad-stapostpnr/min_tt_025C_1v80/filter_unannotated.log'[/repr.filename]…
Finished STA for the min_ss_100C_1v60 timing corner.
Logging subprocess to [repr.filename]'runs/full_flow/56-openroad-stapostpnr/min_ss_100C_1v60/filter_unannotated.log'[/repr.filename]…
Finished STA for the max_ff_n40C_1v95 timing corner.
Logging subprocess to [repr.filename]'runs/full_flow/56-openroad-stapostpnr/max_ff_n40C_1v95/filter_unannotated.log'[/repr.filename]…
Finished STA for the nom_ff_n40C_1v95 timing corner.
Logging subprocess to [repr.filename]'runs/full_flow/56-openroad-stapostpnr/nom_ff_n40C_1v95/filter_unannotated.log'[/repr.filename]…
Finished STA for the max_ss_100C_1v60 timing corner.
Logging subprocess to [repr.filename]'runs/full_flow/56-openroad-stapostpnr/max_ss_100C_1v60/filter_unannotated.log'[/repr.filename]…
Finished STA for the nom_tt_025C_1v80 timing corner.
Finished STA for the max_tt_025C_1v80 timing corner.
Logging subprocess to [repr.filename]'runs/full_flow/56-openroad-stapostpnr/nom_tt_025C_1v80/filter_unannotated.log'[/repr.filename]…
Logging subprocess to [repr.filename]'runs/full_flow/56-openroad-stapostpnr/max_tt_025C_1v80/filter_unannotated.log'[/repr.filename]…
Finished STA for the nom_ss_100C_1v60 timing corner.
Logging subprocess to [repr.filename]'runs/full_flow/56-openroad-stapostpnr/nom_ss_100C_1v60/filter_unannotated.log'[/repr.filename]…
Finished STA for the min_ff_n40C_1v95 timing corner.
Logging subprocess to [repr.filename]'runs/full_flow/56-openroad-stapostpnr/min_ff_n40C_1v95/filter_unannotated.log'[/repr.filename]…
Running 'OpenROAD.IRDropReport' at 'runs/full_flow/57-openroad-irdropreport'…
'VSRC_LOC_FILES' was not given a value, which may make the results of IR drop analysis inaccurate. If you are not integrating a top-level chip for manufacture, you may ignore this warning, otherwise, see the documentation for 'VSRC_LOC_FILES'.
Logging subprocess to [repr.filename]'runs/full_flow/57-openroad-irdropreport/openroad-irdropreport.log'[/repr.filename]…
[STA-1140] /home/bala/git_stuff/summer_internship/syn/RAM128_1RW1R/lib/nom_tt_025C_1v80/RAM128_1RW1R__nom_tt_025C_1v80.lib line 1, library RAM128_1RW1R already exists.
[STA-1650] /home/bala/git_stuff/summer_internship/syn/librelane/runs/full_flow/55-openroad-rcx/nom/mt_cpu.nom.spef line 100548, net ANTENNA_decode_stage.rf.tgrp_rf1_Di0\[10\] not found.
[STA-1650] /home/bala/git_stuff/summer_internship/syn/librelane/runs/full_flow/55-openroad-rcx/nom/mt_cpu.nom.spef line 126664, net ANTENNA_decode_stage.rf.tgrp_rf1_Do1\[20\] not found.
[STA-1650] /home/bala/git_stuff/summer_internship/syn/librelane/runs/full_flow/55-openroad-rcx/nom/mt_cpu.nom.spef line 127550, net ANTENNA_decode_stage.rf.tgrp_rf2_A0\[1\] not found.
[STA-1650] /home/bala/git_stuff/summer_internship/syn/librelane/runs/full_flow/55-openroad-rcx/nom/mt_cpu.nom.spef line 127551, net ANTENNA_decode_stage.rf.tgrp_rf2_A0\[2\] not found.
[STA-1650] /home/bala/git_stuff/summer_internship/syn/librelane/runs/full_flow/55-openroad-rcx/nom/mt_cpu.nom.spef line 127552, net ANTENNA_decode_stage.rf.tgrp_rf2_A0\[3\] not found.
[STA-1650] /home/bala/git_stuff/summer_internship/syn/librelane/runs/full_flow/55-openroad-rcx/nom/mt_cpu.nom.spef line 127553, net ANTENNA_decode_stage.rf.tgrp_rf2_A0\[6\] not found.
[STA-1650] /home/bala/git_stuff/summer_internship/syn/librelane/runs/full_flow/55-openroad-rcx/nom/mt_cpu.nom.spef line 155781, net ANTENNA_decode_stage.rf.tgrp_rf2_Do0\[15\] not found.
[STA-1648] /home/bala/git_stuff/summer_internship/syn/librelane/runs/full_flow/55-openroad-rcx/nom/mt_cpu.nom.spef line 478967, instance ANTENNA_decode_stage.rf.tgrp_rf1_Di0\[0\] not found.
[STA-1648] /home/bala/git_stuff/summer_internship/syn/librelane/runs/full_flow/55-openroad-rcx/nom/mt_cpu.nom.spef line 478968, instance ANTENNA_decode_stage.rf.tgrp_rf2_Di0\[0\] not found.
[STA-1650] /home/bala/git_stuff/summer_internship/syn/librelane/runs/full_flow/55-openroad-rcx/nom/mt_cpu.nom.spef line 478975, net ANTENNA_decode_stage.rf.tgrp_rf1_Di0\[0\] not found.
[STA-1650] /home/bala/git_stuff/summer_internship/syn/librelane/runs/full_flow/55-openroad-rcx/nom/mt_cpu.nom.spef line 478976, net ANTENNA_decode_stage.rf.tgrp_rf2_Di0\[0\] not found.
[STA-1650] /home/bala/git_stuff/summer_internship/syn/librelane/runs/full_flow/55-openroad-rcx/nom/mt_cpu.nom.spef line 479035, net ANTENNA_decode_stage.rf.tgrp_rf2_Di0\[0\] not found.
[STA-1650] /home/bala/git_stuff/summer_internship/syn/librelane/runs/full_flow/55-openroad-rcx/nom/mt_cpu.nom.spef line 479042, net ANTENNA_decode_stage.rf.tgrp_rf1_Di0\[0\] not found.
[STA-1648] /home/bala/git_stuff/summer_internship/syn/librelane/runs/full_flow/55-openroad-rcx/nom/mt_cpu.nom.spef line 479052, instance ANTENNA_decode_stage.rf.tgrp_rf1_Di0\[10\] not found.
[STA-1648] /home/bala/git_stuff/summer_internship/syn/librelane/runs/full_flow/55-openroad-rcx/nom/mt_cpu.nom.spef line 479053, instance ANTENNA_decode_stage.rf.tgrp_rf2_Di0\[10\] not found.
[STA-1650] /home/bala/git_stuff/summer_internship/syn/librelane/runs/full_flow/55-openroad-rcx/nom/mt_cpu.nom.spef line 479060, net ANTENNA_decode_stage.rf.tgrp_rf1_Di0\[10\] not found.
[STA-1650] /home/bala/git_stuff/summer_internship/syn/librelane/runs/full_flow/55-openroad-rcx/nom/mt_cpu.nom.spef line 479061, net ANTENNA_decode_stage.rf.tgrp_rf2_Di0\[10\] not found.
[STA-1650] /home/bala/git_stuff/summer_internship/syn/librelane/runs/full_flow/55-openroad-rcx/nom/mt_cpu.nom.spef line 479103, net ANTENNA_decode_stage.rf.tgrp_rf1_Di0\[10\] not found.
[STA-1650] /home/bala/git_stuff/summer_internship/syn/librelane/runs/full_flow/55-openroad-rcx/nom/mt_cpu.nom.spef line 479115, net ANTENNA_decode_stage.rf.tgrp_rf2_Di0\[10\] not found.
[STA-1650] /home/bala/git_stuff/summer_internship/syn/librelane/runs/full_flow/55-openroad-rcx/nom/mt_cpu.nom.spef line 479120, net ANTENNA_decode_stage.rf.tgrp_rf1_Di0\[10\] not found.
[STA-1648] /home/bala/git_stuff/summer_internship/syn/librelane/runs/full_flow/55-openroad-rcx/nom/mt_cpu.nom.spef line 479129, instance ANTENNA_decode_stage.rf.tgrp_rf1_Di0\[11\] not found.
[STA-1648] /home/bala/git_stuff/summer_internship/syn/librelane/runs/full_flow/55-openroad-rcx/nom/mt_cpu.nom.spef line 479130, instance ANTENNA_decode_stage.rf.tgrp_rf2_Di0\[11\] not found.
[STA-1650] /home/bala/git_stuff/summer_internship/syn/librelane/runs/full_flow/55-openroad-rcx/nom/mt_cpu.nom.spef line 479137, net ANTENNA_decode_stage.rf.tgrp_rf1_Di0\[11\] not found.
[STA-1650] /home/bala/git_stuff/summer_internship/syn/librelane/runs/full_flow/55-openroad-rcx/nom/mt_cpu.nom.spef line 479138, net ANTENNA_decode_stage.rf.tgrp_rf2_Di0\[11\] not found.
[STA-1650] /home/bala/git_stuff/summer_internship/syn/librelane/runs/full_flow/55-openroad-rcx/nom/mt_cpu.nom.spef line 479191, net ANTENNA_decode_stage.rf.tgrp_rf2_Di0\[11\] not found.
[STA-1650] /home/bala/git_stuff/summer_internship/syn/librelane/runs/full_flow/55-openroad-rcx/nom/mt_cpu.nom.spef line 479196, net ANTENNA_decode_stage.rf.tgrp_rf1_Di0\[11\] not found.
[STA-1648] /home/bala/git_stuff/summer_internship/syn/librelane/runs/full_flow/55-openroad-rcx/nom/mt_cpu.nom.spef line 479204, instance ANTENNA_decode_stage.rf.tgrp_rf1_Di0\[12\] not found.
[STA-1648] /home/bala/git_stuff/summer_internship/syn/librelane/runs/full_flow/55-openroad-rcx/nom/mt_cpu.nom.spef line 479205, instance ANTENNA_decode_stage.rf.tgrp_rf2_Di0\[12\] not found.
[STA-1650] /home/bala/git_stuff/summer_internship/syn/librelane/runs/full_flow/55-openroad-rcx/nom/mt_cpu.nom.spef line 479212, net ANTENNA_decode_stage.rf.tgrp_rf1_Di0\[12\] not found.
[STA-1650] /home/bala/git_stuff/summer_internship/syn/librelane/runs/full_flow/55-openroad-rcx/nom/mt_cpu.nom.spef line 479213, net ANTENNA_decode_stage.rf.tgrp_rf2_Di0\[12\] not found.
[STA-1650] /home/bala/git_stuff/summer_internship/syn/librelane/runs/full_flow/55-openroad-rcx/nom/mt_cpu.nom.spef line 479253, net ANTENNA_decode_stage.rf.tgrp_rf2_Di0\[12\] not found.
[STA-1650] /home/bala/git_stuff/summer_internship/syn/librelane/runs/full_flow/55-openroad-rcx/nom/mt_cpu.nom.spef line 479258, net ANTENNA_decode_stage.rf.tgrp_rf1_Di0\[12\] not found.
[STA-1648] /home/bala/git_stuff/summer_internship/syn/librelane/runs/full_flow/55-openroad-rcx/nom/mt_cpu.nom.spef line 479264, instance ANTENNA_decode_stage.rf.tgrp_rf2_Di0\[13\] not found.
[STA-1648] /home/bala/git_stuff/summer_internship/syn/librelane/runs/full_flow/55-openroad-rcx/nom/mt_cpu.nom.spef line 479267, instance ANTENNA_decode_stage.rf.tgrp_rf1_Di0\[13\] not found.
[STA-1650] /home/bala/git_stuff/summer_internship/syn/librelane/runs/full_flow/55-openroad-rcx/nom/mt_cpu.nom.spef line 479272, net ANTENNA_decode_stage.rf.tgrp_rf2_Di0\[13\] not found.
[STA-1650] /home/bala/git_stuff/summer_internship/syn/librelane/runs/full_flow/55-openroad-rcx/nom/mt_cpu.nom.spef line 479275, net ANTENNA_decode_stage.rf.tgrp_rf1_Di0\[13\] not found.
[STA-1650] /home/bala/git_stuff/summer_internship/syn/librelane/runs/full_flow/55-openroad-rcx/nom/mt_cpu.nom.spef line 479288, net ANTENNA_decode_stage.rf.tgrp_rf2_Di0\[13\] not found.
[STA-1650] /home/bala/git_stuff/summer_internship/syn/librelane/runs/full_flow/55-openroad-rcx/nom/mt_cpu.nom.spef line 479350, net ANTENNA_decode_stage.rf.tgrp_rf1_Di0\[13\] not found.
[STA-1650] /home/bala/git_stuff/summer_internship/syn/librelane/runs/full_flow/55-openroad-rcx/nom/mt_cpu.nom.spef line 479353, net ANTENNA_decode_stage.rf.tgrp_rf2_Di0\[13\] not found.
[STA-1648] /home/bala/git_stuff/summer_internship/syn/librelane/runs/full_flow/55-openroad-rcx/nom/mt_cpu.nom.spef line 479359, instance ANTENNA_decode_stage.rf.tgrp_rf1_Di0\[14\] not found.
[STA-1648] /home/bala/git_stuff/summer_internship/syn/librelane/runs/full_flow/55-openroad-rcx/nom/mt_cpu.nom.spef line 479360, instance ANTENNA_decode_stage.rf.tgrp_rf2_Di0\[14\] not found.
[STA-1650] /home/bala/git_stuff/summer_internship/syn/librelane/runs/full_flow/55-openroad-rcx/nom/mt_cpu.nom.spef line 479367, net ANTENNA_decode_stage.rf.tgrp_rf1_Di0\[14\] not found.
[STA-1650] /home/bala/git_stuff/summer_internship/syn/librelane/runs/full_flow/55-openroad-rcx/nom/mt_cpu.nom.spef line 479368, net ANTENNA_decode_stage.rf.tgrp_rf2_Di0\[14\] not found.
[STA-1650] /home/bala/git_stuff/summer_internship/syn/librelane/runs/full_flow/55-openroad-rcx/nom/mt_cpu.nom.spef line 479378, net ANTENNA_decode_stage.rf.tgrp_rf2_Di0\[14\] not found.
[STA-1650] /home/bala/git_stuff/summer_internship/syn/librelane/runs/full_flow/55-openroad-rcx/nom/mt_cpu.nom.spef line 479379, net ANTENNA_decode_stage.rf.tgrp_rf2_Di0\[14\] not found.
[STA-1650] /home/bala/git_stuff/summer_internship/syn/librelane/runs/full_flow/55-openroad-rcx/nom/mt_cpu.nom.spef line 479430, net ANTENNA_decode_stage.rf.tgrp_rf2_Di0\[14\] not found.
[STA-1650] /home/bala/git_stuff/summer_internship/syn/librelane/runs/full_flow/55-openroad-rcx/nom/mt_cpu.nom.spef line 479434, net ANTENNA_decode_stage.rf.tgrp_rf1_Di0\[14\] not found.
[STA-1648] /home/bala/git_stuff/summer_internship/syn/librelane/runs/full_flow/55-openroad-rcx/nom/mt_cpu.nom.spef line 479440, instance ANTENNA_decode_stage.rf.tgrp_rf2_Di0\[15\] not found.
[STA-1648] /home/bala/git_stuff/summer_internship/syn/librelane/runs/full_flow/55-openroad-rcx/nom/mt_cpu.nom.spef line 479443, instance ANTENNA_decode_stage.rf.tgrp_rf1_Di0\[15\] not found.
[STA-1650] /home/bala/git_stuff/summer_internship/syn/librelane/runs/full_flow/55-openroad-rcx/nom/mt_cpu.nom.spef line 479448, net ANTENNA_decode_stage.rf.tgrp_rf2_Di0\[15\] not found.
[STA-1650] /home/bala/git_stuff/summer_internship/syn/librelane/runs/full_flow/55-openroad-rcx/nom/mt_cpu.nom.spef line 479451, net ANTENNA_decode_stage.rf.tgrp_rf1_Di0\[15\] not found.
[STA-1650] /home/bala/git_stuff/summer_internship/syn/librelane/runs/full_flow/55-openroad-rcx/nom/mt_cpu.nom.spef line 479487, net ANTENNA_decode_stage.rf.tgrp_rf2_Di0\[14\] not found.
[STA-1650] /home/bala/git_stuff/summer_internship/syn/librelane/runs/full_flow/55-openroad-rcx/nom/mt_cpu.nom.spef line 479503, net ANTENNA_decode_stage.rf.tgrp_rf1_Di0\[15\] not found.
[STA-1650] /home/bala/git_stuff/summer_internship/syn/librelane/runs/full_flow/55-openroad-rcx/nom/mt_cpu.nom.spef line 479507, net ANTENNA_decode_stage.rf.tgrp_rf2_Di0\[15\] not found.
[STA-1648] /home/bala/git_stuff/summer_internship/syn/librelane/runs/full_flow/55-openroad-rcx/nom/mt_cpu.nom.spef line 479512, instance ANTENNA_decode_stage.rf.tgrp_rf2_Di0\[16\] not found.
[STA-1648] /home/bala/git_stuff/summer_internship/syn/librelane/runs/full_flow/55-openroad-rcx/nom/mt_cpu.nom.spef line 479515, instance ANTENNA_decode_stage.rf.tgrp_rf1_Di0\[16\] not found.
[STA-1650] /home/bala/git_stuff/summer_internship/syn/librelane/runs/full_flow/55-openroad-rcx/nom/mt_cpu.nom.spef line 479520, net ANTENNA_decode_stage.rf.tgrp_rf2_Di0\[16\] not found.
[STA-1650] /home/bala/git_stuff/summer_internship/syn/librelane/runs/full_flow/55-openroad-rcx/nom/mt_cpu.nom.spef line 479523, net ANTENNA_decode_stage.rf.tgrp_rf1_Di0\[16\] not found.
[STA-1650] /home/bala/git_stuff/summer_internship/syn/librelane/runs/full_flow/55-openroad-rcx/nom/mt_cpu.nom.spef line 479599, net ANTENNA_decode_stage.rf.tgrp_rf1_Di0\[16\] not found.
[STA-1650] /home/bala/git_stuff/summer_internship/syn/librelane/runs/full_flow/55-openroad-rcx/nom/mt_cpu.nom.spef line 479603, net ANTENNA_decode_stage.rf.tgrp_rf2_Di0\[16\] not found.
[STA-1648] /home/bala/git_stuff/summer_internship/syn/librelane/runs/full_flow/55-openroad-rcx/nom/mt_cpu.nom.spef line 479610, instance ANTENNA_decode_stage.rf.tgrp_rf1_Di0\[17\] not found.
[STA-1648] /home/bala/git_stuff/summer_internship/syn/librelane/runs/full_flow/55-openroad-rcx/nom/mt_cpu.nom.spef line 479611, instance ANTENNA_decode_stage.rf.tgrp_rf2_Di0\[17\] not found.
[STA-1650] /home/bala/git_stuff/summer_internship/syn/librelane/runs/full_flow/55-openroad-rcx/nom/mt_cpu.nom.spef line 479618, net ANTENNA_decode_stage.rf.tgrp_rf1_Di0\[17\] not found.
[STA-1650] /home/bala/git_stuff/summer_internship/syn/librelane/runs/full_flow/55-openroad-rcx/nom/mt_cpu.nom.spef line 479619, net ANTENNA_decode_stage.rf.tgrp_rf2_Di0\[17\] not found.
[STA-1650] /home/bala/git_stuff/summer_internship/syn/librelane/runs/full_flow/55-openroad-rcx/nom/mt_cpu.nom.spef line 479632, net ANTENNA_decode_stage.rf.tgrp_rf2_Di0\[17\] not found.
[STA-1650] /home/bala/git_stuff/summer_internship/syn/librelane/runs/full_flow/55-openroad-rcx/nom/mt_cpu.nom.spef line 479708, net ANTENNA_decode_stage.rf.tgrp_rf2_Di0\[17\] not found.
[STA-1650] /home/bala/git_stuff/summer_internship/syn/librelane/runs/full_flow/55-openroad-rcx/nom/mt_cpu.nom.spef line 479713, net ANTENNA_decode_stage.rf.tgrp_rf1_Di0\[17\] not found.
[STA-1648] /home/bala/git_stuff/summer_internship/syn/librelane/runs/full_flow/55-openroad-rcx/nom/mt_cpu.nom.spef line 479721, instance ANTENNA_decode_stage.rf.tgrp_rf1_Di0\[18\] not found.
[STA-1648] /home/bala/git_stuff/summer_internship/syn/librelane/runs/full_flow/55-openroad-rcx/nom/mt_cpu.nom.spef line 479722, instance ANTENNA_decode_stage.rf.tgrp_rf2_Di0\[18\] not found.
[STA-1650] /home/bala/git_stuff/summer_internship/syn/librelane/runs/full_flow/55-openroad-rcx/nom/mt_cpu.nom.spef line 479729, net ANTENNA_decode_stage.rf.tgrp_rf1_Di0\[18\] not found.
[STA-1650] /home/bala/git_stuff/summer_internship/syn/librelane/runs/full_flow/55-openroad-rcx/nom/mt_cpu.nom.spef line 479730, net ANTENNA_decode_stage.rf.tgrp_rf2_Di0\[18\] not found.
[STA-1650] /home/bala/git_stuff/summer_internship/syn/librelane/runs/full_flow/55-openroad-rcx/nom/mt_cpu.nom.spef line 479740, net ANTENNA_decode_stage.rf.tgrp_rf2_Di0\[18\] not found.
[STA-1650] /home/bala/git_stuff/summer_internship/syn/librelane/runs/full_flow/55-openroad-rcx/nom/mt_cpu.nom.spef line 479771, net ANTENNA_decode_stage.rf.tgrp_rf2_Di0\[18\] not found.
[STA-1650] /home/bala/git_stuff/summer_internship/syn/librelane/runs/full_flow/55-openroad-rcx/nom/mt_cpu.nom.spef line 479775, net ANTENNA_decode_stage.rf.tgrp_rf1_Di0\[18\] not found.
[STA-1648] /home/bala/git_stuff/summer_internship/syn/librelane/runs/full_flow/55-openroad-rcx/nom/mt_cpu.nom.spef line 479783, instance ANTENNA_decode_stage.rf.tgrp_rf2_Di0\[19\] not found.
[STA-1648] /home/bala/git_stuff/summer_internship/syn/librelane/runs/full_flow/55-openroad-rcx/nom/mt_cpu.nom.spef line 479785, instance ANTENNA_decode_stage.rf.tgrp_rf1_Di0\[19\] not found.
[STA-1650] /home/bala/git_stuff/summer_internship/syn/librelane/runs/full_flow/55-openroad-rcx/nom/mt_cpu.nom.spef line 479791, net ANTENNA_decode_stage.rf.tgrp_rf2_Di0\[19\] not found.
[STA-1650] /home/bala/git_stuff/summer_internship/syn/librelane/runs/full_flow/55-openroad-rcx/nom/mt_cpu.nom.spef line 479793, net ANTENNA_decode_stage.rf.tgrp_rf1_Di0\[19\] not found.
[STA-1650] /home/bala/git_stuff/summer_internship/syn/librelane/runs/full_flow/55-openroad-rcx/nom/mt_cpu.nom.spef line 479829, net ANTENNA_decode_stage.rf.tgrp_rf1_Di0\[19\] not found.
[STA-1650] /home/bala/git_stuff/summer_internship/syn/librelane/runs/full_flow/55-openroad-rcx/nom/mt_cpu.nom.spef line 479833, net ANTENNA_decode_stage.rf.tgrp_rf2_Di0\[19\] not found.
[STA-1648] /home/bala/git_stuff/summer_internship/syn/librelane/runs/full_flow/55-openroad-rcx/nom/mt_cpu.nom.spef line 479842, instance ANTENNA_decode_stage.rf.tgrp_rf1_Di0\[1\] not found.
[STA-1648] /home/bala/git_stuff/summer_internship/syn/librelane/runs/full_flow/55-openroad-rcx/nom/mt_cpu.nom.spef line 479843, instance ANTENNA_decode_stage.rf.tgrp_rf2_Di0\[1\] not found.
[STA-1650] /home/bala/git_stuff/summer_internship/syn/librelane/runs/full_flow/55-openroad-rcx/nom/mt_cpu.nom.spef line 479850, net ANTENNA_decode_stage.rf.tgrp_rf1_Di0\[1\] not found.
[STA-1650] /home/bala/git_stuff/summer_internship/syn/librelane/runs/full_flow/55-openroad-rcx/nom/mt_cpu.nom.spef line 479851, net ANTENNA_decode_stage.rf.tgrp_rf2_Di0\[1\] not found.
[STA-1650] /home/bala/git_stuff/summer_internship/syn/librelane/runs/full_flow/55-openroad-rcx/nom/mt_cpu.nom.spef line 479933, net ANTENNA_decode_stage.rf.tgrp_rf2_Di0\[1\] not found.
[STA-1650] /home/bala/git_stuff/summer_internship/syn/librelane/runs/full_flow/55-openroad-rcx/nom/mt_cpu.nom.spef line 479940, net ANTENNA_decode_stage.rf.tgrp_rf1_Di0\[1\] not found.
[STA-1648] /home/bala/git_stuff/summer_internship/syn/librelane/runs/full_flow/55-openroad-rcx/nom/mt_cpu.nom.spef line 479949, instance ANTENNA_decode_stage.rf.tgrp_rf2_Di0\[20\] not found.
[STA-1648] /home/bala/git_stuff/summer_internship/syn/librelane/runs/full_flow/55-openroad-rcx/nom/mt_cpu.nom.spef line 479951, instance ANTENNA_decode_stage.rf.tgrp_rf1_Di0\[20\] not found.
[STA-1650] /home/bala/git_stuff/summer_internship/syn/librelane/runs/full_flow/55-openroad-rcx/nom/mt_cpu.nom.spef line 479957, net ANTENNA_decode_stage.rf.tgrp_rf2_Di0\[20\] not found.
[STA-1650] /home/bala/git_stuff/summer_internship/syn/librelane/runs/full_flow/55-openroad-rcx/nom/mt_cpu.nom.spef line 479959, net ANTENNA_decode_stage.rf.tgrp_rf1_Di0\[20\] not found.
[STA-1650] /home/bala/git_stuff/summer_internship/syn/librelane/runs/full_flow/55-openroad-rcx/nom/mt_cpu.nom.spef line 480005, net ANTENNA_decode_stage.rf.tgrp_rf1_Di0\[20\] not found.
[STA-1650] /home/bala/git_stuff/summer_internship/syn/librelane/runs/full_flow/55-openroad-rcx/nom/mt_cpu.nom.spef line 480010, net ANTENNA_decode_stage.rf.tgrp_rf2_Di0\[20\] not found.
[STA-1648] /home/bala/git_stuff/summer_internship/syn/librelane/runs/full_flow/55-openroad-rcx/nom/mt_cpu.nom.spef line 480017, instance ANTENNA_decode_stage.rf.tgrp_rf2_Di0\[21\] not found.
[STA-1648] /home/bala/git_stuff/summer_internship/syn/librelane/runs/full_flow/55-openroad-rcx/nom/mt_cpu.nom.spef line 480019, instance ANTENNA_decode_stage.rf.tgrp_rf1_Di0\[21\] not found.
[STA-1650] /home/bala/git_stuff/summer_internship/syn/librelane/runs/full_flow/55-openroad-rcx/nom/mt_cpu.nom.spef line 480025, net ANTENNA_decode_stage.rf.tgrp_rf2_Di0\[21\] not found.
[STA-1650] /home/bala/git_stuff/summer_internship/syn/librelane/runs/full_flow/55-openroad-rcx/nom/mt_cpu.nom.spef line 480027, net ANTENNA_decode_stage.rf.tgrp_rf1_Di0\[21\] not found.
[STA-1650] /home/bala/git_stuff/summer_internship/syn/librelane/runs/full_flow/55-openroad-rcx/nom/mt_cpu.nom.spef line 480084, net ANTENNA_decode_stage.rf.tgrp_rf1_Di0\[21\] not found.
[STA-1650] /home/bala/git_stuff/summer_internship/syn/librelane/runs/full_flow/55-openroad-rcx/nom/mt_cpu.nom.spef line 480089, net ANTENNA_decode_stage.rf.tgrp_rf2_Di0\[21\] not found.
[STA-1648] /home/bala/git_stuff/summer_internship/syn/librelane/runs/full_flow/55-openroad-rcx/nom/mt_cpu.nom.spef line 480095, instance ANTENNA_decode_stage.rf.tgrp_rf2_Di0\[22\] not found.
[STA-1648] /home/bala/git_stuff/summer_internship/syn/librelane/runs/full_flow/55-openroad-rcx/nom/mt_cpu.nom.spef line 480098, instance ANTENNA_decode_stage.rf.tgrp_rf1_Di0\[22\] not found.
[STA-1650] /home/bala/git_stuff/summer_internship/syn/librelane/runs/full_flow/55-openroad-rcx/nom/mt_cpu.nom.spef line 480103, net ANTENNA_decode_stage.rf.tgrp_rf2_Di0\[22\] not found.
[STA-1650] /home/bala/git_stuff/summer_internship/syn/librelane/runs/full_flow/55-openroad-rcx/nom/mt_cpu.nom.spef line 480106, net ANTENNA_decode_stage.rf.tgrp_rf1_Di0\[22\] not found.
[STA-1650] /home/bala/git_stuff/summer_internship/syn/librelane/runs/full_flow/55-openroad-rcx/nom/mt_cpu.nom.spef line 480192, net ANTENNA_decode_stage.rf.tgrp_rf1_Di0\[22\] not found.
[STA-1650] /home/bala/git_stuff/summer_internship/syn/librelane/runs/full_flow/55-openroad-rcx/nom/mt_cpu.nom.spef line 480200, net ANTENNA_decode_stage.rf.tgrp_rf2_Di0\[22\] not found.
[STA-1648] /home/bala/git_stuff/summer_internship/syn/librelane/runs/full_flow/55-openroad-rcx/nom/mt_cpu.nom.spef line 480207, instance ANTENNA_decode_stage.rf.tgrp_rf2_Di0\[23\] not found.
[STA-1648] /home/bala/git_stuff/summer_internship/syn/librelane/runs/full_flow/55-openroad-rcx/nom/mt_cpu.nom.spef line 480209, instance ANTENNA_decode_stage.rf.tgrp_rf1_Di0\[23\] not found.
[STA-1650] /home/bala/git_stuff/summer_internship/syn/librelane/runs/full_flow/55-openroad-rcx/nom/mt_cpu.nom.spef line 480215, net ANTENNA_decode_stage.rf.tgrp_rf2_Di0\[23\] not found.
[STA-1650] /home/bala/git_stuff/summer_internship/syn/librelane/runs/full_flow/55-openroad-rcx/nom/mt_cpu.nom.spef line 480217, net ANTENNA_decode_stage.rf.tgrp_rf1_Di0\[23\] not found.
[STA-1650] /home/bala/git_stuff/summer_internship/syn/librelane/runs/full_flow/55-openroad-rcx/nom/mt_cpu.nom.spef line 480314, net ANTENNA_decode_stage.rf.tgrp_rf1_Di0\[23\] not found.
[STA-1650] /home/bala/git_stuff/summer_internship/syn/librelane/runs/full_flow/55-openroad-rcx/nom/mt_cpu.nom.spef line 480319, net ANTENNA_decode_stage.rf.tgrp_rf2_Di0\[23\] not found.
[STA-1648] /home/bala/git_stuff/summer_internship/syn/librelane/runs/full_flow/55-openroad-rcx/nom/mt_cpu.nom.spef line 480327, instance ANTENNA_decode_stage.rf.tgrp_rf2_Di0\[24\] not found.
[STA-1648] /home/bala/git_stuff/summer_internship/syn/librelane/runs/full_flow/55-openroad-rcx/nom/mt_cpu.nom.spef line 480329, instance ANTENNA_decode_stage.rf.tgrp_rf1_Di0\[24\] not found.
[STA-1650] /home/bala/git_stuff/summer_internship/syn/librelane/runs/full_flow/55-openroad-rcx/nom/mt_cpu.nom.spef line 480335, net ANTENNA_decode_stage.rf.tgrp_rf2_Di0\[24\] not found.
[STA-1650] /home/bala/git_stuff/summer_internship/syn/librelane/runs/full_flow/55-openroad-rcx/nom/mt_cpu.nom.spef line 480337, net ANTENNA_decode_stage.rf.tgrp_rf1_Di0\[24\] not found.
[STA-1650] /home/bala/git_stuff/summer_internship/syn/librelane/runs/full_flow/55-openroad-rcx/nom/mt_cpu.nom.spef line 480382, net ANTENNA_decode_stage.rf.tgrp_rf1_Di0\[24\] not found.
[STA-1650] /home/bala/git_stuff/summer_internship/syn/librelane/runs/full_flow/55-openroad-rcx/nom/mt_cpu.nom.spef line 480388, net ANTENNA_decode_stage.rf.tgrp_rf2_Di0\[24\] not found.
[STA-1648] /home/bala/git_stuff/summer_internship/syn/librelane/runs/full_flow/55-openroad-rcx/nom/mt_cpu.nom.spef line 480396, instance ANTENNA_decode_stage.rf.tgrp_rf2_Di0\[25\] not found.
[STA-1648] /home/bala/git_stuff/summer_internship/syn/librelane/runs/full_flow/55-openroad-rcx/nom/mt_cpu.nom.spef line 480398, instance ANTENNA_decode_stage.rf.tgrp_rf1_Di0\[25\] not found.
[STA-1650] /home/bala/git_stuff/summer_internship/syn/librelane/runs/full_flow/55-openroad-rcx/nom/mt_cpu.nom.spef line 480404, net ANTENNA_decode_stage.rf.tgrp_rf2_Di0\[25\] not found.
[STA-1650] /home/bala/git_stuff/summer_internship/syn/librelane/runs/full_flow/55-openroad-rcx/nom/mt_cpu.nom.spef line 480406, net ANTENNA_decode_stage.rf.tgrp_rf1_Di0\[25\] not found.
[STA-1650] /home/bala/git_stuff/summer_internship/syn/librelane/runs/full_flow/55-openroad-rcx/nom/mt_cpu.nom.spef line 480454, net ANTENNA_decode_stage.rf.tgrp_rf1_Di0\[25\] not found.
[STA-1650] /home/bala/git_stuff/summer_internship/syn/librelane/runs/full_flow/55-openroad-rcx/nom/mt_cpu.nom.spef line 480458, net ANTENNA_decode_stage.rf.tgrp_rf2_Di0\[25\] not found.
[STA-1648] /home/bala/git_stuff/summer_internship/syn/librelane/runs/full_flow/55-openroad-rcx/nom/mt_cpu.nom.spef line 480466, instance ANTENNA_decode_stage.rf.tgrp_rf2_Di0\[26\] not found.
[STA-1648] /home/bala/git_stuff/summer_internship/syn/librelane/runs/full_flow/55-openroad-rcx/nom/mt_cpu.nom.spef line 480467, instance ANTENNA_decode_stage.rf.tgrp_rf1_Di0\[26\] not found.
[STA-1650] /home/bala/git_stuff/summer_internship/syn/librelane/runs/full_flow/55-openroad-rcx/nom/mt_cpu.nom.spef line 480474, net ANTENNA_decode_stage.rf.tgrp_rf2_Di0\[26\] not found.
[STA-1650] /home/bala/git_stuff/summer_internship/syn/librelane/runs/full_flow/55-openroad-rcx/nom/mt_cpu.nom.spef line 480475, net ANTENNA_decode_stage.rf.tgrp_rf1_Di0\[26\] not found.
[STA-1650] /home/bala/git_stuff/summer_internship/syn/librelane/runs/full_flow/55-openroad-rcx/nom/mt_cpu.nom.spef line 480601, net ANTENNA_decode_stage.rf.tgrp_rf1_Di0\[26\] not found.
[STA-1650] /home/bala/git_stuff/summer_internship/syn/librelane/runs/full_flow/55-openroad-rcx/nom/mt_cpu.nom.spef line 480606, net ANTENNA_decode_stage.rf.tgrp_rf2_Di0\[26\] not found.
[STA-1648] /home/bala/git_stuff/summer_internship/syn/librelane/runs/full_flow/55-openroad-rcx/nom/mt_cpu.nom.spef line 480613, instance ANTENNA_decode_stage.rf.tgrp_rf2_Di0\[27\] not found.
[STA-1648] /home/bala/git_stuff/summer_internship/syn/librelane/runs/full_flow/55-openroad-rcx/nom/mt_cpu.nom.spef line 480616, instance ANTENNA_decode_stage.rf.tgrp_rf1_Di0\[27\] not found.
[STA-1650] /home/bala/git_stuff/summer_internship/syn/librelane/runs/full_flow/55-openroad-rcx/nom/mt_cpu.nom.spef line 480621, net ANTENNA_decode_stage.rf.tgrp_rf2_Di0\[27\] not found.
[STA-1650] /home/bala/git_stuff/summer_internship/syn/librelane/runs/full_flow/55-openroad-rcx/nom/mt_cpu.nom.spef line 480624, net ANTENNA_decode_stage.rf.tgrp_rf1_Di0\[27\] not found.
[STA-1650] /home/bala/git_stuff/summer_internship/syn/librelane/runs/full_flow/55-openroad-rcx/nom/mt_cpu.nom.spef line 480671, net ANTENNA_decode_stage.rf.tgrp_rf1_Di0\[27\] not found.
[STA-1650] /home/bala/git_stuff/summer_internship/syn/librelane/runs/full_flow/55-openroad-rcx/nom/mt_cpu.nom.spef line 480676, net ANTENNA_decode_stage.rf.tgrp_rf2_Di0\[27\] not found.
[STA-1648] /home/bala/git_stuff/summer_internship/syn/librelane/runs/full_flow/55-openroad-rcx/nom/mt_cpu.nom.spef line 480682, instance ANTENNA_decode_stage.rf.tgrp_rf2_Di0\[28\] not found.
[STA-1648] /home/bala/git_stuff/summer_internship/syn/librelane/runs/full_flow/55-openroad-rcx/nom/mt_cpu.nom.spef line 480685, instance ANTENNA_decode_stage.rf.tgrp_rf1_Di0\[28\] not found.
[STA-1650] /home/bala/git_stuff/summer_internship/syn/librelane/runs/full_flow/55-openroad-rcx/nom/mt_cpu.nom.spef line 480690, net ANTENNA_decode_stage.rf.tgrp_rf2_Di0\[28\] not found.
[STA-1650] /home/bala/git_stuff/summer_internship/syn/librelane/runs/full_flow/55-openroad-rcx/nom/mt_cpu.nom.spef line 480693, net ANTENNA_decode_stage.rf.tgrp_rf1_Di0\[28\] not found.
[STA-1650] /home/bala/git_stuff/summer_internship/syn/librelane/runs/full_flow/55-openroad-rcx/nom/mt_cpu.nom.spef line 480760, net ANTENNA_decode_stage.rf.tgrp_rf1_Di0\[28\] not found.
[STA-1650] /home/bala/git_stuff/summer_internship/syn/librelane/runs/full_flow/55-openroad-rcx/nom/mt_cpu.nom.spef line 480766, net ANTENNA_decode_stage.rf.tgrp_rf2_Di0\[28\] not found.
[STA-1648] /home/bala/git_stuff/summer_internship/syn/librelane/runs/full_flow/55-openroad-rcx/nom/mt_cpu.nom.spef line 480772, instance ANTENNA_decode_stage.rf.tgrp_rf2_Di0\[29\] not found.
[STA-1648] /home/bala/git_stuff/summer_internship/syn/librelane/runs/full_flow/55-openroad-rcx/nom/mt_cpu.nom.spef line 480775, instance ANTENNA_decode_stage.rf.tgrp_rf1_Di0\[29\] not found.
[STA-1650] /home/bala/git_stuff/summer_internship/syn/librelane/runs/full_flow/55-openroad-rcx/nom/mt_cpu.nom.spef line 480780, net ANTENNA_decode_stage.rf.tgrp_rf2_Di0\[29\] not found.
[STA-1650] /home/bala/git_stuff/summer_internship/syn/librelane/runs/full_flow/55-openroad-rcx/nom/mt_cpu.nom.spef line 480783, net ANTENNA_decode_stage.rf.tgrp_rf1_Di0\[29\] not found.
[STA-1650] /home/bala/git_stuff/summer_internship/syn/librelane/runs/full_flow/55-openroad-rcx/nom/mt_cpu.nom.spef line 480792, net ANTENNA_decode_stage.rf.tgrp_rf2_Di0\[29\] not found.
[STA-1650] /home/bala/git_stuff/summer_internship/syn/librelane/runs/full_flow/55-openroad-rcx/nom/mt_cpu.nom.spef line 480831, net ANTENNA_decode_stage.rf.tgrp_rf1_Di0\[29\] not found.
[STA-1650] /home/bala/git_stuff/summer_internship/syn/librelane/runs/full_flow/55-openroad-rcx/nom/mt_cpu.nom.spef line 480836, net ANTENNA_decode_stage.rf.tgrp_rf2_Di0\[29\] not found.
[STA-1648] /home/bala/git_stuff/summer_internship/syn/librelane/runs/full_flow/55-openroad-rcx/nom/mt_cpu.nom.spef line 480842, instance ANTENNA_decode_stage.rf.tgrp_rf2_Di0\[2\] not found.
[STA-1648] /home/bala/git_stuff/summer_internship/syn/librelane/runs/full_flow/55-openroad-rcx/nom/mt_cpu.nom.spef line 480845, instance ANTENNA_decode_stage.rf.tgrp_rf1_Di0\[2\] not found.
[STA-1650] /home/bala/git_stuff/summer_internship/syn/librelane/runs/full_flow/55-openroad-rcx/nom/mt_cpu.nom.spef line 480850, net ANTENNA_decode_stage.rf.tgrp_rf2_Di0\[2\] not found.
[STA-1650] /home/bala/git_stuff/summer_internship/syn/librelane/runs/full_flow/55-openroad-rcx/nom/mt_cpu.nom.spef line 480853, net ANTENNA_decode_stage.rf.tgrp_rf1_Di0\[2\] not found.
[STA-1650] /home/bala/git_stuff/summer_internship/syn/librelane/runs/full_flow/55-openroad-rcx/nom/mt_cpu.nom.spef line 480908, net ANTENNA_decode_stage.rf.tgrp_rf1_Di0\[2\] not found.
[STA-1650] /home/bala/git_stuff/summer_internship/syn/librelane/runs/full_flow/55-openroad-rcx/nom/mt_cpu.nom.spef line 480911, net ANTENNA_decode_stage.rf.tgrp_rf2_Di0\[2\] not found.
[STA-1648] /home/bala/git_stuff/summer_internship/syn/librelane/runs/full_flow/55-openroad-rcx/nom/mt_cpu.nom.spef line 480917, instance ANTENNA_decode_stage.rf.tgrp_rf2_Di0\[30\] not found.
[STA-1648] /home/bala/git_stuff/summer_internship/syn/librelane/runs/full_flow/55-openroad-rcx/nom/mt_cpu.nom.spef line 480920, instance ANTENNA_decode_stage.rf.tgrp_rf1_Di0\[30\] not found.
[STA-1650] /home/bala/git_stuff/summer_internship/syn/librelane/runs/full_flow/55-openroad-rcx/nom/mt_cpu.nom.spef line 480925, net ANTENNA_decode_stage.rf.tgrp_rf2_Di0\[30\] not found.
[STA-1650] /home/bala/git_stuff/summer_internship/syn/librelane/runs/full_flow/55-openroad-rcx/nom/mt_cpu.nom.spef line 480928, net ANTENNA_decode_stage.rf.tgrp_rf1_Di0\[30\] not found.
[STA-1650] /home/bala/git_stuff/summer_internship/syn/librelane/runs/full_flow/55-openroad-rcx/nom/mt_cpu.nom.spef line 481000, net ANTENNA_decode_stage.rf.tgrp_rf1_Di0\[30\] not found.
[STA-1650] /home/bala/git_stuff/summer_internship/syn/librelane/runs/full_flow/55-openroad-rcx/nom/mt_cpu.nom.spef line 481009, net ANTENNA_decode_stage.rf.tgrp_rf2_Di0\[30\] not found.
[STA-1648] /home/bala/git_stuff/summer_internship/syn/librelane/runs/full_flow/55-openroad-rcx/nom/mt_cpu.nom.spef line 481016, instance ANTENNA_decode_stage.rf.tgrp_rf2_Di0\[31\] not found.
[STA-1648] /home/bala/git_stuff/summer_internship/syn/librelane/runs/full_flow/55-openroad-rcx/nom/mt_cpu.nom.spef line 481017, instance ANTENNA_decode_stage.rf.tgrp_rf1_Di0\[31\] not found.
[STA-1650] /home/bala/git_stuff/summer_internship/syn/librelane/runs/full_flow/55-openroad-rcx/nom/mt_cpu.nom.spef line 481024, net ANTENNA_decode_stage.rf.tgrp_rf2_Di0\[31\] not found.
[STA-1650] /home/bala/git_stuff/summer_internship/syn/librelane/runs/full_flow/55-openroad-rcx/nom/mt_cpu.nom.spef line 481025, net ANTENNA_decode_stage.rf.tgrp_rf1_Di0\[31\] not found.
[STA-1650] /home/bala/git_stuff/summer_internship/syn/librelane/runs/full_flow/55-openroad-rcx/nom/mt_cpu.nom.spef line 481078, net ANTENNA_decode_stage.rf.tgrp_rf1_Di0\[31\] not found.
[STA-1650] /home/bala/git_stuff/summer_internship/syn/librelane/runs/full_flow/55-openroad-rcx/nom/mt_cpu.nom.spef line 481082, net ANTENNA_decode_stage.rf.tgrp_rf2_Di0\[31\] not found.
[STA-1648] /home/bala/git_stuff/summer_internship/syn/librelane/runs/full_flow/55-openroad-rcx/nom/mt_cpu.nom.spef line 481089, instance ANTENNA_decode_stage.rf.tgrp_rf2_Di0\[3\] not found.
[STA-1648] /home/bala/git_stuff/summer_internship/syn/librelane/runs/full_flow/55-openroad-rcx/nom/mt_cpu.nom.spef line 481092, instance ANTENNA_decode_stage.rf.tgrp_rf1_Di0\[3\] not found.
[STA-1650] /home/bala/git_stuff/summer_internship/syn/librelane/runs/full_flow/55-openroad-rcx/nom/mt_cpu.nom.spef line 481097, net ANTENNA_decode_stage.rf.tgrp_rf2_Di0\[3\] not found.
[STA-1650] /home/bala/git_stuff/summer_internship/syn/librelane/runs/full_flow/55-openroad-rcx/nom/mt_cpu.nom.spef line 481100, net ANTENNA_decode_stage.rf.tgrp_rf1_Di0\[3\] not found.
[STA-1650] /home/bala/git_stuff/summer_internship/syn/librelane/runs/full_flow/55-openroad-rcx/nom/mt_cpu.nom.spef line 481170, net ANTENNA_decode_stage.rf.tgrp_rf1_Di0\[3\] not found.
[STA-1650] /home/bala/git_stuff/summer_internship/syn/librelane/runs/full_flow/55-openroad-rcx/nom/mt_cpu.nom.spef line 481173, net ANTENNA_decode_stage.rf.tgrp_rf2_Di0\[3\] not found.
[STA-1648] /home/bala/git_stuff/summer_internship/syn/librelane/runs/full_flow/55-openroad-rcx/nom/mt_cpu.nom.spef line 481180, instance ANTENNA_decode_stage.rf.tgrp_rf1_Di0\[4\] not found.
[STA-1648] /home/bala/git_stuff/summer_internship/syn/librelane/runs/full_flow/55-openroad-rcx/nom/mt_cpu.nom.spef line 481181, instance ANTENNA_decode_stage.rf.tgrp_rf2_Di0\[4\] not found.
[STA-1650] /home/bala/git_stuff/summer_internship/syn/librelane/runs/full_flow/55-openroad-rcx/nom/mt_cpu.nom.spef line 481188, net ANTENNA_decode_stage.rf.tgrp_rf1_Di0\[4\] not found.
[STA-1650] /home/bala/git_stuff/summer_internship/syn/librelane/runs/full_flow/55-openroad-rcx/nom/mt_cpu.nom.spef line 481189, net ANTENNA_decode_stage.rf.tgrp_rf2_Di0\[4\] not found.
[STA-1650] /home/bala/git_stuff/summer_internship/syn/librelane/runs/full_flow/55-openroad-rcx/nom/mt_cpu.nom.spef line 481247, net ANTENNA_decode_stage.rf.tgrp_rf2_Di0\[4\] not found.
[STA-1650] /home/bala/git_stuff/summer_internship/syn/librelane/runs/full_flow/55-openroad-rcx/nom/mt_cpu.nom.spef line 481252, net ANTENNA_decode_stage.rf.tgrp_rf1_Di0\[4\] not found.
[STA-1648] /home/bala/git_stuff/summer_internship/syn/librelane/runs/full_flow/55-openroad-rcx/nom/mt_cpu.nom.spef line 481260, instance ANTENNA_decode_stage.rf.tgrp_rf2_Di0\[5\] not found.
[STA-1648] /home/bala/git_stuff/summer_internship/syn/librelane/runs/full_flow/55-openroad-rcx/nom/mt_cpu.nom.spef line 481262, instance ANTENNA_decode_stage.rf.tgrp_rf1_Di0\[5\] not found.
[STA-1650] /home/bala/git_stuff/summer_internship/syn/librelane/runs/full_flow/55-openroad-rcx/nom/mt_cpu.nom.spef line 481268, net ANTENNA_decode_stage.rf.tgrp_rf2_Di0\[5\] not found.
[STA-1650] /home/bala/git_stuff/summer_internship/syn/librelane/runs/full_flow/55-openroad-rcx/nom/mt_cpu.nom.spef line 481270, net ANTENNA_decode_stage.rf.tgrp_rf1_Di0\[5\] not found.
[STA-1650] /home/bala/git_stuff/summer_internship/syn/librelane/runs/full_flow/55-openroad-rcx/nom/mt_cpu.nom.spef line 481342, net ANTENNA_decode_stage.rf.tgrp_rf1_Di0\[5\] not found.
[STA-1650] /home/bala/git_stuff/summer_internship/syn/librelane/runs/full_flow/55-openroad-rcx/nom/mt_cpu.nom.spef line 481345, net ANTENNA_decode_stage.rf.tgrp_rf2_Di0\[5\] not found.
[STA-1648] /home/bala/git_stuff/summer_internship/syn/librelane/runs/full_flow/55-openroad-rcx/nom/mt_cpu.nom.spef line 481353, instance ANTENNA_decode_stage.rf.tgrp_rf2_Di0\[6\] not found.
[STA-1648] /home/bala/git_stuff/summer_internship/syn/librelane/runs/full_flow/55-openroad-rcx/nom/mt_cpu.nom.spef line 481354, instance ANTENNA_decode_stage.rf.tgrp_rf1_Di0\[6\] not found.
[STA-1650] /home/bala/git_stuff/summer_internship/syn/librelane/runs/full_flow/55-openroad-rcx/nom/mt_cpu.nom.spef line 481361, net ANTENNA_decode_stage.rf.tgrp_rf2_Di0\[6\] not found.
[STA-1650] /home/bala/git_stuff/summer_internship/syn/librelane/runs/full_flow/55-openroad-rcx/nom/mt_cpu.nom.spef line 481362, net ANTENNA_decode_stage.rf.tgrp_rf1_Di0\[6\] not found.
[STA-1650] /home/bala/git_stuff/summer_internship/syn/librelane/runs/full_flow/55-openroad-rcx/nom/mt_cpu.nom.spef line 481442, net ANTENNA_decode_stage.rf.tgrp_rf1_Di0\[6\] not found.
[STA-1650] /home/bala/git_stuff/summer_internship/syn/librelane/runs/full_flow/55-openroad-rcx/nom/mt_cpu.nom.spef line 481444, net ANTENNA_decode_stage.rf.tgrp_rf2_Di0\[6\] not found.
[STA-1648] /home/bala/git_stuff/summer_internship/syn/librelane/runs/full_flow/55-openroad-rcx/nom/mt_cpu.nom.spef line 481451, instance ANTENNA_decode_stage.rf.tgrp_rf2_Di0\[7\] not found.
[STA-1648] /home/bala/git_stuff/summer_internship/syn/librelane/runs/full_flow/55-openroad-rcx/nom/mt_cpu.nom.spef line 481454, instance ANTENNA_decode_stage.rf.tgrp_rf1_Di0\[7\] not found.
[STA-1650] /home/bala/git_stuff/summer_internship/syn/librelane/runs/full_flow/55-openroad-rcx/nom/mt_cpu.nom.spef line 481459, net ANTENNA_decode_stage.rf.tgrp_rf2_Di0\[7\] not found.
[STA-1650] /home/bala/git_stuff/summer_internship/syn/librelane/runs/full_flow/55-openroad-rcx/nom/mt_cpu.nom.spef line 481462, net ANTENNA_decode_stage.rf.tgrp_rf1_Di0\[7\] not found.
[STA-1650] /home/bala/git_stuff/summer_internship/syn/librelane/runs/full_flow/55-openroad-rcx/nom/mt_cpu.nom.spef line 481553, net ANTENNA_decode_stage.rf.tgrp_rf1_Di0\[7\] not found.
[STA-1650] /home/bala/git_stuff/summer_internship/syn/librelane/runs/full_flow/55-openroad-rcx/nom/mt_cpu.nom.spef line 481557, net ANTENNA_decode_stage.rf.tgrp_rf2_Di0\[7\] not found.
[STA-1648] /home/bala/git_stuff/summer_internship/syn/librelane/runs/full_flow/55-openroad-rcx/nom/mt_cpu.nom.spef line 481562, instance ANTENNA_decode_stage.rf.tgrp_rf2_Di0\[8\] not found.
[STA-1648] /home/bala/git_stuff/summer_internship/syn/librelane/runs/full_flow/55-openroad-rcx/nom/mt_cpu.nom.spef line 481565, instance ANTENNA_decode_stage.rf.tgrp_rf1_Di0\[8\] not found.
[STA-1650] /home/bala/git_stuff/summer_internship/syn/librelane/runs/full_flow/55-openroad-rcx/nom/mt_cpu.nom.spef line 481570, net ANTENNA_decode_stage.rf.tgrp_rf2_Di0\[8\] not found.
[STA-1650] /home/bala/git_stuff/summer_internship/syn/librelane/runs/full_flow/55-openroad-rcx/nom/mt_cpu.nom.spef line 481573, net ANTENNA_decode_stage.rf.tgrp_rf1_Di0\[8\] not found.
[STA-1650] /home/bala/git_stuff/summer_internship/syn/librelane/runs/full_flow/55-openroad-rcx/nom/mt_cpu.nom.spef line 481643, net ANTENNA_decode_stage.rf.tgrp_rf1_Di0\[8\] not found.
[STA-1650] /home/bala/git_stuff/summer_internship/syn/librelane/runs/full_flow/55-openroad-rcx/nom/mt_cpu.nom.spef line 481646, net ANTENNA_decode_stage.rf.tgrp_rf2_Di0\[8\] not found.
[STA-1648] /home/bala/git_stuff/summer_internship/syn/librelane/runs/full_flow/55-openroad-rcx/nom/mt_cpu.nom.spef line 481651, instance ANTENNA_decode_stage.rf.tgrp_rf2_Di0\[9\] not found.
[STA-1648] /home/bala/git_stuff/summer_internship/syn/librelane/runs/full_flow/55-openroad-rcx/nom/mt_cpu.nom.spef line 481653, instance ANTENNA_decode_stage.rf.tgrp_rf1_Di0\[9\] not found.
[STA-1650] /home/bala/git_stuff/summer_internship/syn/librelane/runs/full_flow/55-openroad-rcx/nom/mt_cpu.nom.spef line 481659, net ANTENNA_decode_stage.rf.tgrp_rf2_Di0\[9\] not found.
[STA-1650] /home/bala/git_stuff/summer_internship/syn/librelane/runs/full_flow/55-openroad-rcx/nom/mt_cpu.nom.spef line 481661, net ANTENNA_decode_stage.rf.tgrp_rf1_Di0\[9\] not found.
[STA-1650] /home/bala/git_stuff/summer_internship/syn/librelane/runs/full_flow/55-openroad-rcx/nom/mt_cpu.nom.spef line 481724, net ANTENNA_decode_stage.rf.tgrp_rf1_Di0\[9\] not found.
[STA-1650] /home/bala/git_stuff/summer_internship/syn/librelane/runs/full_flow/55-openroad-rcx/nom/mt_cpu.nom.spef line 481727, net ANTENNA_decode_stage.rf.tgrp_rf2_Di0\[9\] not found.
[STA-1650] /home/bala/git_stuff/summer_internship/syn/librelane/runs/full_flow/55-openroad-rcx/nom/mt_cpu.nom.spef line 509566, net ANTENNA_decode_stage.rf.tgrp_rf1_WE0\[3\] not found.
[STA-1650] /home/bala/git_stuff/summer_internship/syn/librelane/runs/full_flow/55-openroad-rcx/nom/mt_cpu.nom.spef line 535105, net ANTENNA_decode_stage.rf.tgrp_rf2_A0\[0\] not found.
[STA-1650] /home/bala/git_stuff/summer_internship/syn/librelane/runs/full_flow/55-openroad-rcx/nom/mt_cpu.nom.spef line 535106, net ANTENNA_decode_stage.rf.tgrp_rf2_A0\[2\] not found.
[STA-1650] /home/bala/git_stuff/summer_internship/syn/librelane/runs/full_flow/55-openroad-rcx/nom/mt_cpu.nom.spef line 535107, net ANTENNA_decode_stage.rf.tgrp_rf2_A0\[3\] not found.
[STA-1650] /home/bala/git_stuff/summer_internship/syn/librelane/runs/full_flow/55-openroad-rcx/nom/mt_cpu.nom.spef line 535108, net ANTENNA_decode_stage.rf.tgrp_rf2_A0\[6\] not found.
[STA-1650] /home/bala/git_stuff/summer_internship/syn/librelane/runs/full_flow/55-openroad-rcx/nom/mt_cpu.nom.spef line 535880, net ANTENNA_decode_stage.rf.tgrp_rf1_A0\[2\] not found.
[STA-1650] /home/bala/git_stuff/summer_internship/syn/librelane/runs/full_flow/55-openroad-rcx/nom/mt_cpu.nom.spef line 536743, net ANTENNA_decode_stage.rf.tgrp_rf2_A1\[5\] not found.
[STA-1650] /home/bala/git_stuff/summer_internship/syn/librelane/runs/full_flow/55-openroad-rcx/nom/mt_cpu.nom.spef line 537095, net ANTENNA_decode_stage.rf.tgrp_rf1_WE0\[3\] not found.
[STA-1650] /home/bala/git_stuff/summer_internship/syn/librelane/runs/full_flow/55-openroad-rcx/nom/mt_cpu.nom.spef line 537781, net ANTENNA_decode_stage.rf.tgrp_rf1_A0\[2\] not found.
[STA-1650] /home/bala/git_stuff/summer_internship/syn/librelane/runs/full_flow/55-openroad-rcx/nom/mt_cpu.nom.spef line 538343, net ANTENNA_decode_stage.rf.tgrp_rf1_A0\[5\] not found.
[STA-1650] /home/bala/git_stuff/summer_internship/syn/librelane/runs/full_flow/55-openroad-rcx/nom/mt_cpu.nom.spef line 538527, net ANTENNA_decode_stage.rf.tgrp_rf1_WE0\[3\] not found.
[STA-1650] /home/bala/git_stuff/summer_internship/syn/librelane/runs/full_flow/55-openroad-rcx/nom/mt_cpu.nom.spef line 538809, net ANTENNA_decode_stage.rf.tgrp_rf2_Di0\[13\] not found.
[STA-1650] /home/bala/git_stuff/summer_internship/syn/librelane/runs/full_flow/55-openroad-rcx/nom/mt_cpu.nom.spef line 538810, net ANTENNA_decode_stage.rf.tgrp_rf2_Di0\[14\] not found.
[STA-1650] /home/bala/git_stuff/summer_internship/syn/librelane/runs/full_flow/55-openroad-rcx/nom/mt_cpu.nom.spef line 538811, net ANTENNA_decode_stage.rf.tgrp_rf2_Di0\[17\] not found.
[STA-1650] /home/bala/git_stuff/summer_internship/syn/librelane/runs/full_flow/55-openroad-rcx/nom/mt_cpu.nom.spef line 538812, net ANTENNA_decode_stage.rf.tgrp_rf2_Di0\[18\] not found.
[STA-1650] /home/bala/git_stuff/summer_internship/syn/librelane/runs/full_flow/55-openroad-rcx/nom/mt_cpu.nom.spef line 538813, net ANTENNA_decode_stage.rf.tgrp_rf2_Di0\[29\] not found.
[STA-1650] /home/bala/git_stuff/summer_internship/syn/librelane/runs/full_flow/55-openroad-rcx/nom/mt_cpu.nom.spef line 538984, net ANTENNA_decode_stage.rf.tgrp_rf2_A1\[5\] not found.
[STA-1650] /home/bala/git_stuff/summer_internship/syn/librelane/runs/full_flow/55-openroad-rcx/nom/mt_cpu.nom.spef line 542344, net ANTENNA_decode_stage.rf.tgrp_rf1_A0\[0\] not found.
[STA-1650] /home/bala/git_stuff/summer_internship/syn/librelane/runs/full_flow/55-openroad-rcx/nom/mt_cpu.nom.spef line 542548, net ANTENNA_decode_stage.rf.tgrp_rf1_A0\[2\] not found.
[STA-1650] /home/bala/git_stuff/summer_internship/syn/librelane/runs/full_flow/55-openroad-rcx/nom/mt_cpu.nom.spef line 542553, net ANTENNA_decode_stage.rf.tgrp_rf1_A0\[3\] not found.
[STA-1650] /home/bala/git_stuff/summer_internship/syn/librelane/runs/full_flow/55-openroad-rcx/nom/mt_cpu.nom.spef line 542734, net ANTENNA_decode_stage.rf.tgrp_rf1_A0\[2\] not found.
[STA-1650] /home/bala/git_stuff/summer_internship/syn/librelane/runs/full_flow/55-openroad-rcx/nom/mt_cpu.nom.spef line 542929, net ANTENNA_decode_stage.rf.tgrp_rf1_A0\[1\] not found.
[STA-1650] /home/bala/git_stuff/summer_internship/syn/librelane/runs/full_flow/55-openroad-rcx/nom/mt_cpu.nom.spef line 542933, net ANTENNA_decode_stage.rf.tgrp_rf1_A0\[2\] not found.
[STA-1650] /home/bala/git_stuff/summer_internship/syn/librelane/runs/full_flow/55-openroad-rcx/nom/mt_cpu.nom.spef line 542934, net ANTENNA_decode_stage.rf.tgrp_rf1_A0\[3\] not found.
[STA-1650] /home/bala/git_stuff/summer_internship/syn/librelane/runs/full_flow/55-openroad-rcx/nom/mt_cpu.nom.spef line 542935, net ANTENNA_decode_stage.rf.tgrp_rf1_A0\[5\] not found.
[STA-1650] /home/bala/git_stuff/summer_internship/syn/librelane/runs/full_flow/55-openroad-rcx/nom/mt_cpu.nom.spef line 542936, net ANTENNA_decode_stage.rf.tgrp_rf1_A0\[6\] not found.
[STA-1648] /home/bala/git_stuff/summer_internship/syn/librelane/runs/full_flow/55-openroad-rcx/nom/mt_cpu.nom.spef line 543434, instance ANTENNA_decode_stage.rf.tgrp_rf1_A0\[0\] not found.
[STA-1650] /home/bala/git_stuff/summer_internship/syn/librelane/runs/full_flow/55-openroad-rcx/nom/mt_cpu.nom.spef line 543440, net ANTENNA_decode_stage.rf.tgrp_rf1_A0\[0\] not found.
[STA-1650] /home/bala/git_stuff/summer_internship/syn/librelane/runs/full_flow/55-openroad-rcx/nom/mt_cpu.nom.spef line 543491, net ANTENNA_decode_stage.rf.tgrp_rf1_A0\[0\] not found.
[STA-1650] /home/bala/git_stuff/summer_internship/syn/librelane/runs/full_flow/55-openroad-rcx/nom/mt_cpu.nom.spef line 543502, net ANTENNA_decode_stage.rf.tgrp_rf1_A0\[0\] not found.
[STA-1648] /home/bala/git_stuff/summer_internship/syn/librelane/runs/full_flow/55-openroad-rcx/nom/mt_cpu.nom.spef line 543507, instance ANTENNA_decode_stage.rf.tgrp_rf1_A0\[1\] not found.
[STA-1650] /home/bala/git_stuff/summer_internship/syn/librelane/runs/full_flow/55-openroad-rcx/nom/mt_cpu.nom.spef line 543513, net ANTENNA_decode_stage.rf.tgrp_rf1_A0\[1\] not found.
[STA-1650] /home/bala/git_stuff/summer_internship/syn/librelane/runs/full_flow/55-openroad-rcx/nom/mt_cpu.nom.spef line 543521, net ANTENNA_decode_stage.rf.tgrp_rf1_A0\[1\] not found.
[STA-1650] /home/bala/git_stuff/summer_internship/syn/librelane/runs/full_flow/55-openroad-rcx/nom/mt_cpu.nom.spef line 543539, net ANTENNA_decode_stage.rf.tgrp_rf1_A0\[1\] not found.
[STA-1650] /home/bala/git_stuff/summer_internship/syn/librelane/runs/full_flow/55-openroad-rcx/nom/mt_cpu.nom.spef line 543548, net ANTENNA_decode_stage.rf.tgrp_rf1_A0\[1\] not found.
[STA-1648] /home/bala/git_stuff/summer_internship/syn/librelane/runs/full_flow/55-openroad-rcx/nom/mt_cpu.nom.spef line 543552, instance ANTENNA_decode_stage.rf.tgrp_rf1_A0\[2\] not found.
[STA-1650] /home/bala/git_stuff/summer_internship/syn/librelane/runs/full_flow/55-openroad-rcx/nom/mt_cpu.nom.spef line 543558, net ANTENNA_decode_stage.rf.tgrp_rf1_A0\[2\] not found.
[STA-1650] /home/bala/git_stuff/summer_internship/syn/librelane/runs/full_flow/55-openroad-rcx/nom/mt_cpu.nom.spef line 543568, net ANTENNA_decode_stage.rf.tgrp_rf1_A0\[2\] not found.
[STA-1650] /home/bala/git_stuff/summer_internship/syn/librelane/runs/full_flow/55-openroad-rcx/nom/mt_cpu.nom.spef line 543569, net ANTENNA_decode_stage.rf.tgrp_rf1_A0\[2\] not found.
[STA-1650] /home/bala/git_stuff/summer_internship/syn/librelane/runs/full_flow/55-openroad-rcx/nom/mt_cpu.nom.spef line 543589, net ANTENNA_decode_stage.rf.tgrp_rf1_A0\[2\] not found.
[STA-1650] /home/bala/git_stuff/summer_internship/syn/librelane/runs/full_flow/55-openroad-rcx/nom/mt_cpu.nom.spef line 543593, net ANTENNA_decode_stage.rf.tgrp_rf1_A0\[2\] not found.
[STA-1650] /home/bala/git_stuff/summer_internship/syn/librelane/runs/full_flow/55-openroad-rcx/nom/mt_cpu.nom.spef line 543599, net ANTENNA_decode_stage.rf.tgrp_rf1_A0\[2\] not found.
[STA-1650] /home/bala/git_stuff/summer_internship/syn/librelane/runs/full_flow/55-openroad-rcx/nom/mt_cpu.nom.spef line 543600, net ANTENNA_decode_stage.rf.tgrp_rf1_A0\[2\] not found.
[STA-1650] /home/bala/git_stuff/summer_internship/syn/librelane/runs/full_flow/55-openroad-rcx/nom/mt_cpu.nom.spef line 543605, net ANTENNA_decode_stage.rf.tgrp_rf1_A0\[2\] not found.
[STA-1650] /home/bala/git_stuff/summer_internship/syn/librelane/runs/full_flow/55-openroad-rcx/nom/mt_cpu.nom.spef line 543615, net ANTENNA_decode_stage.rf.tgrp_rf1_A0\[2\] not found.
[STA-1648] /home/bala/git_stuff/summer_internship/syn/librelane/runs/full_flow/55-openroad-rcx/nom/mt_cpu.nom.spef line 543619, instance ANTENNA_decode_stage.rf.tgrp_rf1_A0\[3\] not found.
[STA-1650] /home/bala/git_stuff/summer_internship/syn/librelane/runs/full_flow/55-openroad-rcx/nom/mt_cpu.nom.spef line 543625, net ANTENNA_decode_stage.rf.tgrp_rf1_A0\[3\] not found.
[STA-1650] /home/bala/git_stuff/summer_internship/syn/librelane/runs/full_flow/55-openroad-rcx/nom/mt_cpu.nom.spef line 543649, net ANTENNA_decode_stage.rf.tgrp_rf1_A0\[3\] not found.
[STA-1650] /home/bala/git_stuff/summer_internship/syn/librelane/runs/full_flow/55-openroad-rcx/nom/mt_cpu.nom.spef line 543655, net ANTENNA_decode_stage.rf.tgrp_rf1_A0\[3\] not found.
[STA-1650] /home/bala/git_stuff/summer_internship/syn/librelane/runs/full_flow/55-openroad-rcx/nom/mt_cpu.nom.spef line 543663, net ANTENNA_decode_stage.rf.tgrp_rf1_A0\[3\] not found.
[STA-1648] /home/bala/git_stuff/summer_internship/syn/librelane/runs/full_flow/55-openroad-rcx/nom/mt_cpu.nom.spef line 543668, instance ANTENNA_decode_stage.rf.tgrp_rf1_A0\[4\] not found.
[STA-1650] /home/bala/git_stuff/summer_internship/syn/librelane/runs/full_flow/55-openroad-rcx/nom/mt_cpu.nom.spef line 543674, net ANTENNA_decode_stage.rf.tgrp_rf1_A0\[4\] not found.
[STA-1650] /home/bala/git_stuff/summer_internship/syn/librelane/runs/full_flow/55-openroad-rcx/nom/mt_cpu.nom.spef line 543683, net ANTENNA_decode_stage.rf.tgrp_rf1_A0\[4\] not found.
[STA-1650] /home/bala/git_stuff/summer_internship/syn/librelane/runs/full_flow/55-openroad-rcx/nom/mt_cpu.nom.spef line 543684, net ANTENNA_decode_stage.rf.tgrp_rf1_A0\[4\] not found.
[STA-1650] /home/bala/git_stuff/summer_internship/syn/librelane/runs/full_flow/55-openroad-rcx/nom/mt_cpu.nom.spef line 543716, net ANTENNA_decode_stage.rf.tgrp_rf1_A0\[4\] not found.
[STA-1648] /home/bala/git_stuff/summer_internship/syn/librelane/runs/full_flow/55-openroad-rcx/nom/mt_cpu.nom.spef line 543722, instance ANTENNA_decode_stage.rf.tgrp_rf1_A0\[5\] not found.
[STA-1650] /home/bala/git_stuff/summer_internship/syn/librelane/runs/full_flow/55-openroad-rcx/nom/mt_cpu.nom.spef line 543728, net ANTENNA_decode_stage.rf.tgrp_rf1_A0\[5\] not found.
[STA-1650] /home/bala/git_stuff/summer_internship/syn/librelane/runs/full_flow/55-openroad-rcx/nom/mt_cpu.nom.spef line 543735, net ANTENNA_decode_stage.rf.tgrp_rf1_A0\[5\] not found.
[STA-1650] /home/bala/git_stuff/summer_internship/syn/librelane/runs/full_flow/55-openroad-rcx/nom/mt_cpu.nom.spef line 543745, net ANTENNA_decode_stage.rf.tgrp_rf1_A0\[5\] not found.
[STA-1650] /home/bala/git_stuff/summer_internship/syn/librelane/runs/full_flow/55-openroad-rcx/nom/mt_cpu.nom.spef line 543771, net ANTENNA_decode_stage.rf.tgrp_rf1_A0\[5\] not found.
[STA-1650] /home/bala/git_stuff/summer_internship/syn/librelane/runs/full_flow/55-openroad-rcx/nom/mt_cpu.nom.spef line 543779, net ANTENNA_decode_stage.rf.tgrp_rf1_A0\[5\] not found.
[STA-1648] /home/bala/git_stuff/summer_internship/syn/librelane/runs/full_flow/55-openroad-rcx/nom/mt_cpu.nom.spef line 544409, instance ANTENNA_decode_stage.rf.tgrp_rf1_A1\[0\] not found.
[STA-1650] /home/bala/git_stuff/summer_internship/syn/librelane/runs/full_flow/55-openroad-rcx/nom/mt_cpu.nom.spef line 544415, net ANTENNA_decode_stage.rf.tgrp_rf1_A1\[0\] not found.
[STA-1650] /home/bala/git_stuff/summer_internship/syn/librelane/runs/full_flow/55-openroad-rcx/nom/mt_cpu.nom.spef line 544436, net ANTENNA_decode_stage.rf.tgrp_rf1_A1\[0\] not found.
[STA-1648] /home/bala/git_stuff/summer_internship/syn/librelane/runs/full_flow/55-openroad-rcx/nom/mt_cpu.nom.spef line 544443, instance ANTENNA_decode_stage.rf.tgrp_rf1_A1\[1\] not found.
[STA-1650] /home/bala/git_stuff/summer_internship/syn/librelane/runs/full_flow/55-openroad-rcx/nom/mt_cpu.nom.spef line 544449, net ANTENNA_decode_stage.rf.tgrp_rf1_A1\[1\] not found.
[STA-1650] /home/bala/git_stuff/summer_internship/syn/librelane/runs/full_flow/55-openroad-rcx/nom/mt_cpu.nom.spef line 544469, net ANTENNA_decode_stage.rf.tgrp_rf1_A0\[2\] not found.
[STA-1650] /home/bala/git_stuff/summer_internship/syn/librelane/runs/full_flow/55-openroad-rcx/nom/mt_cpu.nom.spef line 544502, net ANTENNA_decode_stage.rf.tgrp_rf1_A1\[1\] not found.
[STA-1648] /home/bala/git_stuff/summer_internship/syn/librelane/runs/full_flow/55-openroad-rcx/nom/mt_cpu.nom.spef line 544508, instance ANTENNA_decode_stage.rf.tgrp_rf1_A1\[2\] not found.
[STA-1650] /home/bala/git_stuff/summer_internship/syn/librelane/runs/full_flow/55-openroad-rcx/nom/mt_cpu.nom.spef line 544514, net ANTENNA_decode_stage.rf.tgrp_rf1_A1\[2\] not found.
[STA-1650] /home/bala/git_stuff/summer_internship/syn/librelane/runs/full_flow/55-openroad-rcx/nom/mt_cpu.nom.spef line 544545, net ANTENNA_decode_stage.rf.tgrp_rf1_WE0\[3\] not found.
[STA-1650] /home/bala/git_stuff/summer_internship/syn/librelane/runs/full_flow/55-openroad-rcx/nom/mt_cpu.nom.spef line 544554, net ANTENNA_decode_stage.rf.tgrp_rf1_A0\[4\] not found.
[STA-1650] /home/bala/git_stuff/summer_internship/syn/librelane/runs/full_flow/55-openroad-rcx/nom/mt_cpu.nom.spef line 544609, net ANTENNA_decode_stage.rf.tgrp_rf1_A1\[2\] not found.
[STA-1648] /home/bala/git_stuff/summer_internship/syn/librelane/runs/full_flow/55-openroad-rcx/nom/mt_cpu.nom.spef line 544615, instance ANTENNA_decode_stage.rf.tgrp_rf1_A1\[3\] not found.
[STA-1650] /home/bala/git_stuff/summer_internship/syn/librelane/runs/full_flow/55-openroad-rcx/nom/mt_cpu.nom.spef line 544621, net ANTENNA_decode_stage.rf.tgrp_rf1_A1\[3\] not found.
[STA-1650] /home/bala/git_stuff/summer_internship/syn/librelane/runs/full_flow/55-openroad-rcx/nom/mt_cpu.nom.spef line 544666, net ANTENNA_decode_stage.rf.tgrp_rf1_A1\[3\] not found.
[STA-1648] /home/bala/git_stuff/summer_internship/syn/librelane/runs/full_flow/55-openroad-rcx/nom/mt_cpu.nom.spef line 544671, instance ANTENNA_decode_stage.rf.tgrp_rf1_A1\[4\] not found.
[STA-1650] /home/bala/git_stuff/summer_internship/syn/librelane/runs/full_flow/55-openroad-rcx/nom/mt_cpu.nom.spef line 544677, net ANTENNA_decode_stage.rf.tgrp_rf1_A1\[4\] not found.
[STA-1650] /home/bala/git_stuff/summer_internship/syn/librelane/runs/full_flow/55-openroad-rcx/nom/mt_cpu.nom.spef line 544735, net ANTENNA_decode_stage.rf.tgrp_rf1_A1\[4\] not found.
[STA-1648] /home/bala/git_stuff/summer_internship/syn/librelane/runs/full_flow/55-openroad-rcx/nom/mt_cpu.nom.spef line 545152, instance ANTENNA_decode_stage.rf.tgrp_rf1_Do0\[0\] not found.
[STA-1650] /home/bala/git_stuff/summer_internship/syn/librelane/runs/full_flow/55-openroad-rcx/nom/mt_cpu.nom.spef line 545158, net ANTENNA_decode_stage.rf.tgrp_rf1_Do0\[0\] not found.
[STA-1650] /home/bala/git_stuff/summer_internship/syn/librelane/runs/full_flow/55-openroad-rcx/nom/mt_cpu.nom.spef line 545181, net ANTENNA_decode_stage.rf.tgrp_rf1_Do0\[0\] not found.
[STA-1648] /home/bala/git_stuff/summer_internship/syn/librelane/runs/full_flow/55-openroad-rcx/nom/mt_cpu.nom.spef line 545196, instance ANTENNA_decode_stage.rf.tgrp_rf1_Do0\[10\] not found.
[STA-1650] /home/bala/git_stuff/summer_internship/syn/librelane/runs/full_flow/55-openroad-rcx/nom/mt_cpu.nom.spef line 545202, net ANTENNA_decode_stage.rf.tgrp_rf1_Do0\[10\] not found.
[STA-1650] /home/bala/git_stuff/summer_internship/syn/librelane/runs/full_flow/55-openroad-rcx/nom/mt_cpu.nom.spef line 545237, net ANTENNA_decode_stage.rf.tgrp_rf1_Do0\[10\] not found.
[STA-1648] /home/bala/git_stuff/summer_internship/syn/librelane/runs/full_flow/55-openroad-rcx/nom/mt_cpu.nom.spef line 545250, instance ANTENNA_decode_stage.rf.tgrp_rf1_Do0\[11\] not found.
[STA-1650] /home/bala/git_stuff/summer_internship/syn/librelane/runs/full_flow/55-openroad-rcx/nom/mt_cpu.nom.spef line 545256, net ANTENNA_decode_stage.rf.tgrp_rf1_Do0\[11\] not found.
[STA-1650] /home/bala/git_stuff/summer_internship/syn/librelane/runs/full_flow/55-openroad-rcx/nom/mt_cpu.nom.spef line 545292, net ANTENNA_decode_stage.rf.tgrp_rf1_Do0\[11\] not found.
[STA-1648] /home/bala/git_stuff/summer_internship/syn/librelane/runs/full_flow/55-openroad-rcx/nom/mt_cpu.nom.spef line 545306, instance ANTENNA_decode_stage.rf.tgrp_rf1_Do0\[12\] not found.
[STA-1650] /home/bala/git_stuff/summer_internship/syn/librelane/runs/full_flow/55-openroad-rcx/nom/mt_cpu.nom.spef line 545312, net ANTENNA_decode_stage.rf.tgrp_rf1_Do0\[12\] not found.
[STA-1650] /home/bala/git_stuff/summer_internship/syn/librelane/runs/full_flow/55-openroad-rcx/nom/mt_cpu.nom.spef line 545362, net ANTENNA_decode_stage.rf.tgrp_rf1_Do0\[12\] not found.
[STA-1648] /home/bala/git_stuff/summer_internship/syn/librelane/runs/full_flow/55-openroad-rcx/nom/mt_cpu.nom.spef line 545380, instance ANTENNA_decode_stage.rf.tgrp_rf1_Do0\[13\] not found.
[STA-1650] /home/bala/git_stuff/summer_internship/syn/librelane/runs/full_flow/55-openroad-rcx/nom/mt_cpu.nom.spef line 545386, net ANTENNA_decode_stage.rf.tgrp_rf1_Do0\[13\] not found.
[STA-1650] /home/bala/git_stuff/summer_internship/syn/librelane/runs/full_flow/55-openroad-rcx/nom/mt_cpu.nom.spef line 545416, net ANTENNA_decode_stage.rf.tgrp_rf1_Do0\[13\] not found.
[STA-1648] /home/bala/git_stuff/summer_internship/syn/librelane/runs/full_flow/55-openroad-rcx/nom/mt_cpu.nom.spef line 545431, instance ANTENNA_decode_stage.rf.tgrp_rf1_Do0\[14\] not found.
[STA-1650] /home/bala/git_stuff/summer_internship/syn/librelane/runs/full_flow/55-openroad-rcx/nom/mt_cpu.nom.spef line 545437, net ANTENNA_decode_stage.rf.tgrp_rf1_Do0\[14\] not found.
[STA-1650] /home/bala/git_stuff/summer_internship/syn/librelane/runs/full_flow/55-openroad-rcx/nom/mt_cpu.nom.spef line 545459, net ANTENNA_decode_stage.rf.tgrp_rf1_Do0\[14\] not found.
[STA-1648] /home/bala/git_stuff/summer_internship/syn/librelane/runs/full_flow/55-openroad-rcx/nom/mt_cpu.nom.spef line 545472, instance ANTENNA_decode_stage.rf.tgrp_rf1_Do0\[15\] not found.
[STA-1650] /home/bala/git_stuff/summer_internship/syn/librelane/runs/full_flow/55-openroad-rcx/nom/mt_cpu.nom.spef line 545478, net ANTENNA_decode_stage.rf.tgrp_rf1_Do0\[15\] not found.
[STA-1650] /home/bala/git_stuff/summer_internship/syn/librelane/runs/full_flow/55-openroad-rcx/nom/mt_cpu.nom.spef line 545492, net ANTENNA_decode_stage.rf.tgrp_rf1_Do0\[15\] not found.
[STA-1648] /home/bala/git_stuff/summer_internship/syn/librelane/runs/full_flow/55-openroad-rcx/nom/mt_cpu.nom.spef line 545503, instance ANTENNA_decode_stage.rf.tgrp_rf1_Do0\[16\] not found.
[STA-1650] /home/bala/git_stuff/summer_internship/syn/librelane/runs/full_flow/55-openroad-rcx/nom/mt_cpu.nom.spef line 545509, net ANTENNA_decode_stage.rf.tgrp_rf1_Do0\[16\] not found.
[STA-1650] /home/bala/git_stuff/summer_internship/syn/librelane/runs/full_flow/55-openroad-rcx/nom/mt_cpu.nom.spef line 545555, net ANTENNA_decode_stage.rf.tgrp_rf1_Do0\[16\] not found.
[STA-1648] /home/bala/git_stuff/summer_internship/syn/librelane/runs/full_flow/55-openroad-rcx/nom/mt_cpu.nom.spef line 545570, instance ANTENNA_decode_stage.rf.tgrp_rf1_Do0\[17\] not found.
[STA-1650] /home/bala/git_stuff/summer_internship/syn/librelane/runs/full_flow/55-openroad-rcx/nom/mt_cpu.nom.spef line 545576, net ANTENNA_decode_stage.rf.tgrp_rf1_Do0\[17\] not found.
[STA-1650] /home/bala/git_stuff/summer_internship/syn/librelane/runs/full_flow/55-openroad-rcx/nom/mt_cpu.nom.spef line 545611, net ANTENNA_decode_stage.rf.tgrp_rf1_Do0\[17\] not found.
[STA-1648] /home/bala/git_stuff/summer_internship/syn/librelane/runs/full_flow/55-openroad-rcx/nom/mt_cpu.nom.spef line 545625, instance ANTENNA_decode_stage.rf.tgrp_rf1_Do0\[18\] not found.
[STA-1650] /home/bala/git_stuff/summer_internship/syn/librelane/runs/full_flow/55-openroad-rcx/nom/mt_cpu.nom.spef line 545631, net ANTENNA_decode_stage.rf.tgrp_rf1_Do0\[18\] not found.
[STA-1650] /home/bala/git_stuff/summer_internship/syn/librelane/runs/full_flow/55-openroad-rcx/nom/mt_cpu.nom.spef line 545678, net ANTENNA_decode_stage.rf.tgrp_rf1_Do0\[18\] not found.
[STA-1648] /home/bala/git_stuff/summer_internship/syn/librelane/runs/full_flow/55-openroad-rcx/nom/mt_cpu.nom.spef line 545693, instance ANTENNA_decode_stage.rf.tgrp_rf1_Do0\[19\] not found.
[STA-1650] /home/bala/git_stuff/summer_internship/syn/librelane/runs/full_flow/55-openroad-rcx/nom/mt_cpu.nom.spef line 545699, net ANTENNA_decode_stage.rf.tgrp_rf1_Do0\[19\] not found.
[STA-1650] /home/bala/git_stuff/summer_internship/syn/librelane/runs/full_flow/55-openroad-rcx/nom/mt_cpu.nom.spef line 545716, net ANTENNA_decode_stage.rf.tgrp_rf1_Do0\[19\] not found.
[STA-1648] /home/bala/git_stuff/summer_internship/syn/librelane/runs/full_flow/55-openroad-rcx/nom/mt_cpu.nom.spef line 545728, instance ANTENNA_decode_stage.rf.tgrp_rf1_Do0\[1\] not found.
[STA-1650] /home/bala/git_stuff/summer_internship/syn/librelane/runs/full_flow/55-openroad-rcx/nom/mt_cpu.nom.spef line 545734, net ANTENNA_decode_stage.rf.tgrp_rf1_Do0\[1\] not found.
[STA-1650] /home/bala/git_stuff/summer_internship/syn/librelane/runs/full_flow/55-openroad-rcx/nom/mt_cpu.nom.spef line 545750, net ANTENNA_decode_stage.rf.tgrp_rf1_Do0\[1\] not found.
[STA-1648] /home/bala/git_stuff/summer_internship/syn/librelane/runs/full_flow/55-openroad-rcx/nom/mt_cpu.nom.spef line 545762, instance ANTENNA_decode_stage.rf.tgrp_rf1_Do0\[20\] not found.
[STA-1650] /home/bala/git_stuff/summer_internship/syn/librelane/runs/full_flow/55-openroad-rcx/nom/mt_cpu.nom.spef line 545768, net ANTENNA_decode_stage.rf.tgrp_rf1_Do0\[20\] not found.
[STA-1650] /home/bala/git_stuff/summer_internship/syn/librelane/runs/full_flow/55-openroad-rcx/nom/mt_cpu.nom.spef line 545783, net ANTENNA_decode_stage.rf.tgrp_rf1_Do0\[20\] not found.
[STA-1648] /home/bala/git_stuff/summer_internship/syn/librelane/runs/full_flow/55-openroad-rcx/nom/mt_cpu.nom.spef line 545795, instance ANTENNA_decode_stage.rf.tgrp_rf1_Do0\[21\] not found.
[STA-1650] /home/bala/git_stuff/summer_internship/syn/librelane/runs/full_flow/55-openroad-rcx/nom/mt_cpu.nom.spef line 545801, net ANTENNA_decode_stage.rf.tgrp_rf1_Do0\[21\] not found.
[STA-1650] /home/bala/git_stuff/summer_internship/syn/librelane/runs/full_flow/55-openroad-rcx/nom/mt_cpu.nom.spef line 545854, net ANTENNA_decode_stage.rf.tgrp_rf1_Do0\[21\] not found.
[STA-1648] /home/bala/git_stuff/summer_internship/syn/librelane/runs/full_flow/55-openroad-rcx/nom/mt_cpu.nom.spef line 545871, instance ANTENNA_decode_stage.rf.tgrp_rf1_Do0\[22\] not found.
[STA-1650] /home/bala/git_stuff/summer_internship/syn/librelane/runs/full_flow/55-openroad-rcx/nom/mt_cpu.nom.spef line 545877, net ANTENNA_decode_stage.rf.tgrp_rf1_Do0\[22\] not found.
[STA-1650] /home/bala/git_stuff/summer_internship/syn/librelane/runs/full_flow/55-openroad-rcx/nom/mt_cpu.nom.spef line 545924, net ANTENNA_decode_stage.rf.tgrp_rf1_Do0\[22\] not found.
[STA-1648] /home/bala/git_stuff/summer_internship/syn/librelane/runs/full_flow/55-openroad-rcx/nom/mt_cpu.nom.spef line 545939, instance ANTENNA_decode_stage.rf.tgrp_rf1_Do0\[23\] not found.
[STA-1650] /home/bala/git_stuff/summer_internship/syn/librelane/runs/full_flow/55-openroad-rcx/nom/mt_cpu.nom.spef line 545945, net ANTENNA_decode_stage.rf.tgrp_rf1_Do0\[23\] not found.
[STA-1650] /home/bala/git_stuff/summer_internship/syn/librelane/runs/full_flow/55-openroad-rcx/nom/mt_cpu.nom.spef line 545988, net ANTENNA_decode_stage.rf.tgrp_rf1_Do0\[23\] not found.
[STA-1648] /home/bala/git_stuff/summer_internship/syn/librelane/runs/full_flow/55-openroad-rcx/nom/mt_cpu.nom.spef line 546001, instance ANTENNA_decode_stage.rf.tgrp_rf1_Do0\[24\] not found.
[STA-1650] /home/bala/git_stuff/summer_internship/syn/librelane/runs/full_flow/55-openroad-rcx/nom/mt_cpu.nom.spef line 546007, net ANTENNA_decode_stage.rf.tgrp_rf1_Do0\[24\] not found.
[STA-1650] /home/bala/git_stuff/summer_internship/syn/librelane/runs/full_flow/55-openroad-rcx/nom/mt_cpu.nom.spef line 546047, net ANTENNA_decode_stage.rf.tgrp_rf1_Do0\[24\] not found.
[STA-1648] /home/bala/git_stuff/summer_internship/syn/librelane/runs/full_flow/55-openroad-rcx/nom/mt_cpu.nom.spef line 546060, instance ANTENNA_decode_stage.rf.tgrp_rf1_Do0\[25\] not found.
[STA-1650] /home/bala/git_stuff/summer_internship/syn/librelane/runs/full_flow/55-openroad-rcx/nom/mt_cpu.nom.spef line 546066, net ANTENNA_decode_stage.rf.tgrp_rf1_Do0\[25\] not found.
[STA-1650] /home/bala/git_stuff/summer_internship/syn/librelane/runs/full_flow/55-openroad-rcx/nom/mt_cpu.nom.spef line 546098, net ANTENNA_decode_stage.rf.tgrp_rf1_Do0\[25\] not found.
[STA-1648] /home/bala/git_stuff/summer_internship/syn/librelane/runs/full_flow/55-openroad-rcx/nom/mt_cpu.nom.spef line 546114, instance ANTENNA_decode_stage.rf.tgrp_rf1_Do0\[26\] not found.
[STA-1650] /home/bala/git_stuff/summer_internship/syn/librelane/runs/full_flow/55-openroad-rcx/nom/mt_cpu.nom.spef line 546120, net ANTENNA_decode_stage.rf.tgrp_rf1_Do0\[26\] not found.
[STA-1650] /home/bala/git_stuff/summer_internship/syn/librelane/runs/full_flow/55-openroad-rcx/nom/mt_cpu.nom.spef line 546150, net ANTENNA_decode_stage.rf.tgrp_rf1_Do0\[26\] not found.
[STA-1648] /home/bala/git_stuff/summer_internship/syn/librelane/runs/full_flow/55-openroad-rcx/nom/mt_cpu.nom.spef line 546160, instance ANTENNA_decode_stage.rf.tgrp_rf1_Do0\[27\] not found.
[STA-1650] /home/bala/git_stuff/summer_internship/syn/librelane/runs/full_flow/55-openroad-rcx/nom/mt_cpu.nom.spef line 546166, net ANTENNA_decode_stage.rf.tgrp_rf1_Do0\[27\] not found.
[STA-1650] /home/bala/git_stuff/summer_internship/syn/librelane/runs/full_flow/55-openroad-rcx/nom/mt_cpu.nom.spef line 546216, net ANTENNA_decode_stage.rf.tgrp_rf1_Do0\[27\] not found.
[STA-1648] /home/bala/git_stuff/summer_internship/syn/librelane/runs/full_flow/55-openroad-rcx/nom/mt_cpu.nom.spef line 546233, instance ANTENNA_decode_stage.rf.tgrp_rf1_Do0\[28\] not found.
[STA-1650] /home/bala/git_stuff/summer_internship/syn/librelane/runs/full_flow/55-openroad-rcx/nom/mt_cpu.nom.spef line 546239, net ANTENNA_decode_stage.rf.tgrp_rf1_Do0\[28\] not found.
[STA-1650] /home/bala/git_stuff/summer_internship/syn/librelane/runs/full_flow/55-openroad-rcx/nom/mt_cpu.nom.spef line 546267, net ANTENNA_decode_stage.rf.tgrp_rf1_Do0\[28\] not found.
[STA-1648] /home/bala/git_stuff/summer_internship/syn/librelane/runs/full_flow/55-openroad-rcx/nom/mt_cpu.nom.spef line 546281, instance ANTENNA_decode_stage.rf.tgrp_rf1_Do0\[29\] not found.
[STA-1650] /home/bala/git_stuff/summer_internship/syn/librelane/runs/full_flow/55-openroad-rcx/nom/mt_cpu.nom.spef line 546287, net ANTENNA_decode_stage.rf.tgrp_rf1_Do0\[29\] not found.
[STA-1650] /home/bala/git_stuff/summer_internship/syn/librelane/runs/full_flow/55-openroad-rcx/nom/mt_cpu.nom.spef line 546328, net ANTENNA_decode_stage.rf.tgrp_rf1_Do0\[29\] not found.
[STA-1648] /home/bala/git_stuff/summer_internship/syn/librelane/runs/full_flow/55-openroad-rcx/nom/mt_cpu.nom.spef line 546341, instance ANTENNA_decode_stage.rf.tgrp_rf1_Do0\[2\] not found.
[STA-1650] /home/bala/git_stuff/summer_internship/syn/librelane/runs/full_flow/55-openroad-rcx/nom/mt_cpu.nom.spef line 546347, net ANTENNA_decode_stage.rf.tgrp_rf1_Do0\[2\] not found.
[STA-1650] /home/bala/git_stuff/summer_internship/syn/librelane/runs/full_flow/55-openroad-rcx/nom/mt_cpu.nom.spef line 546372, net ANTENNA_decode_stage.rf.tgrp_rf1_Do0\[2\] not found.
[STA-1648] /home/bala/git_stuff/summer_internship/syn/librelane/runs/full_flow/55-openroad-rcx/nom/mt_cpu.nom.spef line 546383, instance ANTENNA_decode_stage.rf.tgrp_rf1_Do0\[30\] not found.
[STA-1650] /home/bala/git_stuff/summer_internship/syn/librelane/runs/full_flow/55-openroad-rcx/nom/mt_cpu.nom.spef line 546389, net ANTENNA_decode_stage.rf.tgrp_rf1_Do0\[30\] not found.
[STA-1650] /home/bala/git_stuff/summer_internship/syn/librelane/runs/full_flow/55-openroad-rcx/nom/mt_cpu.nom.spef line 546405, net ANTENNA_decode_stage.rf.tgrp_rf1_Do0\[30\] not found.
[STA-1648] /home/bala/git_stuff/summer_internship/syn/librelane/runs/full_flow/55-openroad-rcx/nom/mt_cpu.nom.spef line 546416, instance ANTENNA_decode_stage.rf.tgrp_rf1_Do0\[31\] not found.
[STA-1650] /home/bala/git_stuff/summer_internship/syn/librelane/runs/full_flow/55-openroad-rcx/nom/mt_cpu.nom.spef line 546422, net ANTENNA_decode_stage.rf.tgrp_rf1_Do0\[31\] not found.
[STA-1650] /home/bala/git_stuff/summer_internship/syn/librelane/runs/full_flow/55-openroad-rcx/nom/mt_cpu.nom.spef line 546449, net ANTENNA_decode_stage.rf.tgrp_rf1_Do0\[31\] not found.
[STA-1648] /home/bala/git_stuff/summer_internship/syn/librelane/runs/full_flow/55-openroad-rcx/nom/mt_cpu.nom.spef line 546461, instance ANTENNA_decode_stage.rf.tgrp_rf1_Do0\[3\] not found.
[STA-1650] /home/bala/git_stuff/summer_internship/syn/librelane/runs/full_flow/55-openroad-rcx/nom/mt_cpu.nom.spef line 546467, net ANTENNA_decode_stage.rf.tgrp_rf1_Do0\[3\] not found.
[STA-1650] /home/bala/git_stuff/summer_internship/syn/librelane/runs/full_flow/55-openroad-rcx/nom/mt_cpu.nom.spef line 546479, net ANTENNA_decode_stage.rf.tgrp_rf1_Do0\[3\] not found.
[STA-1648] /home/bala/git_stuff/summer_internship/syn/librelane/runs/full_flow/55-openroad-rcx/nom/mt_cpu.nom.spef line 546490, instance ANTENNA_decode_stage.rf.tgrp_rf1_Do0\[4\] not found.
[STA-1650] /home/bala/git_stuff/summer_internship/syn/librelane/runs/full_flow/55-openroad-rcx/nom/mt_cpu.nom.spef line 546496, net ANTENNA_decode_stage.rf.tgrp_rf1_Do0\[4\] not found.
[STA-1650] /home/bala/git_stuff/summer_internship/syn/librelane/runs/full_flow/55-openroad-rcx/nom/mt_cpu.nom.spef line 546517, net ANTENNA_decode_stage.rf.tgrp_rf1_Do0\[4\] not found.
[STA-1648] /home/bala/git_stuff/summer_internship/syn/librelane/runs/full_flow/55-openroad-rcx/nom/mt_cpu.nom.spef line 546530, instance ANTENNA_decode_stage.rf.tgrp_rf1_Do0\[5\] not found.
[STA-1650] /home/bala/git_stuff/summer_internship/syn/librelane/runs/full_flow/55-openroad-rcx/nom/mt_cpu.nom.spef line 546536, net ANTENNA_decode_stage.rf.tgrp_rf1_Do0\[5\] not found.
[STA-1650] /home/bala/git_stuff/summer_internship/syn/librelane/runs/full_flow/55-openroad-rcx/nom/mt_cpu.nom.spef line 546548, net ANTENNA_decode_stage.rf.tgrp_rf1_Do0\[5\] not found.
[STA-1648] /home/bala/git_stuff/summer_internship/syn/librelane/runs/full_flow/55-openroad-rcx/nom/mt_cpu.nom.spef line 546560, instance ANTENNA_decode_stage.rf.tgrp_rf1_Do0\[6\] not found.
[STA-1650] /home/bala/git_stuff/summer_internship/syn/librelane/runs/full_flow/55-openroad-rcx/nom/mt_cpu.nom.spef line 546566, net ANTENNA_decode_stage.rf.tgrp_rf1_Do0\[6\] not found.
[STA-1650] /home/bala/git_stuff/summer_internship/syn/librelane/runs/full_flow/55-openroad-rcx/nom/mt_cpu.nom.spef line 546585, net ANTENNA_decode_stage.rf.tgrp_rf1_Do0\[6\] not found.
[STA-1648] /home/bala/git_stuff/summer_internship/syn/librelane/runs/full_flow/55-openroad-rcx/nom/mt_cpu.nom.spef line 546594, instance ANTENNA_decode_stage.rf.tgrp_rf1_Do0\[7\] not found.
[STA-1650] /home/bala/git_stuff/summer_internship/syn/librelane/runs/full_flow/55-openroad-rcx/nom/mt_cpu.nom.spef line 546600, net ANTENNA_decode_stage.rf.tgrp_rf1_Do0\[7\] not found.
[STA-1650] /home/bala/git_stuff/summer_internship/syn/librelane/runs/full_flow/55-openroad-rcx/nom/mt_cpu.nom.spef line 546634, net ANTENNA_decode_stage.rf.tgrp_rf1_Do0\[7\] not found.
[STA-1648] /home/bala/git_stuff/summer_internship/syn/librelane/runs/full_flow/55-openroad-rcx/nom/mt_cpu.nom.spef line 546640, instance ANTENNA_decode_stage.rf.tgrp_rf1_Do0\[8\] not found.
[STA-1650] /home/bala/git_stuff/summer_internship/syn/librelane/runs/full_flow/55-openroad-rcx/nom/mt_cpu.nom.spef line 546646, net ANTENNA_decode_stage.rf.tgrp_rf1_Do0\[8\] not found.
[STA-1650] /home/bala/git_stuff/summer_internship/syn/librelane/runs/full_flow/55-openroad-rcx/nom/mt_cpu.nom.spef line 546666, net ANTENNA_decode_stage.rf.tgrp_rf1_Do0\[8\] not found.
[STA-1648] /home/bala/git_stuff/summer_internship/syn/librelane/runs/full_flow/55-openroad-rcx/nom/mt_cpu.nom.spef line 546675, instance ANTENNA_decode_stage.rf.tgrp_rf1_Do0\[9\] not found.
[STA-1650] /home/bala/git_stuff/summer_internship/syn/librelane/runs/full_flow/55-openroad-rcx/nom/mt_cpu.nom.spef line 546681, net ANTENNA_decode_stage.rf.tgrp_rf1_Do0\[9\] not found.
[STA-1650] /home/bala/git_stuff/summer_internship/syn/librelane/runs/full_flow/55-openroad-rcx/nom/mt_cpu.nom.spef line 546708, net ANTENNA_decode_stage.rf.tgrp_rf1_Do0\[9\] not found.
[STA-1648] /home/bala/git_stuff/summer_internship/syn/librelane/runs/full_flow/55-openroad-rcx/nom/mt_cpu.nom.spef line 546714, instance ANTENNA_decode_stage.rf.tgrp_rf1_Do1\[0\] not found.
[STA-1650] /home/bala/git_stuff/summer_internship/syn/librelane/runs/full_flow/55-openroad-rcx/nom/mt_cpu.nom.spef line 546720, net ANTENNA_decode_stage.rf.tgrp_rf1_Do1\[0\] not found.
[STA-1650] /home/bala/git_stuff/summer_internship/syn/librelane/runs/full_flow/55-openroad-rcx/nom/mt_cpu.nom.spef line 546759, net ANTENNA_decode_stage.rf.tgrp_rf1_Do1\[0\] not found.
[STA-1648] /home/bala/git_stuff/summer_internship/syn/librelane/runs/full_flow/55-openroad-rcx/nom/mt_cpu.nom.spef line 546770, instance ANTENNA_decode_stage.rf.tgrp_rf1_Do1\[10\] not found.
[STA-1650] /home/bala/git_stuff/summer_internship/syn/librelane/runs/full_flow/55-openroad-rcx/nom/mt_cpu.nom.spef line 546776, net ANTENNA_decode_stage.rf.tgrp_rf1_Do1\[10\] not found.
[STA-1650] /home/bala/git_stuff/summer_internship/syn/librelane/runs/full_flow/55-openroad-rcx/nom/mt_cpu.nom.spef line 546797, net ANTENNA_decode_stage.rf.tgrp_rf1_Do1\[10\] not found.
[STA-1648] /home/bala/git_stuff/summer_internship/syn/librelane/runs/full_flow/55-openroad-rcx/nom/mt_cpu.nom.spef line 546832, instance ANTENNA_decode_stage.rf.tgrp_rf1_Do1\[12\] not found.
[STA-1650] /home/bala/git_stuff/summer_internship/syn/librelane/runs/full_flow/55-openroad-rcx/nom/mt_cpu.nom.spef line 546838, net ANTENNA_decode_stage.rf.tgrp_rf1_Do1\[12\] not found.
[STA-1650] /home/bala/git_stuff/summer_internship/syn/librelane/runs/full_flow/55-openroad-rcx/nom/mt_cpu.nom.spef line 546867, net ANTENNA_decode_stage.rf.tgrp_rf1_Do1\[12\] not found.
[STA-1648] /home/bala/git_stuff/summer_internship/syn/librelane/runs/full_flow/55-openroad-rcx/nom/mt_cpu.nom.spef line 546899, instance ANTENNA_decode_stage.rf.tgrp_rf1_Do1\[14\] not found.
[STA-1650] /home/bala/git_stuff/summer_internship/syn/librelane/runs/full_flow/55-openroad-rcx/nom/mt_cpu.nom.spef line 546905, net ANTENNA_decode_stage.rf.tgrp_rf1_Do1\[14\] not found.
[STA-1650] /home/bala/git_stuff/summer_internship/syn/librelane/runs/full_flow/55-openroad-rcx/nom/mt_cpu.nom.spef line 546927, net ANTENNA_decode_stage.rf.tgrp_rf1_Do1\[14\] not found.
[STA-1648] /home/bala/git_stuff/summer_internship/syn/librelane/runs/full_flow/55-openroad-rcx/nom/mt_cpu.nom.spef line 546972, instance ANTENNA_decode_stage.rf.tgrp_rf1_Do1\[16\] not found.
[STA-1650] /home/bala/git_stuff/summer_internship/syn/librelane/runs/full_flow/55-openroad-rcx/nom/mt_cpu.nom.spef line 546978, net ANTENNA_decode_stage.rf.tgrp_rf1_Do1\[16\] not found.
[STA-1650] /home/bala/git_stuff/summer_internship/syn/librelane/runs/full_flow/55-openroad-rcx/nom/mt_cpu.nom.spef line 547033, net ANTENNA_decode_stage.rf.tgrp_rf1_Do1\[16\] not found.
[STA-1648] /home/bala/git_stuff/summer_internship/syn/librelane/runs/full_flow/55-openroad-rcx/nom/mt_cpu.nom.spef line 547048, instance ANTENNA_decode_stage.rf.tgrp_rf1_Do1\[17\] not found.
[STA-1650] /home/bala/git_stuff/summer_internship/syn/librelane/runs/full_flow/55-openroad-rcx/nom/mt_cpu.nom.spef line 547054, net ANTENNA_decode_stage.rf.tgrp_rf1_Do1\[17\] not found.
[STA-1650] /home/bala/git_stuff/summer_internship/syn/librelane/runs/full_flow/55-openroad-rcx/nom/mt_cpu.nom.spef line 547076, net ANTENNA_decode_stage.rf.tgrp_rf1_Do1\[17\] not found.
[STA-1648] /home/bala/git_stuff/summer_internship/syn/librelane/runs/full_flow/55-openroad-rcx/nom/mt_cpu.nom.spef line 547087, instance ANTENNA_decode_stage.rf.tgrp_rf1_Do1\[18\] not found.
[STA-1650] /home/bala/git_stuff/summer_internship/syn/librelane/runs/full_flow/55-openroad-rcx/nom/mt_cpu.nom.spef line 547093, net ANTENNA_decode_stage.rf.tgrp_rf1_Do1\[18\] not found.
[STA-1650] /home/bala/git_stuff/summer_internship/syn/librelane/runs/full_flow/55-openroad-rcx/nom/mt_cpu.nom.spef line 547133, net ANTENNA_decode_stage.rf.tgrp_rf1_Do1\[18\] not found.
[STA-1648] /home/bala/git_stuff/summer_internship/syn/librelane/runs/full_flow/55-openroad-rcx/nom/mt_cpu.nom.spef line 547144, instance ANTENNA_decode_stage.rf.tgrp_rf1_Do1\[19\] not found.
[STA-1650] /home/bala/git_stuff/summer_internship/syn/librelane/runs/full_flow/55-openroad-rcx/nom/mt_cpu.nom.spef line 547150, net ANTENNA_decode_stage.rf.tgrp_rf1_Do1\[19\] not found.
[STA-1650] /home/bala/git_stuff/summer_internship/syn/librelane/runs/full_flow/55-openroad-rcx/nom/mt_cpu.nom.spef line 547164, net ANTENNA_decode_stage.rf.tgrp_rf1_Do1\[21\] not found.
[STA-1650] /home/bala/git_stuff/summer_internship/syn/librelane/runs/full_flow/55-openroad-rcx/nom/mt_cpu.nom.spef line 547165, net ANTENNA_decode_stage.rf.tgrp_rf1_Do1\[23\] not found.
[STA-1650] /home/bala/git_stuff/summer_internship/syn/librelane/runs/full_flow/55-openroad-rcx/nom/mt_cpu.nom.spef line 547216, net ANTENNA_decode_stage.rf.tgrp_rf1_Do1\[19\] not found.
[STA-1648] /home/bala/git_stuff/summer_internship/syn/librelane/runs/full_flow/55-openroad-rcx/nom/mt_cpu.nom.spef line 547231, instance ANTENNA_decode_stage.rf.tgrp_rf1_Do1\[1\] not found.
[STA-1650] /home/bala/git_stuff/summer_internship/syn/librelane/runs/full_flow/55-openroad-rcx/nom/mt_cpu.nom.spef line 547237, net ANTENNA_decode_stage.rf.tgrp_rf1_Do1\[1\] not found.
[STA-1650] /home/bala/git_stuff/summer_internship/syn/librelane/runs/full_flow/55-openroad-rcx/nom/mt_cpu.nom.spef line 547254, net ANTENNA_decode_stage.rf.tgrp_rf1_Do1\[1\] not found.
[STA-1648] /home/bala/git_stuff/summer_internship/syn/librelane/runs/full_flow/55-openroad-rcx/nom/mt_cpu.nom.spef line 547262, instance ANTENNA_decode_stage.rf.tgrp_rf1_Do1\[20\] not found.
[STA-1650] /home/bala/git_stuff/summer_internship/syn/librelane/runs/full_flow/55-openroad-rcx/nom/mt_cpu.nom.spef line 547268, net ANTENNA_decode_stage.rf.tgrp_rf1_Do1\[20\] not found.
[STA-1650] /home/bala/git_stuff/summer_internship/syn/librelane/runs/full_flow/55-openroad-rcx/nom/mt_cpu.nom.spef line 547276, net ANTENNA_decode_stage.rf.tgrp_rf1_Do1\[20\] not found.
[STA-1650] /home/bala/git_stuff/summer_internship/syn/librelane/runs/full_flow/55-openroad-rcx/nom/mt_cpu.nom.spef line 547284, net ANTENNA_decode_stage.rf.tgrp_rf1_Do1\[20\] not found.
[STA-1650] /home/bala/git_stuff/summer_internship/syn/librelane/runs/full_flow/55-openroad-rcx/nom/mt_cpu.nom.spef line 547296, net ANTENNA_decode_stage.rf.tgrp_rf1_Do1\[20\] not found.
[STA-1648] /home/bala/git_stuff/summer_internship/syn/librelane/runs/full_flow/55-openroad-rcx/nom/mt_cpu.nom.spef line 547302, instance ANTENNA_decode_stage.rf.tgrp_rf1_Do1\[21\] not found.
[STA-1650] /home/bala/git_stuff/summer_internship/syn/librelane/runs/full_flow/55-openroad-rcx/nom/mt_cpu.nom.spef line 547308, net ANTENNA_decode_stage.rf.tgrp_rf1_Do1\[21\] not found.
[STA-1650] /home/bala/git_stuff/summer_internship/syn/librelane/runs/full_flow/55-openroad-rcx/nom/mt_cpu.nom.spef line 547350, net ANTENNA_decode_stage.rf.tgrp_rf1_Do1\[21\] not found.
[STA-1650] /home/bala/git_stuff/summer_internship/syn/librelane/runs/full_flow/55-openroad-rcx/nom/mt_cpu.nom.spef line 547353, net ANTENNA_decode_stage.rf.tgrp_rf1_Do1\[21\] not found.
[STA-1648] /home/bala/git_stuff/summer_internship/syn/librelane/runs/full_flow/55-openroad-rcx/nom/mt_cpu.nom.spef line 547366, instance ANTENNA_decode_stage.rf.tgrp_rf1_Do1\[22\] not found.
[STA-1650] /home/bala/git_stuff/summer_internship/syn/librelane/runs/full_flow/55-openroad-rcx/nom/mt_cpu.nom.spef line 547372, net ANTENNA_decode_stage.rf.tgrp_rf1_Do1\[22\] not found.
[STA-1650] /home/bala/git_stuff/summer_internship/syn/librelane/runs/full_flow/55-openroad-rcx/nom/mt_cpu.nom.spef line 547416, net ANTENNA_decode_stage.rf.tgrp_rf1_Do1\[22\] not found.
[STA-1648] /home/bala/git_stuff/summer_internship/syn/librelane/runs/full_flow/55-openroad-rcx/nom/mt_cpu.nom.spef line 547429, instance ANTENNA_decode_stage.rf.tgrp_rf1_Do1\[23\] not found.
[STA-1650] /home/bala/git_stuff/summer_internship/syn/librelane/runs/full_flow/55-openroad-rcx/nom/mt_cpu.nom.spef line 547435, net ANTENNA_decode_stage.rf.tgrp_rf1_Do1\[23\] not found.
[STA-1650] /home/bala/git_stuff/summer_internship/syn/librelane/runs/full_flow/55-openroad-rcx/nom/mt_cpu.nom.spef line 547477, net ANTENNA_decode_stage.rf.tgrp_rf1_Do1\[23\] not found.
[STA-1650] /home/bala/git_stuff/summer_internship/syn/librelane/runs/full_flow/55-openroad-rcx/nom/mt_cpu.nom.spef line 547480, net ANTENNA_decode_stage.rf.tgrp_rf1_Do1\[23\] not found.
[STA-1648] /home/bala/git_stuff/summer_internship/syn/librelane/runs/full_flow/55-openroad-rcx/nom/mt_cpu.nom.spef line 547493, instance ANTENNA_decode_stage.rf.tgrp_rf1_Do1\[24\] not found.
[STA-1650] /home/bala/git_stuff/summer_internship/syn/librelane/runs/full_flow/55-openroad-rcx/nom/mt_cpu.nom.spef line 547499, net ANTENNA_decode_stage.rf.tgrp_rf1_Do1\[24\] not found.
[STA-1650] /home/bala/git_stuff/summer_internship/syn/librelane/runs/full_flow/55-openroad-rcx/nom/mt_cpu.nom.spef line 547548, net ANTENNA_decode_stage.rf.tgrp_rf1_Do1\[24\] not found.
[STA-1648] /home/bala/git_stuff/summer_internship/syn/librelane/runs/full_flow/55-openroad-rcx/nom/mt_cpu.nom.spef line 547560, instance ANTENNA_decode_stage.rf.tgrp_rf1_Do1\[25\] not found.
[STA-1650] /home/bala/git_stuff/summer_internship/syn/librelane/runs/full_flow/55-openroad-rcx/nom/mt_cpu.nom.spef line 547566, net ANTENNA_decode_stage.rf.tgrp_rf1_Do1\[25\] not found.
[STA-1650] /home/bala/git_stuff/summer_internship/syn/librelane/runs/full_flow/55-openroad-rcx/nom/mt_cpu.nom.spef line 547608, net ANTENNA_decode_stage.rf.tgrp_rf1_Do1\[25\] not found.
[STA-1648] /home/bala/git_stuff/summer_internship/syn/librelane/runs/full_flow/55-openroad-rcx/nom/mt_cpu.nom.spef line 547623, instance ANTENNA_decode_stage.rf.tgrp_rf1_Do1\[26\] not found.
[STA-1650] /home/bala/git_stuff/summer_internship/syn/librelane/runs/full_flow/55-openroad-rcx/nom/mt_cpu.nom.spef line 547629, net ANTENNA_decode_stage.rf.tgrp_rf1_Do1\[26\] not found.
[STA-1650] /home/bala/git_stuff/summer_internship/syn/librelane/runs/full_flow/55-openroad-rcx/nom/mt_cpu.nom.spef line 547670, net ANTENNA_decode_stage.rf.tgrp_rf1_Do1\[26\] not found.
[STA-1648] /home/bala/git_stuff/summer_internship/syn/librelane/runs/full_flow/55-openroad-rcx/nom/mt_cpu.nom.spef line 547687, instance ANTENNA_decode_stage.rf.tgrp_rf1_Do1\[27\] not found.
[STA-1650] /home/bala/git_stuff/summer_internship/syn/librelane/runs/full_flow/55-openroad-rcx/nom/mt_cpu.nom.spef line 547693, net ANTENNA_decode_stage.rf.tgrp_rf1_Do1\[27\] not found.
[STA-1650] /home/bala/git_stuff/summer_internship/syn/librelane/runs/full_flow/55-openroad-rcx/nom/mt_cpu.nom.spef line 547721, net ANTENNA_decode_stage.rf.tgrp_rf1_Do1\[27\] not found.
[STA-1648] /home/bala/git_stuff/summer_internship/syn/librelane/runs/full_flow/55-openroad-rcx/nom/mt_cpu.nom.spef line 547732, instance ANTENNA_decode_stage.rf.tgrp_rf1_Do1\[28\] not found.
[STA-1650] /home/bala/git_stuff/summer_internship/syn/librelane/runs/full_flow/55-openroad-rcx/nom/mt_cpu.nom.spef line 547738, net ANTENNA_decode_stage.rf.tgrp_rf1_Do1\[28\] not found.
[STA-1650] /home/bala/git_stuff/summer_internship/syn/librelane/runs/full_flow/55-openroad-rcx/nom/mt_cpu.nom.spef line 547768, net ANTENNA_decode_stage.rf.tgrp_rf1_Do1\[28\] not found.
[STA-1648] /home/bala/git_stuff/summer_internship/syn/librelane/runs/full_flow/55-openroad-rcx/nom/mt_cpu.nom.spef line 547781, instance ANTENNA_decode_stage.rf.tgrp_rf1_Do1\[29\] not found.
[STA-1650] /home/bala/git_stuff/summer_internship/syn/librelane/runs/full_flow/55-openroad-rcx/nom/mt_cpu.nom.spef line 547787, net ANTENNA_decode_stage.rf.tgrp_rf1_Do1\[29\] not found.
[STA-1650] /home/bala/git_stuff/summer_internship/syn/librelane/runs/full_flow/55-openroad-rcx/nom/mt_cpu.nom.spef line 547816, net ANTENNA_decode_stage.rf.tgrp_rf1_Do1\[29\] not found.
[STA-1648] /home/bala/git_stuff/summer_internship/syn/librelane/runs/full_flow/55-openroad-rcx/nom/mt_cpu.nom.spef line 547829, instance ANTENNA_decode_stage.rf.tgrp_rf1_Do1\[2\] not found.
[STA-1650] /home/bala/git_stuff/summer_internship/syn/librelane/runs/full_flow/55-openroad-rcx/nom/mt_cpu.nom.spef line 547835, net ANTENNA_decode_stage.rf.tgrp_rf1_Do1\[2\] not found.
[STA-1650] /home/bala/git_stuff/summer_internship/syn/librelane/runs/full_flow/55-openroad-rcx/nom/mt_cpu.nom.spef line 547869, net ANTENNA_decode_stage.rf.tgrp_rf1_Do1\[2\] not found.
[STA-1648] /home/bala/git_stuff/summer_internship/syn/librelane/runs/full_flow/55-openroad-rcx/nom/mt_cpu.nom.spef line 547882, instance ANTENNA_decode_stage.rf.tgrp_rf1_Do1\[30\] not found.
[STA-1650] /home/bala/git_stuff/summer_internship/syn/librelane/runs/full_flow/55-openroad-rcx/nom/mt_cpu.nom.spef line 547888, net ANTENNA_decode_stage.rf.tgrp_rf1_Do1\[30\] not found.
[STA-1650] /home/bala/git_stuff/summer_internship/syn/librelane/runs/full_flow/55-openroad-rcx/nom/mt_cpu.nom.spef line 547913, net ANTENNA_decode_stage.rf.tgrp_rf1_Do1\[30\] not found.
[STA-1648] /home/bala/git_stuff/summer_internship/syn/librelane/runs/full_flow/55-openroad-rcx/nom/mt_cpu.nom.spef line 547926, instance ANTENNA_decode_stage.rf.tgrp_rf1_Do1\[31\] not found.
[STA-1650] /home/bala/git_stuff/summer_internship/syn/librelane/runs/full_flow/55-openroad-rcx/nom/mt_cpu.nom.spef line 547932, net ANTENNA_decode_stage.rf.tgrp_rf1_Do1\[31\] not found.
[STA-1650] /home/bala/git_stuff/summer_internship/syn/librelane/runs/full_flow/55-openroad-rcx/nom/mt_cpu.nom.spef line 547964, net ANTENNA_decode_stage.rf.tgrp_rf1_Do1\[31\] not found.
[STA-1648] /home/bala/git_stuff/summer_internship/syn/librelane/runs/full_flow/55-openroad-rcx/nom/mt_cpu.nom.spef line 547973, instance ANTENNA_decode_stage.rf.tgrp_rf1_Do1\[3\] not found.
[STA-1650] /home/bala/git_stuff/summer_internship/syn/librelane/runs/full_flow/55-openroad-rcx/nom/mt_cpu.nom.spef line 547979, net ANTENNA_decode_stage.rf.tgrp_rf1_Do1\[3\] not found.
[STA-1650] /home/bala/git_stuff/summer_internship/syn/librelane/runs/full_flow/55-openroad-rcx/nom/mt_cpu.nom.spef line 548005, net ANTENNA_decode_stage.rf.tgrp_rf1_Do1\[3\] not found.
[STA-1648] /home/bala/git_stuff/summer_internship/syn/librelane/runs/full_flow/55-openroad-rcx/nom/mt_cpu.nom.spef line 548009, instance ANTENNA_decode_stage.rf.tgrp_rf1_Do1\[4\] not found.
[STA-1650] /home/bala/git_stuff/summer_internship/syn/librelane/runs/full_flow/55-openroad-rcx/nom/mt_cpu.nom.spef line 548015, net ANTENNA_decode_stage.rf.tgrp_rf1_Do1\[4\] not found.
[STA-1650] /home/bala/git_stuff/summer_internship/syn/librelane/runs/full_flow/55-openroad-rcx/nom/mt_cpu.nom.spef line 548046, net ANTENNA_decode_stage.rf.tgrp_rf1_Do1\[4\] not found.
[STA-1648] /home/bala/git_stuff/summer_internship/syn/librelane/runs/full_flow/55-openroad-rcx/nom/mt_cpu.nom.spef line 548052, instance ANTENNA_decode_stage.rf.tgrp_rf1_Do1\[5\] not found.
[STA-1650] /home/bala/git_stuff/summer_internship/syn/librelane/runs/full_flow/55-openroad-rcx/nom/mt_cpu.nom.spef line 548058, net ANTENNA_decode_stage.rf.tgrp_rf1_Do1\[5\] not found.
[STA-1650] /home/bala/git_stuff/summer_internship/syn/librelane/runs/full_flow/55-openroad-rcx/nom/mt_cpu.nom.spef line 548065, net ANTENNA_decode_stage.rf.tgrp_rf1_Do1\[7\] not found.
[STA-1650] /home/bala/git_stuff/summer_internship/syn/librelane/runs/full_flow/55-openroad-rcx/nom/mt_cpu.nom.spef line 548085, net ANTENNA_decode_stage.rf.tgrp_rf1_Do1\[5\] not found.
[STA-1648] /home/bala/git_stuff/summer_internship/syn/librelane/runs/full_flow/55-openroad-rcx/nom/mt_cpu.nom.spef line 548096, instance ANTENNA_decode_stage.rf.tgrp_rf1_Do1\[6\] not found.
[STA-1650] /home/bala/git_stuff/summer_internship/syn/librelane/runs/full_flow/55-openroad-rcx/nom/mt_cpu.nom.spef line 548102, net ANTENNA_decode_stage.rf.tgrp_rf1_Do1\[6\] not found.
[STA-1650] /home/bala/git_stuff/summer_internship/syn/librelane/runs/full_flow/55-openroad-rcx/nom/mt_cpu.nom.spef line 548140, net ANTENNA_decode_stage.rf.tgrp_rf1_Do1\[6\] not found.
[STA-1648] /home/bala/git_stuff/summer_internship/syn/librelane/runs/full_flow/55-openroad-rcx/nom/mt_cpu.nom.spef line 548152, instance ANTENNA_decode_stage.rf.tgrp_rf1_Do1\[7\] not found.
[STA-1650] /home/bala/git_stuff/summer_internship/syn/librelane/runs/full_flow/55-openroad-rcx/nom/mt_cpu.nom.spef line 548158, net ANTENNA_decode_stage.rf.tgrp_rf1_Do1\[7\] not found.
[STA-1650] /home/bala/git_stuff/summer_internship/syn/librelane/runs/full_flow/55-openroad-rcx/nom/mt_cpu.nom.spef line 548174, net ANTENNA_decode_stage.rf.tgrp_rf1_Do1\[7\] not found.
[STA-1650] /home/bala/git_stuff/summer_internship/syn/librelane/runs/full_flow/55-openroad-rcx/nom/mt_cpu.nom.spef line 548177, net ANTENNA_decode_stage.rf.tgrp_rf1_Do1\[7\] not found.
[STA-1648] /home/bala/git_stuff/summer_internship/syn/librelane/runs/full_flow/55-openroad-rcx/nom/mt_cpu.nom.spef line 548207, instance ANTENNA_decode_stage.rf.tgrp_rf1_Do1\[9\] not found.
[STA-1650] /home/bala/git_stuff/summer_internship/syn/librelane/runs/full_flow/55-openroad-rcx/nom/mt_cpu.nom.spef line 548213, net ANTENNA_decode_stage.rf.tgrp_rf1_Do1\[9\] not found.
[STA-1650] /home/bala/git_stuff/summer_internship/syn/librelane/runs/full_flow/55-openroad-rcx/nom/mt_cpu.nom.spef line 548241, net ANTENNA_decode_stage.rf.tgrp_rf1_Do1\[20\] not found.
[STA-1650] /home/bala/git_stuff/summer_internship/syn/librelane/runs/full_flow/55-openroad-rcx/nom/mt_cpu.nom.spef line 548265, net ANTENNA_decode_stage.rf.tgrp_rf1_Do1\[9\] not found.
[STA-1648] /home/bala/git_stuff/summer_internship/syn/librelane/runs/full_flow/55-openroad-rcx/nom/mt_cpu.nom.spef line 548269, instance ANTENNA_decode_stage.rf.tgrp_rf2_A0\[0\] not found.
[STA-1650] /home/bala/git_stuff/summer_internship/syn/librelane/runs/full_flow/55-openroad-rcx/nom/mt_cpu.nom.spef line 548275, net ANTENNA_decode_stage.rf.tgrp_rf2_A0\[0\] not found.
[STA-1650] /home/bala/git_stuff/summer_internship/syn/librelane/runs/full_flow/55-openroad-rcx/nom/mt_cpu.nom.spef line 548282, net ANTENNA_decode_stage.rf.tgrp_rf2_A0\[0\] not found.
[STA-1650] /home/bala/git_stuff/summer_internship/syn/librelane/runs/full_flow/55-openroad-rcx/nom/mt_cpu.nom.spef line 548301, net ANTENNA_decode_stage.rf.tgrp_rf2_A0\[0\] not found.
[STA-1650] /home/bala/git_stuff/summer_internship/syn/librelane/runs/full_flow/55-openroad-rcx/nom/mt_cpu.nom.spef line 548313, net ANTENNA_decode_stage.rf.tgrp_rf2_A0\[0\] not found.
[STA-1648] /home/bala/git_stuff/summer_internship/syn/librelane/runs/full_flow/55-openroad-rcx/nom/mt_cpu.nom.spef line 548317, instance ANTENNA_decode_stage.rf.tgrp_rf2_A0\[1\] not found.
[STA-1650] /home/bala/git_stuff/summer_internship/syn/librelane/runs/full_flow/55-openroad-rcx/nom/mt_cpu.nom.spef line 548323, net ANTENNA_decode_stage.rf.tgrp_rf2_A0\[1\] not found.
[STA-1650] /home/bala/git_stuff/summer_internship/syn/librelane/runs/full_flow/55-openroad-rcx/nom/mt_cpu.nom.spef line 548331, net ANTENNA_decode_stage.rf.tgrp_rf2_A0\[1\] not found.
[STA-1650] /home/bala/git_stuff/summer_internship/syn/librelane/runs/full_flow/55-openroad-rcx/nom/mt_cpu.nom.spef line 548342, net ANTENNA_decode_stage.rf.tgrp_rf2_A0\[1\] not found.
[STA-1650] /home/bala/git_stuff/summer_internship/syn/librelane/runs/full_flow/55-openroad-rcx/nom/mt_cpu.nom.spef line 548361, net ANTENNA_decode_stage.rf.tgrp_rf2_A0\[1\] not found.
[STA-1648] /home/bala/git_stuff/summer_internship/syn/librelane/runs/full_flow/55-openroad-rcx/nom/mt_cpu.nom.spef line 548365, instance ANTENNA_decode_stage.rf.tgrp_rf2_A0\[2\] not found.
[STA-1650] /home/bala/git_stuff/summer_internship/syn/librelane/runs/full_flow/55-openroad-rcx/nom/mt_cpu.nom.spef line 548371, net ANTENNA_decode_stage.rf.tgrp_rf2_A0\[2\] not found.
[STA-1650] /home/bala/git_stuff/summer_internship/syn/librelane/runs/full_flow/55-openroad-rcx/nom/mt_cpu.nom.spef line 548388, net ANTENNA_decode_stage.rf.tgrp_rf2_A0\[2\] not found.
[STA-1650] /home/bala/git_stuff/summer_internship/syn/librelane/runs/full_flow/55-openroad-rcx/nom/mt_cpu.nom.spef line 548393, net ANTENNA_decode_stage.rf.tgrp_rf2_A0\[2\] not found.
[STA-1650] /home/bala/git_stuff/summer_internship/syn/librelane/runs/full_flow/55-openroad-rcx/nom/mt_cpu.nom.spef line 548412, net ANTENNA_decode_stage.rf.tgrp_rf2_A0\[2\] not found.
[STA-1648] /home/bala/git_stuff/summer_internship/syn/librelane/runs/full_flow/55-openroad-rcx/nom/mt_cpu.nom.spef line 548416, instance ANTENNA_decode_stage.rf.tgrp_rf2_A0\[3\] not found.
[STA-1650] /home/bala/git_stuff/summer_internship/syn/librelane/runs/full_flow/55-openroad-rcx/nom/mt_cpu.nom.spef line 548422, net ANTENNA_decode_stage.rf.tgrp_rf2_A0\[3\] not found.
[STA-1650] /home/bala/git_stuff/summer_internship/syn/librelane/runs/full_flow/55-openroad-rcx/nom/mt_cpu.nom.spef line 548437, net ANTENNA_decode_stage.rf.tgrp_rf2_A0\[3\] not found.
[STA-1650] /home/bala/git_stuff/summer_internship/syn/librelane/runs/full_flow/55-openroad-rcx/nom/mt_cpu.nom.spef line 548443, net ANTENNA_decode_stage.rf.tgrp_rf2_A0\[3\] not found.
[STA-1650] /home/bala/git_stuff/summer_internship/syn/librelane/runs/full_flow/55-openroad-rcx/nom/mt_cpu.nom.spef line 548456, net ANTENNA_decode_stage.rf.tgrp_rf2_A0\[3\] not found.
[STA-1648] /home/bala/git_stuff/summer_internship/syn/librelane/runs/full_flow/55-openroad-rcx/nom/mt_cpu.nom.spef line 548461, instance ANTENNA_decode_stage.rf.tgrp_rf2_A0\[4\] not found.
[STA-1650] /home/bala/git_stuff/summer_internship/syn/librelane/runs/full_flow/55-openroad-rcx/nom/mt_cpu.nom.spef line 548467, net ANTENNA_decode_stage.rf.tgrp_rf2_A0\[4\] not found.
[STA-1650] /home/bala/git_stuff/summer_internship/syn/librelane/runs/full_flow/55-openroad-rcx/nom/mt_cpu.nom.spef line 548482, net ANTENNA_decode_stage.rf.tgrp_rf2_A0\[4\] not found.
[STA-1648] /home/bala/git_stuff/summer_internship/syn/librelane/runs/full_flow/55-openroad-rcx/nom/mt_cpu.nom.spef line 548487, instance ANTENNA_decode_stage.rf.tgrp_rf2_A0\[5\] not found.
[STA-1650] /home/bala/git_stuff/summer_internship/syn/librelane/runs/full_flow/55-openroad-rcx/nom/mt_cpu.nom.spef line 548493, net ANTENNA_decode_stage.rf.tgrp_rf2_A0\[5\] not found.
[STA-1650] /home/bala/git_stuff/summer_internship/syn/librelane/runs/full_flow/55-openroad-rcx/nom/mt_cpu.nom.spef line 548524, net ANTENNA_decode_stage.rf.tgrp_rf2_A0\[5\] not found.
[STA-1648] /home/bala/git_stuff/summer_internship/syn/librelane/runs/full_flow/55-openroad-rcx/nom/mt_cpu.nom.spef line 548609, instance ANTENNA_decode_stage.rf.tgrp_rf2_A1\[5\] not found.
[STA-1650] /home/bala/git_stuff/summer_internship/syn/librelane/runs/full_flow/55-openroad-rcx/nom/mt_cpu.nom.spef line 548617, net ANTENNA_decode_stage.rf.tgrp_rf2_A1\[5\] not found.
[STA-1650] /home/bala/git_stuff/summer_internship/syn/librelane/runs/full_flow/55-openroad-rcx/nom/mt_cpu.nom.spef line 548654, net ANTENNA_decode_stage.rf.tgrp_rf2_A1\[5\] not found.
[STA-1650] /home/bala/git_stuff/summer_internship/syn/librelane/runs/full_flow/55-openroad-rcx/nom/mt_cpu.nom.spef line 548663, net ANTENNA_decode_stage.rf.tgrp_rf2_A1\[5\] not found.
[STA-1650] /home/bala/git_stuff/summer_internship/syn/librelane/runs/full_flow/55-openroad-rcx/nom/mt_cpu.nom.spef line 548680, net ANTENNA_decode_stage.rf.tgrp_rf2_A1\[5\] not found.
[STA-1648] /home/bala/git_stuff/summer_internship/syn/librelane/runs/full_flow/55-openroad-rcx/nom/mt_cpu.nom.spef line 548689, instance ANTENNA_decode_stage.rf.tgrp_rf2_A1\[6\] not found.
[STA-1650] /home/bala/git_stuff/summer_internship/syn/librelane/runs/full_flow/55-openroad-rcx/nom/mt_cpu.nom.spef line 548695, net ANTENNA_decode_stage.rf.tgrp_rf2_A1\[6\] not found.
[STA-1650] /home/bala/git_stuff/summer_internship/syn/librelane/runs/full_flow/55-openroad-rcx/nom/mt_cpu.nom.spef line 548733, net ANTENNA_decode_stage.rf.tgrp_rf1_A0\[5\] not found.
[STA-1650] /home/bala/git_stuff/summer_internship/syn/librelane/runs/full_flow/55-openroad-rcx/nom/mt_cpu.nom.spef line 548822, net ANTENNA_decode_stage.rf.tgrp_rf2_A1\[6\] not found.
[STA-1648] /home/bala/git_stuff/summer_internship/syn/librelane/runs/full_flow/55-openroad-rcx/nom/mt_cpu.nom.spef line 549425, instance ANTENNA_decode_stage.rf.tgrp_rf2_Do0\[0\] not found.
[STA-1650] /home/bala/git_stuff/summer_internship/syn/librelane/runs/full_flow/55-openroad-rcx/nom/mt_cpu.nom.spef line 549431, net ANTENNA_decode_stage.rf.tgrp_rf2_Do0\[0\] not found.
[STA-1650] /home/bala/git_stuff/summer_internship/syn/librelane/runs/full_flow/55-openroad-rcx/nom/mt_cpu.nom.spef line 549458, net ANTENNA_decode_stage.rf.tgrp_rf2_Do0\[0\] not found.
[STA-1648] /home/bala/git_stuff/summer_internship/syn/librelane/runs/full_flow/55-openroad-rcx/nom/mt_cpu.nom.spef line 549468, instance ANTENNA_decode_stage.rf.tgrp_rf2_Do0\[10\] not found.
[STA-1650] /home/bala/git_stuff/summer_internship/syn/librelane/runs/full_flow/55-openroad-rcx/nom/mt_cpu.nom.spef line 549474, net ANTENNA_decode_stage.rf.tgrp_rf2_Do0\[10\] not found.
[STA-1650] /home/bala/git_stuff/summer_internship/syn/librelane/runs/full_flow/55-openroad-rcx/nom/mt_cpu.nom.spef line 549493, net ANTENNA_decode_stage.rf.tgrp_rf2_Do0\[10\] not found.
[STA-1648] /home/bala/git_stuff/summer_internship/syn/librelane/runs/full_flow/55-openroad-rcx/nom/mt_cpu.nom.spef line 549544, instance ANTENNA_decode_stage.rf.tgrp_rf2_Do0\[13\] not found.
[STA-1650] /home/bala/git_stuff/summer_internship/syn/librelane/runs/full_flow/55-openroad-rcx/nom/mt_cpu.nom.spef line 549550, net ANTENNA_decode_stage.rf.tgrp_rf2_Do0\[13\] not found.
[STA-1650] /home/bala/git_stuff/summer_internship/syn/librelane/runs/full_flow/55-openroad-rcx/nom/mt_cpu.nom.spef line 549582, net ANTENNA_decode_stage.rf.tgrp_rf2_Do0\[13\] not found.
[STA-1648] /home/bala/git_stuff/summer_internship/syn/librelane/runs/full_flow/55-openroad-rcx/nom/mt_cpu.nom.spef line 549594, instance ANTENNA_decode_stage.rf.tgrp_rf2_Do0\[14\] not found.
[STA-1650] /home/bala/git_stuff/summer_internship/syn/librelane/runs/full_flow/55-openroad-rcx/nom/mt_cpu.nom.spef line 549600, net ANTENNA_decode_stage.rf.tgrp_rf2_Do0\[14\] not found.
[STA-1650] /home/bala/git_stuff/summer_internship/syn/librelane/runs/full_flow/55-openroad-rcx/nom/mt_cpu.nom.spef line 549626, net ANTENNA_decode_stage.rf.tgrp_rf2_Do0\[14\] not found.
[STA-1648] /home/bala/git_stuff/summer_internship/syn/librelane/runs/full_flow/55-openroad-rcx/nom/mt_cpu.nom.spef line 549636, instance ANTENNA_decode_stage.rf.tgrp_rf2_Do0\[15\] not found.
[STA-1650] /home/bala/git_stuff/summer_internship/syn/librelane/runs/full_flow/55-openroad-rcx/nom/mt_cpu.nom.spef line 549642, net ANTENNA_decode_stage.rf.tgrp_rf2_Do0\[15\] not found.
[STA-1650] /home/bala/git_stuff/summer_internship/syn/librelane/runs/full_flow/55-openroad-rcx/nom/mt_cpu.nom.spef line 549677, net ANTENNA_decode_stage.rf.tgrp_rf2_Do0\[15\] not found.
[STA-1650] /home/bala/git_stuff/summer_internship/syn/librelane/runs/full_flow/55-openroad-rcx/nom/mt_cpu.nom.spef line 549704, net ANTENNA_decode_stage.rf.tgrp_rf2_Do0\[15\] not found.
[STA-1648] /home/bala/git_stuff/summer_internship/syn/librelane/runs/full_flow/55-openroad-rcx/nom/mt_cpu.nom.spef line 549731, instance ANTENNA_decode_stage.rf.tgrp_rf2_Do0\[17\] not found.
[STA-1650] /home/bala/git_stuff/summer_internship/syn/librelane/runs/full_flow/55-openroad-rcx/nom/mt_cpu.nom.spef line 549737, net ANTENNA_decode_stage.rf.tgrp_rf2_Do0\[17\] not found.
[STA-1650] /home/bala/git_stuff/summer_internship/syn/librelane/runs/full_flow/55-openroad-rcx/nom/mt_cpu.nom.spef line 549762, net ANTENNA_decode_stage.rf.tgrp_rf2_Do0\[17\] not found.
[STA-1648] /home/bala/git_stuff/summer_internship/syn/librelane/runs/full_flow/55-openroad-rcx/nom/mt_cpu.nom.spef line 549792, instance ANTENNA_decode_stage.rf.tgrp_rf2_Do0\[19\] not found.
[STA-1650] /home/bala/git_stuff/summer_internship/syn/librelane/runs/full_flow/55-openroad-rcx/nom/mt_cpu.nom.spef line 549798, net ANTENNA_decode_stage.rf.tgrp_rf2_Do0\[19\] not found.
[STA-1650] /home/bala/git_stuff/summer_internship/syn/librelane/runs/full_flow/55-openroad-rcx/nom/mt_cpu.nom.spef line 549819, net ANTENNA_decode_stage.rf.tgrp_rf2_Do0\[19\] not found.
[STA-1648] /home/bala/git_stuff/summer_internship/syn/librelane/runs/full_flow/55-openroad-rcx/nom/mt_cpu.nom.spef line 549829, instance ANTENNA_decode_stage.rf.tgrp_rf2_Do0\[1\] not found.
[STA-1650] /home/bala/git_stuff/summer_internship/syn/librelane/runs/full_flow/55-openroad-rcx/nom/mt_cpu.nom.spef line 549835, net ANTENNA_decode_stage.rf.tgrp_rf2_Do0\[1\] not found.
[STA-1650] /home/bala/git_stuff/summer_internship/syn/librelane/runs/full_flow/55-openroad-rcx/nom/mt_cpu.nom.spef line 549860, net ANTENNA_decode_stage.rf.tgrp_rf2_Do0\[1\] not found.
[STA-1648] /home/bala/git_stuff/summer_internship/syn/librelane/runs/full_flow/55-openroad-rcx/nom/mt_cpu.nom.spef line 549873, instance ANTENNA_decode_stage.rf.tgrp_rf2_Do0\[20\] not found.
[STA-1650] /home/bala/git_stuff/summer_internship/syn/librelane/runs/full_flow/55-openroad-rcx/nom/mt_cpu.nom.spef line 549879, net ANTENNA_decode_stage.rf.tgrp_rf2_Do0\[20\] not found.
[STA-1650] /home/bala/git_stuff/summer_internship/syn/librelane/runs/full_flow/55-openroad-rcx/nom/mt_cpu.nom.spef line 549919, net ANTENNA_decode_stage.rf.tgrp_rf2_Do0\[20\] not found.
[STA-1648] /home/bala/git_stuff/summer_internship/syn/librelane/runs/full_flow/55-openroad-rcx/nom/mt_cpu.nom.spef line 550202, instance ANTENNA_decode_stage.rf.tgrp_rf2_Do0\[4\] not found.
[STA-1650] /home/bala/git_stuff/summer_internship/syn/librelane/runs/full_flow/55-openroad-rcx/nom/mt_cpu.nom.spef line 550208, net ANTENNA_decode_stage.rf.tgrp_rf2_Do0\[4\] not found.
[STA-1650] /home/bala/git_stuff/summer_internship/syn/librelane/runs/full_flow/55-openroad-rcx/nom/mt_cpu.nom.spef line 550245, net ANTENNA_decode_stage.rf.tgrp_rf2_Do0\[4\] not found.
[STA-1648] /home/bala/git_stuff/summer_internship/syn/librelane/runs/full_flow/55-openroad-rcx/nom/mt_cpu.nom.spef line 550251, instance ANTENNA_decode_stage.rf.tgrp_rf2_Do0\[5\] not found.
[STA-1650] /home/bala/git_stuff/summer_internship/syn/librelane/runs/full_flow/55-openroad-rcx/nom/mt_cpu.nom.spef line 550257, net ANTENNA_decode_stage.rf.tgrp_rf2_Do0\[5\] not found.
[STA-1650] /home/bala/git_stuff/summer_internship/syn/librelane/runs/full_flow/55-openroad-rcx/nom/mt_cpu.nom.spef line 550293, net ANTENNA_decode_stage.rf.tgrp_rf2_Do0\[5\] not found.
[STA-1648] /home/bala/git_stuff/summer_internship/syn/librelane/runs/full_flow/55-openroad-rcx/nom/mt_cpu.nom.spef line 550304, instance ANTENNA_decode_stage.rf.tgrp_rf2_Do0\[6\] not found.
[STA-1650] /home/bala/git_stuff/summer_internship/syn/librelane/runs/full_flow/55-openroad-rcx/nom/mt_cpu.nom.spef line 550310, net ANTENNA_decode_stage.rf.tgrp_rf2_Do0\[6\] not found.
[STA-1650] /home/bala/git_stuff/summer_internship/syn/librelane/runs/full_flow/55-openroad-rcx/nom/mt_cpu.nom.spef line 550339, net ANTENNA_decode_stage.rf.tgrp_rf2_Do0\[6\] not found.
[STA-1648] /home/bala/git_stuff/summer_internship/syn/librelane/runs/full_flow/55-openroad-rcx/nom/mt_cpu.nom.spef line 550350, instance ANTENNA_decode_stage.rf.tgrp_rf2_Do0\[7\] not found.
[STA-1650] /home/bala/git_stuff/summer_internship/syn/librelane/runs/full_flow/55-openroad-rcx/nom/mt_cpu.nom.spef line 550356, net ANTENNA_decode_stage.rf.tgrp_rf2_Do0\[7\] not found.
[STA-1650] /home/bala/git_stuff/summer_internship/syn/librelane/runs/full_flow/55-openroad-rcx/nom/mt_cpu.nom.spef line 550401, net ANTENNA_decode_stage.rf.tgrp_rf2_Do0\[7\] not found.
[STA-1648] /home/bala/git_stuff/summer_internship/syn/librelane/runs/full_flow/55-openroad-rcx/nom/mt_cpu.nom.spef line 550407, instance ANTENNA_decode_stage.rf.tgrp_rf2_Do0\[8\] not found.
[STA-1650] /home/bala/git_stuff/summer_internship/syn/librelane/runs/full_flow/55-openroad-rcx/nom/mt_cpu.nom.spef line 550413, net ANTENNA_decode_stage.rf.tgrp_rf2_Do0\[8\] not found.
[STA-1650] /home/bala/git_stuff/summer_internship/syn/librelane/runs/full_flow/55-openroad-rcx/nom/mt_cpu.nom.spef line 550445, net ANTENNA_decode_stage.rf.tgrp_rf2_Do0\[8\] not found.
[STA-1648] /home/bala/git_stuff/summer_internship/syn/librelane/runs/full_flow/55-openroad-rcx/nom/mt_cpu.nom.spef line 550455, instance ANTENNA_decode_stage.rf.tgrp_rf2_Do0\[9\] not found.
[STA-1650] /home/bala/git_stuff/summer_internship/syn/librelane/runs/full_flow/55-openroad-rcx/nom/mt_cpu.nom.spef line 550461, net ANTENNA_decode_stage.rf.tgrp_rf2_Do0\[9\] not found.
[STA-1650] /home/bala/git_stuff/summer_internship/syn/librelane/runs/full_flow/55-openroad-rcx/nom/mt_cpu.nom.spef line 550500, net ANTENNA_decode_stage.rf.tgrp_rf2_Do0\[9\] not found.
[STA-1648] /home/bala/git_stuff/summer_internship/syn/librelane/runs/full_flow/55-openroad-rcx/nom/mt_cpu.nom.spef line 550964, instance ANTENNA_decode_stage.rf.tgrp_rf2_Do1\[3\] not found.
[STA-1650] /home/bala/git_stuff/summer_internship/syn/librelane/runs/full_flow/55-openroad-rcx/nom/mt_cpu.nom.spef line 550970, net ANTENNA_decode_stage.rf.tgrp_rf2_Do1\[3\] not found.
[STA-1650] /home/bala/git_stuff/summer_internship/syn/librelane/runs/full_flow/55-openroad-rcx/nom/mt_cpu.nom.spef line 551019, net ANTENNA_decode_stage.rf.tgrp_rf2_Do1\[3\] not found.
[STA-1648] /home/bala/git_stuff/summer_internship/syn/librelane/runs/full_flow/55-openroad-rcx/nom/mt_cpu.nom.spef line 696432, instance ANTENNA_decode_stage.rf.tgrp_rf1_A1\[5\] not found.
[STA-1650] /home/bala/git_stuff/summer_internship/syn/librelane/runs/full_flow/55-openroad-rcx/nom/mt_cpu.nom.spef line 696438, net ANTENNA_decode_stage.rf.tgrp_rf1_A1\[5\] not found.
[STA-1650] /home/bala/git_stuff/summer_internship/syn/librelane/runs/full_flow/55-openroad-rcx/nom/mt_cpu.nom.spef line 696457, net ANTENNA_decode_stage.rf.tgrp_rf1_A1\[5\] not found.
[STA-1648] /home/bala/git_stuff/summer_internship/syn/librelane/runs/full_flow/55-openroad-rcx/nom/mt_cpu.nom.spef line 700474, instance ANTENNA_decode_stage.rf.tgrp_rf1_WE0\[3\] not found.
[STA-1648] /home/bala/git_stuff/summer_internship/syn/librelane/runs/full_flow/55-openroad-rcx/nom/mt_cpu.nom.spef line 700476, instance ANTENNA_decode_stage.rf.tgrp_rf1_WE0\[2\] not found.
[STA-1650] /home/bala/git_stuff/summer_internship/syn/librelane/runs/full_flow/55-openroad-rcx/nom/mt_cpu.nom.spef line 700548, net ANTENNA_decode_stage.rf.tgrp_rf1_WE0\[3\] not found.
[STA-1650] /home/bala/git_stuff/summer_internship/syn/librelane/runs/full_flow/55-openroad-rcx/nom/mt_cpu.nom.spef line 700550, net ANTENNA_decode_stage.rf.tgrp_rf1_WE0\[2\] not found.
[STA-1650] /home/bala/git_stuff/summer_internship/syn/librelane/runs/full_flow/55-openroad-rcx/nom/mt_cpu.nom.spef line 700734, net ANTENNA_decode_stage.rf.tgrp_rf1_WE0\[3\] not found.
[STA-1650] /home/bala/git_stuff/summer_internship/syn/librelane/runs/full_flow/55-openroad-rcx/nom/mt_cpu.nom.spef line 700828, net ANTENNA_decode_stage.rf.tgrp_rf1_WE0\[3\] not found.
[STA-1650] /home/bala/git_stuff/summer_internship/syn/librelane/runs/full_flow/55-openroad-rcx/nom/mt_cpu.nom.spef line 700837, net ANTENNA_decode_stage.rf.tgrp_rf1_WE0\[3\] not found.
[STA-1650] /home/bala/git_stuff/summer_internship/syn/librelane/runs/full_flow/55-openroad-rcx/nom/mt_cpu.nom.spef line 700848, net ANTENNA_decode_stage.rf.tgrp_rf1_WE0\[3\] not found.
[STA-1650] /home/bala/git_stuff/summer_internship/syn/librelane/runs/full_flow/55-openroad-rcx/nom/mt_cpu.nom.spef line 700936, net ANTENNA_decode_stage.rf.tgrp_rf1_WE0\[2\] not found.
[STA-1650] /home/bala/git_stuff/summer_internship/syn/librelane/runs/full_flow/55-openroad-rcx/nom/mt_cpu.nom.spef line 700940, net ANTENNA_decode_stage.rf.tgrp_rf1_WE0\[3\] not found.
[STA-1648] /home/bala/git_stuff/summer_internship/syn/librelane/runs/full_flow/55-openroad-rcx/nom/mt_cpu.nom.spef line 701081, instance ANTENNA_decode_stage.rf.tgrp_rf1_WE0\[1\] not found.
[STA-1648] /home/bala/git_stuff/summer_internship/syn/librelane/runs/full_flow/55-openroad-rcx/nom/mt_cpu.nom.spef line 701084, instance ANTENNA_decode_stage.rf.tgrp_rf1_WE0\[0\] not found.
[STA-1650] /home/bala/git_stuff/summer_internship/syn/librelane/runs/full_flow/55-openroad-rcx/nom/mt_cpu.nom.spef line 701103, net ANTENNA_decode_stage.rf.tgrp_rf1_WE0\[1\] not found.
[STA-1650] /home/bala/git_stuff/summer_internship/syn/librelane/runs/full_flow/55-openroad-rcx/nom/mt_cpu.nom.spef line 701106, net ANTENNA_decode_stage.rf.tgrp_rf1_WE0\[0\] not found.
[STA-1650] /home/bala/git_stuff/summer_internship/syn/librelane/runs/full_flow/55-openroad-rcx/nom/mt_cpu.nom.spef line 701317, net ANTENNA_decode_stage.rf.tgrp_rf1_WE0\[0\] not found.
[STA-1650] /home/bala/git_stuff/summer_internship/syn/librelane/runs/full_flow/55-openroad-rcx/nom/mt_cpu.nom.spef line 701324, net ANTENNA_decode_stage.rf.tgrp_rf1_WE0\[1\] not found.
[STA-1648] /home/bala/git_stuff/summer_internship/syn/librelane/runs/full_flow/55-openroad-rcx/nom/mt_cpu.nom.spef line 703493, instance ANTENNA_decode_stage.rf.tgrp_rf2_A0\[6\] not found.
[STA-1650] /home/bala/git_stuff/summer_internship/syn/librelane/runs/full_flow/55-openroad-rcx/nom/mt_cpu.nom.spef line 703499, net ANTENNA_decode_stage.rf.tgrp_rf2_A0\[6\] not found.
[STA-1650] /home/bala/git_stuff/summer_internship/syn/librelane/runs/full_flow/55-openroad-rcx/nom/mt_cpu.nom.spef line 703513, net ANTENNA_decode_stage.rf.tgrp_rf2_A0\[6\] not found.
[STA-1650] /home/bala/git_stuff/summer_internship/syn/librelane/runs/full_flow/55-openroad-rcx/nom/mt_cpu.nom.spef line 703518, net ANTENNA_decode_stage.rf.tgrp_rf2_A0\[6\] not found.
[STA-1650] /home/bala/git_stuff/summer_internship/syn/librelane/runs/full_flow/55-openroad-rcx/nom/mt_cpu.nom.spef line 703541, net ANTENNA_decode_stage.rf.tgrp_rf2_A0\[6\] not found.
[STA-1648] /home/bala/git_stuff/summer_internship/syn/librelane/runs/full_flow/55-openroad-rcx/nom/mt_cpu.nom.spef line 703547, instance ANTENNA_decode_stage.rf.tgrp_rf1_A0\[6\] not found.
[STA-1650] /home/bala/git_stuff/summer_internship/syn/librelane/runs/full_flow/55-openroad-rcx/nom/mt_cpu.nom.spef line 703571, net ANTENNA_decode_stage.rf.tgrp_rf1_A0\[6\] not found.
[STA-1650] /home/bala/git_stuff/summer_internship/syn/librelane/runs/full_flow/55-openroad-rcx/nom/mt_cpu.nom.spef line 703618, net ANTENNA_decode_stage.rf.tgrp_rf1_A0\[6\] not found.
[STA-1650] /home/bala/git_stuff/summer_internship/syn/librelane/runs/full_flow/55-openroad-rcx/nom/mt_cpu.nom.spef line 703777, net ANTENNA_decode_stage.rf.tgrp_rf1_A0\[6\] not found.
[STA-1650] /home/bala/git_stuff/summer_internship/syn/librelane/runs/full_flow/55-openroad-rcx/nom/mt_cpu.nom.spef line 703833, net ANTENNA_decode_stage.rf.tgrp_rf1_A0\[6\] not found.
[STA-1648] /home/bala/git_stuff/summer_internship/syn/librelane/runs/full_flow/55-openroad-rcx/nom/mt_cpu.nom.spef line 711570, instance ANTENNA_decode_stage.rf.tgrp_rf2_WE0\[3\] not found.
[STA-1648] /home/bala/git_stuff/summer_internship/syn/librelane/runs/full_flow/55-openroad-rcx/nom/mt_cpu.nom.spef line 711573, instance ANTENNA_decode_stage.rf.tgrp_rf2_WE0\[2\] not found.
[STA-1648] /home/bala/git_stuff/summer_internship/syn/librelane/runs/full_flow/55-openroad-rcx/nom/mt_cpu.nom.spef line 711574, instance ANTENNA_decode_stage.rf.tgrp_rf2_WE0\[1\] not found.
[STA-1648] /home/bala/git_stuff/summer_internship/syn/librelane/runs/full_flow/55-openroad-rcx/nom/mt_cpu.nom.spef line 711576, instance ANTENNA_decode_stage.rf.tgrp_rf2_WE0\[0\] not found.
[STA-1650] /home/bala/git_stuff/summer_internship/syn/librelane/runs/full_flow/55-openroad-rcx/nom/mt_cpu.nom.spef line 711664, net ANTENNA_decode_stage.rf.tgrp_rf2_WE0\[3\] not found.
[STA-1650] /home/bala/git_stuff/summer_internship/syn/librelane/runs/full_flow/55-openroad-rcx/nom/mt_cpu.nom.spef line 711667, net ANTENNA_decode_stage.rf.tgrp_rf2_WE0\[2\] not found.
[STA-1650] /home/bala/git_stuff/summer_internship/syn/librelane/runs/full_flow/55-openroad-rcx/nom/mt_cpu.nom.spef line 711668, net ANTENNA_decode_stage.rf.tgrp_rf2_WE0\[1\] not found.
[STA-1650] /home/bala/git_stuff/summer_internship/syn/librelane/runs/full_flow/55-openroad-rcx/nom/mt_cpu.nom.spef line 711670, net ANTENNA_decode_stage.rf.tgrp_rf2_WE0\[0\] not found.
[STA-1650] /home/bala/git_stuff/summer_internship/syn/librelane/runs/full_flow/55-openroad-rcx/nom/mt_cpu.nom.spef line 712195, net ANTENNA_decode_stage.rf.tgrp_rf2_WE0\[0\] not found.
[STA-1650] /home/bala/git_stuff/summer_internship/syn/librelane/runs/full_flow/55-openroad-rcx/nom/mt_cpu.nom.spef line 712197, net ANTENNA_decode_stage.rf.tgrp_rf2_WE0\[1\] not found.
[STA-1650] /home/bala/git_stuff/summer_internship/syn/librelane/runs/full_flow/55-openroad-rcx/nom/mt_cpu.nom.spef line 712198, net ANTENNA_decode_stage.rf.tgrp_rf2_WE0\[2\] not found.
[STA-1650] /home/bala/git_stuff/summer_internship/syn/librelane/runs/full_flow/55-openroad-rcx/nom/mt_cpu.nom.spef line 712201, net ANTENNA_decode_stage.rf.tgrp_rf2_WE0\[3\] not found.
[STA-1650] /home/bala/git_stuff/summer_internship/syn/librelane/runs/full_flow/55-openroad-rcx/nom/mt_cpu.nom.spef line 712824, net ANTENNA_decode_stage.rf.tgrp_rf1_A0\[6\] not found.
[STA-1650] /home/bala/git_stuff/summer_internship/syn/librelane/runs/full_flow/55-openroad-rcx/nom/mt_cpu.nom.spef line 714194, net ANTENNA_decode_stage.rf.tgrp_rf2_A0\[0\] not found.
[STA-1650] /home/bala/git_stuff/summer_internship/syn/librelane/runs/full_flow/55-openroad-rcx/nom/mt_cpu.nom.spef line 714195, net ANTENNA_decode_stage.rf.tgrp_rf2_A0\[1\] not found.
[STA-1650] /home/bala/git_stuff/summer_internship/syn/librelane/runs/full_flow/55-openroad-rcx/nom/mt_cpu.nom.spef line 716657, net ANTENNA_decode_stage.rf.tgrp_rf1_A0\[1\] not found.
[STA-1650] /home/bala/git_stuff/summer_internship/syn/librelane/runs/full_flow/55-openroad-rcx/nom/mt_cpu.nom.spef line 716658, net ANTENNA_decode_stage.rf.tgrp_rf1_A0\[4\] not found.
[STA-1650] /home/bala/git_stuff/summer_internship/syn/librelane/runs/full_flow/55-openroad-rcx/nom/mt_cpu.nom.spef line 716836, net ANTENNA_decode_stage.rf.tgrp_rf1_A0\[2\] not found.
[STA-1648] /home/bala/git_stuff/summer_internship/syn/librelane/runs/full_flow/55-openroad-rcx/nom/mt_cpu.nom.spef line 730838, instance ANTENNA_decode_stage.rf.tgrp_rf1_A1\[6\] not found.
[STA-1650] /home/bala/git_stuff/summer_internship/syn/librelane/runs/full_flow/55-openroad-rcx/nom/mt_cpu.nom.spef line 730844, net ANTENNA_decode_stage.rf.tgrp_rf1_A1\[6\] not found.
[STA-1650] /home/bala/git_stuff/summer_internship/syn/librelane/runs/full_flow/55-openroad-rcx/nom/mt_cpu.nom.spef line 730862, net ANTENNA_decode_stage.rf.tgrp_rf1_A1\[6\] not found.
[INFO PSM-0040] All shapes on net VPWR are connected.
########## IR report #################
Net              : VPWR
Corner           : nom_tt_025C_1v80
Supply voltage   : 1.80e+00 V
Worstcase voltage: 1.80e+00 V
Average voltage  : 1.80e+00 V
Average IR drop  : 2.71e-05 V
Worstcase IR drop: 3.22e-04 V
Percentage drop  : 0.02 %
######################################
[INFO PSM-0040] All shapes on net VGND are connected.
########## IR report #################
Net              : VGND
Corner           : nom_tt_025C_1v80
Supply voltage   : 0.00e+00 V
Worstcase voltage: 3.23e-04 V
Average voltage  : 2.82e-05 V
Average IR drop  : 2.82e-05 V
Worstcase IR drop: 3.23e-04 V
Percentage drop  : 0.02 %
######################################

Running 'Magic.StreamOut' at 'runs/full_flow/58-magic-streamout'…
Logging subprocess to [repr.filename]'runs/full_flow/58-magic-streamout/RAM128_1RW1R.get_bbox.log'[/repr.filename]…
Logging subprocess to [repr.filename]'runs/full_flow/58-magic-streamout/magic-streamout.log'[/repr.filename]…
Running 'KLayout.StreamOut' at 'runs/full_flow/59-klayout-streamout'…
Logging subprocess to [repr.filename]'runs/full_flow/59-klayout-streamout/klayout-streamout.log'[/repr.filename]…
Running 'Magic.WriteLEF' at 'runs/full_flow/60-magic-writelef'…
Logging subprocess to [repr.filename]'runs/full_flow/60-magic-writelef/magic-writelef.log'[/repr.filename]…
Running 'Odb.CheckDesignAntennaProperties' at 'runs/full_flow/61-odb-checkdesignantennaproperties'…
Logging subprocess to [repr.filename]'runs/full_flow/61-odb-checkdesignantennaproperties/odb-checkdesignantennaproperties.log'[/repr.filename]…
Running 'KLayout.XOR' at 'runs/full_flow/62-klayout-xor'…
Running XOR with 16 threads…
Logging subprocess to [repr.filename]'runs/full_flow/62-klayout-xor/klayout-xor.log'[/repr.filename]…
Running 'Checker.XOR' at 'runs/full_flow/63-checker-xor'…
396 XOR differences found. - deferred
Running 'Magic.DRC' at 'runs/full_flow/64-magic-drc'…
Logging subprocess to [repr.filename]'runs/full_flow/64-magic-drc/magic-drc.log'[/repr.filename]…
Running 'KLayout.DRC' at 'runs/full_flow/65-klayout-drc'…
Running KLayout DRC with 16 threads…
Logging subprocess to [repr.filename]'runs/full_flow/65-klayout-drc/klayout-drc.log'[/repr.filename]…
Logging subprocess to [repr.filename]'runs/full_flow/65-klayout-drc/xml_drc_report_to_json.log'[/repr.filename]…
Running 'Checker.MagicDRC' at 'runs/full_flow/66-checker-magicdrc'…
3483 Magic DRC errors found. - deferred
Running 'Checker.KLayoutDRC' at 'runs/full_flow/67-checker-klayoutdrc'…
Check for KLayout DRC errors clear.
Running 'Magic.SpiceExtraction' at 'runs/full_flow/68-magic-spiceextraction'…
Logging subprocess to [repr.filename]'runs/full_flow/68-magic-spiceextraction/magic-spiceextraction.log'[/repr.filename]…
Running 'Checker.IllegalOverlap' at 'runs/full_flow/69-checker-illegaloverlap'…
Check for Magic Illegal Overlap errors clear.
Running 'Netgen.LVS' at 'runs/full_flow/70-netgen-lvs'…
Logging subprocess to [repr.filename]'runs/full_flow/70-netgen-lvs/netgen-lvs.log'[/repr.filename]…
Running 'Checker.LVS' at 'runs/full_flow/71-checker-lvs'…
1559 LVS errors found. - deferred
Gating variable for step 'Yosys.EQY' set to 'False'- the step will be skipped.
Skipping step 'Equivalence Check'…
Running 'Checker.SetupViolations' at 'runs/full_flow/72-checker-setupviolations'…
No setup violations found
Running 'Checker.HoldViolations' at 'runs/full_flow/73-checker-holdviolations'…
No hold violations found
Running 'Checker.MaxSlewViolations' at 'runs/full_flow/74-checker-maxslewviolations'…
Max Slew violations found in the following corners:
* max_ss_100C_1v60
* max_tt_025C_1v80
* min_ss_100C_1v60
* nom_ss_100C_1v60
* nom_tt_025C_1v80
No max slew violations found
Running 'Checker.MaxCapViolations' at 'runs/full_flow/75-checker-maxcapviolations'…
Max Cap violations found in the following corners:
* max_ss_100C_1v60
* max_tt_025C_1v80
* min_ss_100C_1v60
* nom_ss_100C_1v60
* nom_tt_025C_1v80
No max cap violations found
Running 'Misc.ReportManufacturability' at 'runs/full_flow/76-misc-reportmanufacturability'…
