
===========================================================================
report_checks -unconstrained
===========================================================================
======================= nom_tt_025C_1v80 Corner ===================================

Startpoint: _16767_ (rising edge-triggered flip-flop clocked by clk)
Endpoint: _16854_ (rising edge-triggered flip-flop clocked by clk)
Path Group: clk
Path Type: max

Fanout         Cap        Slew       Delay        Time   Description
---------------------------------------------------------------------------------------------
                                  0.000000    0.000000   clock clk (rise edge)
                                  0.000000    0.000000   clock source latency
  2796    6.975603    0.000000    0.000000    0.000000 ^ clk (in)
                                                         clk (net)
                      1.973932    0.986966    0.986966 ^ _16767_/CLK (sky130_fd_sc_hd__dfxtp_2)
     9    0.035662    0.183684    0.713327    1.700293 ^ _16767_/Q (sky130_fd_sc_hd__dfxtp_2)
                                                         alu_result_m_i[4] (net)
                      0.183688    0.001140    1.701432 ^ _07760_/C_N (sky130_fd_sc_hd__nor3b_2)
   288    1.108444   16.898443   12.285670   13.987103 ^ _07760_/Y (sky130_fd_sc_hd__nor3b_2)
                                                         _04936_ (net)
                     16.898861    0.072657   14.059761 ^ _12650_/A2 (sky130_fd_sc_hd__a221o_2)
     1    0.003934    0.372356    1.579934   15.639694 ^ _12650_/X (sky130_fd_sc_hd__a221o_2)
                                                         _03396_ (net)
                      0.372356    0.000027   15.639721 ^ _12651_/C1 (sky130_fd_sc_hd__a221o_2)
     1    0.005055    0.295797    0.185786   15.825506 ^ _12651_/X (sky130_fd_sc_hd__a221o_2)
                                                         _03397_ (net)
                      0.295797    0.000060   15.825567 ^ _12652_/C1 (sky130_fd_sc_hd__a221o_2)
     1    0.004900    0.297085    0.174690   16.000257 ^ _12652_/X (sky130_fd_sc_hd__a221o_2)
                                                         _03398_ (net)
                      0.297085    0.000055   16.000313 ^ _12682_/B1 (sky130_fd_sc_hd__a221o_2)
     1    0.004484    0.063012    0.213296   16.213608 ^ _12682_/X (sky130_fd_sc_hd__a221o_2)
                                                         _03428_ (net)
                      0.063012    0.000034   16.213642 ^ _12683_/C1 (sky130_fd_sc_hd__a211o_2)
     1    0.007283    0.064665    0.107715   16.321358 ^ _12683_/X (sky130_fd_sc_hd__a211o_2)
                                                         _03429_ (net)
                      0.064665    0.000124   16.321482 ^ _12684_/A_N (sky130_fd_sc_hd__and4b_2)
     2    0.020246    0.081910    0.271173   16.592655 v _12684_/X (sky130_fd_sc_hd__and4b_2)
                                                         _03430_ (net)
                      0.081914    0.000730   16.593386 v _13347_/A0 (sky130_fd_sc_hd__mux2_1)
     2    0.008129    0.083544    0.326926   16.920311 v _13347_/X (sky130_fd_sc_hd__mux2_1)
                                                         _04077_ (net)
                      0.083544    0.000021   16.920332 v _13665_/A2 (sky130_fd_sc_hd__o221a_2)
     1    0.003973    0.046057    0.280515   17.200848 v _13665_/X (sky130_fd_sc_hd__o221a_2)
                                                         _04387_ (net)
                      0.046057    0.000037   17.200884 v _13666_/A_N (sky130_fd_sc_hd__and2b_2)
     1    0.004395    0.060941    0.206244   17.407129 ^ _13666_/X (sky130_fd_sc_hd__and2b_2)
                                                         _01757_ (net)
                      0.060941    0.000044   17.407173 ^ _16854_/D (sky130_fd_sc_hd__dfxtp_2)
                                             17.407173   data arrival time

                                 24.000000   24.000000   clock clk (rise edge)
                                  0.000000   24.000000   clock source latency
  2796    6.975603    0.000000    0.000000   24.000000 ^ clk (in)
                                                         clk (net)
                      2.041717    1.020858   25.020857 ^ _16854_/CLK (sky130_fd_sc_hd__dfxtp_2)
                                  0.000000   25.020857   clock reconvergence pessimism
                                  0.051674   25.072531   library setup time
                                             25.072531   data required time
---------------------------------------------------------------------------------------------
                                             25.072531   data required time
                                            -17.407173   data arrival time
---------------------------------------------------------------------------------------------
                                              7.665359   slack (MET)




===========================================================================
report_checks --slack_max -0.01
============================================================================
======================= nom_tt_025C_1v80 Corner ===================================

No paths found.


===========================================================================
 report_check_types -max_slew -max_cap -max_fanout -violators
============================================================================
======================= nom_tt_025C_1v80 Corner ===================================

max slew

Pin                                        Limit        Slew       Slack
------------------------------------------------------------------------
_07760_/Y                               1.493456   16.898443  -15.404988 (VIOLATED)
_08076_/A                               1.500000   16.899076  -15.399076 (VIOLATED)
_12698_/A2                              1.500000   16.899088  -15.399089 (VIOLATED)
_12703_/A2                              1.500000   16.899082  -15.399081 (VIOLATED)
_12804_/A2                              1.500000   16.899082  -15.399081 (VIOLATED)
_12812_/A2                              1.500000   16.899084  -15.399083 (VIOLATED)
_12834_/A2                              1.500000   16.899088  -15.399087 (VIOLATED)
_12974_/A2                              1.500000   16.899088  -15.399089 (VIOLATED)
_14574_/A                               1.500000   16.899088  -15.399089 (VIOLATED)
_12715_/A2                              1.500000   16.899065  -15.399066 (VIOLATED)
_12841_/A2                              1.500000   16.899078  -15.399078 (VIOLATED)
_12867_/A2                              1.500000   16.899076  -15.399076 (VIOLATED)
_07964_/A                               1.500000   16.899048  -15.399048 (VIOLATED)
_08231_/A                               1.500000   16.899063  -15.399062 (VIOLATED)
_12720_/A2                              1.500000   16.899057  -15.399056 (VIOLATED)
_12725_/A2                              1.500000   16.899067  -15.399067 (VIOLATED)
_12738_/A2                              1.500000   16.899076  -15.399076 (VIOLATED)
_12740_/A2                              1.500000   16.899088  -15.399087 (VIOLATED)
_12892_/A2                              1.500000   16.899071  -15.399071 (VIOLATED)
_12909_/A2                              1.500000   16.899069  -15.399069 (VIOLATED)
_12936_/A2                              1.500000   16.899075  -15.399075 (VIOLATED)
_12939_/A2                              1.500000   16.899088  -15.399089 (VIOLATED)
_12748_/A2                              1.500000   16.899054  -15.399054 (VIOLATED)
_12760_/A2                              1.500000   16.899061  -15.399060 (VIOLATED)
_12767_/A2                              1.500000   16.899067  -15.399067 (VIOLATED)
_12800_/A2                              1.500000   16.899063  -15.399062 (VIOLATED)
_12871_/A2                              1.500000   16.899067  -15.399067 (VIOLATED)
_12885_/A2                              1.500000   16.899054  -15.399054 (VIOLATED)
_12921_/A2                              1.500000   16.899055  -15.399055 (VIOLATED)
_12963_/A2                              1.500000   16.899063  -15.399064 (VIOLATED)
_12986_/A2                              1.500000   16.899078  -15.399078 (VIOLATED)
_12995_/A2                              1.500000   16.899071  -15.399071 (VIOLATED)
_13028_/A2                              1.500000   16.899069  -15.399069 (VIOLATED)
_12897_/A2                              1.500000   16.899036  -15.399035 (VIOLATED)
_15087_/A                               1.500000   16.899035  -15.399034 (VIOLATED)
_07945_/A                               1.500000   16.899014  -15.399014 (VIOLATED)
_12751_/A2                              1.500000   16.899019  -15.399019 (VIOLATED)
_12782_/A2                              1.500000   16.899023  -15.399023 (VIOLATED)
_12784_/A2                              1.500000   16.899035  -15.399034 (VIOLATED)
_12838_/A2                              1.500000   16.899033  -15.399032 (VIOLATED)
_12788_/A2                              1.500000   16.899015  -15.399015 (VIOLATED)
_12796_/A2                              1.500000   16.899031  -15.399030 (VIOLATED)
_12847_/A2                              1.500000   16.899019  -15.399019 (VIOLATED)
_12907_/A2                              1.500000   16.899027  -15.399027 (VIOLATED)
_12951_/A2                              1.500000   16.899035  -15.399034 (VIOLATED)
_12958_/A2                              1.500000   16.899031  -15.399030 (VIOLATED)
_13019_/A2                              1.500000   16.899025  -15.399025 (VIOLATED)
_13026_/A2                              1.500000   16.899035  -15.399034 (VIOLATED)
_12851_/A2                              1.500000   16.899008  -15.399007 (VIOLATED)
_12863_/A2                              1.500000   16.899017  -15.399017 (VIOLATED)
_13016_/A2                              1.500000   16.899006  -15.399005 (VIOLATED)
_11145_/A                               1.500000   16.898973  -15.398973 (VIOLATED)
_13191_/A2                              1.500000   16.898977  -15.398976 (VIOLATED)
_13415_/A2                              1.500000   16.898979  -15.398978 (VIOLATED)
_08267_/A                               1.500000   16.898951  -15.398951 (VIOLATED)
_11388_/A                               1.500000   16.898962  -15.398963 (VIOLATED)
_12269_/A2                              1.500000   16.898964  -15.398964 (VIOLATED)
_12273_/A2                              1.500000   16.898979  -15.398978 (VIOLATED)
_12695_/A2                              1.500000   16.898952  -15.398952 (VIOLATED)
_12930_/A2                              1.500000   16.898952  -15.398952 (VIOLATED)
_13001_/A2                              1.500000   16.898954  -15.398953 (VIOLATED)
_13281_/A2                              1.500000   16.898956  -15.398955 (VIOLATED)
_13378_/A2                              1.500000   16.898962  -15.398963 (VIOLATED)
_13457_/A2                              1.500000   16.898964  -15.398964 (VIOLATED)
_13468_/A2                              1.500000   16.898973  -15.398973 (VIOLATED)
_13514_/A2                              1.500000   16.898979  -15.398978 (VIOLATED)
_13516_/A2                              1.500000   16.898966  -15.398966 (VIOLATED)
_13529_/A2                              1.500000   16.898975  -15.398975 (VIOLATED)
_13544_/A2                              1.500000   16.898973  -15.398973 (VIOLATED)
_13579_/A2                              1.500000   16.898979  -15.398978 (VIOLATED)
_08548_/B                               1.500000   16.898933  -15.398932 (VIOLATED)
_11370_/A                               1.500000   16.898947  -15.398947 (VIOLATED)
_12264_/A2                              1.500000   16.898939  -15.398939 (VIOLATED)
_12278_/A2                              1.500000   16.898952  -15.398952 (VIOLATED)
_12290_/A2                              1.500000   16.898939  -15.398939 (VIOLATED)
_12327_/A2                              1.500000   16.898933  -15.398932 (VIOLATED)
_12734_/A2                              1.500000   16.898943  -15.398943 (VIOLATED)
_12775_/A2                              1.500000   16.898945  -15.398945 (VIOLATED)
_12820_/A2                              1.500000   16.898954  -15.398953 (VIOLATED)
_12827_/A2                              1.500000   16.898949  -15.398949 (VIOLATED)
_12874_/A2                              1.500000   16.898952  -15.398952 (VIOLATED)
_12329_/A2                              1.500000   16.898928  -15.398927 (VIOLATED)
_12387_/A2                              1.500000   16.898930  -15.398929 (VIOLATED)
_12404_/A2                              1.500000   16.898928  -15.398927 (VIOLATED)
_12458_/A2                              1.500000   16.898930  -15.398929 (VIOLATED)
_12462_/A2                              1.500000   16.898933  -15.398932 (VIOLATED)
_12502_/A2                              1.500000   16.898930  -15.398929 (VIOLATED)
_12515_/A2                              1.500000   16.898930  -15.398929 (VIOLATED)
_12541_/A2                              1.500000   16.898933  -15.398934 (VIOLATED)
_12968_/A2                              1.500000   16.898935  -15.398936 (VIOLATED)
_13005_/A2                              1.500000   16.898941  -15.398941 (VIOLATED)
_13010_/A2                              1.500000   16.898949  -15.398949 (VIOLATED)
_13040_/A2                              1.500000   16.898945  -15.398945 (VIOLATED)
_13367_/A2                              1.500000   16.898937  -15.398937 (VIOLATED)
_13372_/A2                              1.500000   16.898932  -15.398931 (VIOLATED)
_13382_/A2                              1.500000   16.898941  -15.398941 (VIOLATED)
_13389_/A2                              1.500000   16.898949  -15.398949 (VIOLATED)
_13402_/A2                              1.500000   16.898939  -15.398939 (VIOLATED)
_13409_/A2                              1.500000   16.898945  -15.398945 (VIOLATED)
_13419_/A2                              1.500000   16.898952  -15.398952 (VIOLATED)
_13477_/A2                              1.500000   16.898949  -15.398949 (VIOLATED)
_13551_/A2                              1.500000   16.898947  -15.398947 (VIOLATED)
_13598_/A2                              1.500000   16.898952  -15.398952 (VIOLATED)
_13611_/A2                              1.500000   16.898958  -15.398957 (VIOLATED)
_13462_/A2                              1.500000   16.898928  -15.398927 (VIOLATED)
_13480_/A2                              1.500000   16.898937  -15.398937 (VIOLATED)
_13491_/A2                              1.500000   16.898937  -15.398937 (VIOLATED)
_13503_/A2                              1.500000   16.898932  -15.398931 (VIOLATED)
_13507_/A2                              1.500000   16.898935  -15.398936 (VIOLATED)
_13554_/A2                              1.500000   16.898933  -15.398932 (VIOLATED)
_13567_/A2                              1.500000   16.898933  -15.398934 (VIOLATED)
_13588_/A2                              1.500000   16.898939  -15.398939 (VIOLATED)
_13616_/A2                              1.500000   16.898937  -15.398937 (VIOLATED)
_13623_/A2                              1.500000   16.898949  -15.398949 (VIOLATED)
_13633_/A2                              1.500000   16.898939  -15.398939 (VIOLATED)
_13640_/A2                              1.500000   16.898951  -15.398951 (VIOLATED)
_13645_/A2                              1.500000   16.898926  -15.398925 (VIOLATED)
_08258_/B                               1.500000   16.898909  -15.398910 (VIOLATED)
_12303_/A2                              1.500000   16.898918  -15.398918 (VIOLATED)
_12305_/A2                              1.500000   16.898932  -15.398931 (VIOLATED)
_13737_/B                               1.500000   16.898916  -15.398916 (VIOLATED)
_14529_/B                               1.500000   16.898926  -15.398925 (VIOLATED)
_14538_/A                               1.500000   16.898935  -15.398936 (VIOLATED)
_14556_/B                               1.500000   16.898922  -15.398922 (VIOLATED)
_14619_/A                               1.500000   16.898933  -15.398932 (VIOLATED)
_12297_/A2                              1.500000   16.898895  -15.398895 (VIOLATED)
_12395_/A2                              1.500000   16.898907  -15.398908 (VIOLATED)
_12414_/A2                              1.500000   16.898914  -15.398914 (VIOLATED)
_12443_/A2                              1.500000   16.898916  -15.398916 (VIOLATED)
_12447_/A2                              1.500000   16.898928  -15.398927 (VIOLATED)
_12452_/A2                              1.500000   16.898932  -15.398931 (VIOLATED)
_12472_/A2                              1.500000   16.898912  -15.398912 (VIOLATED)
_12478_/A2                              1.500000   16.898916  -15.398916 (VIOLATED)
_12481_/A2                              1.500000   16.898928  -15.398927 (VIOLATED)
_12603_/A2                              1.500000   16.898922  -15.398922 (VIOLATED)
_12611_/A2                              1.500000   16.898933  -15.398934 (VIOLATED)
_12632_/A2                              1.500000   16.898928  -15.398927 (VIOLATED)
_12674_/A2                              1.500000   16.898928  -15.398927 (VIOLATED)
_12494_/A2                              1.500000   16.898905  -15.398904 (VIOLATED)
_12531_/A2                              1.500000   16.898916  -15.398916 (VIOLATED)
_12535_/A2                              1.500000   16.898928  -15.398927 (VIOLATED)
_12549_/A2                              1.500000   16.898920  -15.398920 (VIOLATED)
_12557_/A2                              1.500000   16.898912  -15.398912 (VIOLATED)
_12564_/A2                              1.500000   16.898918  -15.398918 (VIOLATED)
_12571_/A2                              1.500000   16.898928  -15.398927 (VIOLATED)
_12594_/A2                              1.500000   16.898932  -15.398931 (VIOLATED)
_12622_/A2                              1.500000   16.898911  -15.398911 (VIOLATED)
_12636_/A2                              1.500000   16.898918  -15.398918 (VIOLATED)
_12653_/A2                              1.500000   16.898928  -15.398927 (VIOLATED)
_12662_/A2                              1.500000   16.898933  -15.398932 (VIOLATED)
_12670_/A2                              1.500000   16.898918  -15.398918 (VIOLATED)
_12677_/A2                              1.500000   16.898905  -15.398904 (VIOLATED)
_12689_/A2                              1.500000   16.898905  -15.398904 (VIOLATED)
_12822_/A2                              1.500000   16.898903  -15.398902 (VIOLATED)
_12879_/A2                              1.500000   16.898899  -15.398898 (VIOLATED)
_12955_/A2                              1.500000   16.898905  -15.398904 (VIOLATED)
_13157_/A2                              1.500000   16.898905  -15.398904 (VIOLATED)
_13331_/A2                              1.500000   16.898903  -15.398902 (VIOLATED)
_13628_/A2                              1.500000   16.898897  -15.398897 (VIOLATED)
_14664_/A                               1.500000   16.898901  -15.398900 (VIOLATED)
_14682_/A                               1.500000   16.898911  -15.398911 (VIOLATED)
_07928_/A                               1.500000   16.898869  -15.398869 (VIOLATED)
_12373_/A2                              1.500000   16.898882  -15.398881 (VIOLATED)
_12391_/A2                              1.500000   16.898891  -15.398891 (VIOLATED)
_12399_/A2                              1.500000   16.898884  -15.398885 (VIOLATED)
_12427_/A2                              1.500000   16.898890  -15.398890 (VIOLATED)
_12585_/A2                              1.500000   16.898891  -15.398891 (VIOLATED)
_12589_/A2                              1.500000   16.898895  -15.398895 (VIOLATED)
_07973_/B                               1.500000   16.898865  -15.398865 (VIOLATED)
_08085_/B                               1.500000   16.898867  -15.398867 (VIOLATED)
_12259_/A2                              1.500000   16.898880  -15.398879 (VIOLATED)
_12312_/A2                              1.500000   16.898882  -15.398883 (VIOLATED)
_12315_/A2                              1.500000   16.898865  -15.398865 (VIOLATED)
_12322_/A2                              1.500000   16.898872  -15.398872 (VIOLATED)
_12408_/A2                              1.500000   16.898865  -15.398865 (VIOLATED)
_12626_/A2                              1.500000   16.898880  -15.398879 (VIOLATED)
_13429_/A2                              1.500000   16.898880  -15.398879 (VIOLATED)
_13440_/A2                              1.500000   16.898872  -15.398872 (VIOLATED)
_13449_/A2                              1.500000   16.898869  -15.398869 (VIOLATED)
_13521_/A2                              1.500000   16.898870  -15.398870 (VIOLATED)
_13560_/A2                              1.500000   16.898880  -15.398879 (VIOLATED)
_13571_/A2                              1.500000   16.898872  -15.398872 (VIOLATED)
_13593_/A2                              1.500000   16.898870  -15.398870 (VIOLATED)
_13650_/A2                              1.500000   16.898872  -15.398872 (VIOLATED)
_07762_/B                               1.500000   16.898849  -15.398849 (VIOLATED)
_12417_/A2                              1.500000   16.898863  -15.398863 (VIOLATED)
_12435_/A2                              1.500000   16.898863  -15.398863 (VIOLATED)
_13358_/A2                              1.500000   16.898870  -15.398870 (VIOLATED)
_12437_/A2                              1.500000   16.898855  -15.398854 (VIOLATED)
_12487_/A2                              1.500000   16.898861  -15.398861 (VIOLATED)
_12490_/A2                              1.500000   16.898863  -15.398863 (VIOLATED)
_12504_/A2                              1.500000   16.898853  -15.398852 (VIOLATED)
_12520_/A2                              1.500000   16.898867  -15.398867 (VIOLATED)
_12525_/A2                              1.500000   16.898863  -15.398863 (VIOLATED)
_12569_/A2                              1.500000   16.898867  -15.398867 (VIOLATED)
_12543_/A2                              1.500000   16.898851  -15.398850 (VIOLATED)
_12605_/A2                              1.500000   16.898857  -15.398858 (VIOLATED)
_12615_/A2                              1.500000   16.898861  -15.398861 (VIOLATED)
_12644_/A2                              1.500000   16.898870  -15.398870 (VIOLATED)
_12650_/A2                              1.500000   16.898861  -15.398861 (VIOLATED)
_12577_/A2                              1.500000   16.898840  -15.398840 (VIOLATED)
_12659_/A2                              1.500000   16.898848  -15.398847 (VIOLATED)
_13235_/A2                              1.500000   16.898855  -15.398854 (VIOLATED)
_13292_/A2                              1.500000   16.898855  -15.398854 (VIOLATED)
_13328_/A2                              1.500000   16.898849  -15.398849 (VIOLATED)
_13073_/A2                              1.500000   16.898832  -15.398833 (VIOLATED)
_13134_/A2                              1.500000   16.898840  -15.398840 (VIOLATED)
_13315_/A2                              1.500000   16.898830  -15.398831 (VIOLATED)
_13098_/A2                              1.500000   16.898802  -15.398801 (VIOLATED)
_13111_/A2                              1.500000   16.898808  -15.398808 (VIOLATED)
_13225_/A2                              1.500000   16.898813  -15.398813 (VIOLATED)
_15078_/A                               1.500000   16.898808  -15.398808 (VIOLATED)
_12357_/A2                              1.500000   16.898785  -15.398785 (VIOLATED)
_12361_/A2                              1.500000   16.898781  -15.398782 (VIOLATED)
_11379_/A                               1.500000   16.898752  -15.398751 (VIOLATED)
_12343_/A2                              1.500000   16.898754  -15.398755 (VIOLATED)
_12707_/A2                              1.500000   16.898760  -15.398760 (VIOLATED)
_12757_/A2                              1.500000   16.898764  -15.398764 (VIOLATED)
_12914_/A2                              1.500000   16.898764  -15.398764 (VIOLATED)
_12924_/A2                              1.500000   16.898764  -15.398764 (VIOLATED)
_12979_/A2                              1.500000   16.898762  -15.398762 (VIOLATED)
_13045_/A2                              1.500000   16.898754  -15.398755 (VIOLATED)
_13049_/A2                              1.500000   16.898745  -15.398744 (VIOLATED)
_13053_/A2                              1.500000   16.898758  -15.398758 (VIOLATED)
_13068_/A2                              1.500000   16.898758  -15.398758 (VIOLATED)
_13112_/A2                              1.500000   16.898756  -15.398756 (VIOLATED)
_13084_/A2                              1.500000   16.898741  -15.398741 (VIOLATED)
_13152_/A2                              1.500000   16.898748  -15.398747 (VIOLATED)
_13183_/A2                              1.500000   16.898752  -15.398751 (VIOLATED)
_13197_/A2                              1.500000   16.898756  -15.398756 (VIOLATED)
_13231_/A2                              1.500000   16.898752  -15.398753 (VIOLATED)
_13276_/A2                              1.500000   16.898758  -15.398758 (VIOLATED)
_13297_/A2                              1.500000   16.898756  -15.398756 (VIOLATED)
_13104_/A2                              1.500000   16.898724  -15.398723 (VIOLATED)
_12348_/A2                              1.500000   16.898699  -15.398698 (VIOLATED)
_13062_/A2                              1.500000   16.898687  -15.398687 (VIOLATED)
_13144_/A2                              1.500000   16.898697  -15.398696 (VIOLATED)
_13274_/A2                              1.500000   16.898699  -15.398698 (VIOLATED)
_13340_/A2                              1.500000   16.898697  -15.398696 (VIOLATED)
_08485_/A                               1.500000   16.898666  -15.398665 (VIOLATED)
_12351_/A2                              1.500000   16.898664  -15.398664 (VIOLATED)
_13094_/A2                              1.500000   16.898666  -15.398665 (VIOLATED)
_13148_/A2                              1.500000   16.898666  -15.398665 (VIOLATED)
_13201_/A2                              1.500000   16.898666  -15.398665 (VIOLATED)
_13241_/A2                              1.500000   16.898664  -15.398664 (VIOLATED)
_13246_/A2                              1.500000   16.898664  -15.398664 (VIOLATED)
_13337_/A2                              1.500000   16.898666  -15.398665 (VIOLATED)
_14880_/A                               1.500000   16.898674  -15.398673 (VIOLATED)
_13208_/A2                              1.500000   16.898643  -15.398643 (VIOLATED)
_13308_/A2                              1.500000   16.898642  -15.398641 (VIOLATED)
_12256_/A2                              1.500000   16.898623  -15.398622 (VIOLATED)
_12283_/A2                              1.500000   16.898615  -15.398614 (VIOLATED)
_13365_/A2                              1.500000   16.898623  -15.398622 (VIOLATED)
_13391_/A2                              1.500000   16.898617  -15.398616 (VIOLATED)
_13425_/A2                              1.500000   16.898611  -15.398611 (VIOLATED)
_13436_/A2                              1.500000   16.898623  -15.398622 (VIOLATED)
_13451_/A2                              1.500000   16.898623  -15.398622 (VIOLATED)
_13470_/A2                              1.500000   16.898619  -15.398618 (VIOLATED)
_13496_/A2                              1.500000   16.898615  -15.398614 (VIOLATED)
_13538_/A2                              1.500000   16.898623  -15.398622 (VIOLATED)
_13540_/A2                              1.500000   16.898615  -15.398614 (VIOLATED)
_13585_/A2                              1.500000   16.898615  -15.398614 (VIOLATED)
_13606_/A2                              1.500000   16.898623  -15.398622 (VIOLATED)
_13654_/A2                              1.500000   16.898615  -15.398614 (VIOLATED)
_13661_/A2                              1.500000   16.898623  -15.398622 (VIOLATED)
_14331_/A                               1.500000   16.898617  -15.398616 (VIOLATED)
_14475_/A                               1.500000   16.898623  -15.398622 (VIOLATED)
_07954_/A                               1.500000   16.898584  -15.398584 (VIOLATED)
_08067_/A                               1.500000   16.898590  -15.398589 (VIOLATED)
_12369_/A2                              1.500000   16.898596  -15.398595 (VIOLATED)
_13060_/A2                              1.500000   16.898603  -15.398603 (VIOLATED)
_13313_/A2                              1.500000   16.898605  -15.398605 (VIOLATED)
_13088_/A2                              1.500000   16.898575  -15.398575 (VIOLATED)
_13119_/A2                              1.500000   16.898590  -15.398589 (VIOLATED)
_13129_/A2                              1.500000   16.898590  -15.398589 (VIOLATED)
_13163_/A2                              1.500000   16.898590  -15.398589 (VIOLATED)
_13179_/A2                              1.500000   16.898584  -15.398584 (VIOLATED)
_13189_/A2                              1.500000   16.898588  -15.398588 (VIOLATED)
_13222_/A2                              1.500000   16.898590  -15.398589 (VIOLATED)
_13286_/A2                              1.500000   16.898590  -15.398589 (VIOLATED)
_08249_/A                               1.500000   16.898558  -15.398558 (VIOLATED)
_13139_/A2                              1.500000   16.898563  -15.398562 (VIOLATED)
_13172_/A2                              1.500000   16.898558  -15.398558 (VIOLATED)
_13252_/A2                              1.500000   16.898571  -15.398572 (VIOLATED)
_13269_/A2                              1.500000   16.898584  -15.398584 (VIOLATED)
_13321_/A2                              1.500000   16.898586  -15.398586 (VIOLATED)
_13219_/A2                              1.500000   16.898552  -15.398552 (VIOLATED)
_13263_/A2                              1.500000   16.898563  -15.398562 (VIOLATED)
_12338_/A2                              1.500000   16.898523  -15.398523 (VIOLATED)
_07878_/Y                               1.493456   16.773073  -15.279618 (VIOLATED)
_07897_/C                               1.500000   16.773571  -15.273571 (VIOLATED)
_12890_/B1                              1.500000   16.773577  -15.273577 (VIOLATED)
_12330_/B1                              1.500000   16.773561  -15.273561 (VIOLATED)
_12894_/A2                              1.500000   16.773575  -15.273575 (VIOLATED)
_13728_/B                               1.500000   16.773561  -15.273561 (VIOLATED)
_14223_/B                               1.500000   16.773573  -15.273573 (VIOLATED)
_08294_/B                               1.500000   16.773544  -15.273544 (VIOLATED)
_08349_/B                               1.500000   16.773560  -15.273559 (VIOLATED)
_12300_/B1                              1.500000   16.773556  -15.273556 (VIOLATED)
_12403_/A2                              1.500000   16.773560  -15.273559 (VIOLATED)
_12700_/A2                              1.500000   16.773573  -15.273573 (VIOLATED)
_12703_/B1                              1.500000   16.773571  -15.273571 (VIOLATED)
_12766_/A2                              1.500000   16.773571  -15.273571 (VIOLATED)
_12819_/B1                              1.500000   16.773571  -15.273571 (VIOLATED)
_12835_/B1                              1.500000   16.773571  -15.273571 (VIOLATED)
_12910_/B1                              1.500000   16.773573  -15.273573 (VIOLATED)
_12940_/B1                              1.500000   16.773577  -15.273577 (VIOLATED)
_12975_/A2                              1.500000   16.773573  -15.273573 (VIOLATED)
_12993_/B1                              1.500000   16.773573  -15.273573 (VIOLATED)
_12441_/A2                              1.500000   16.773556  -15.273556 (VIOLATED)
_12447_/B1                              1.500000   16.773563  -15.273562 (VIOLATED)
_12612_/B1                              1.500000   16.773554  -15.273554 (VIOLATED)
_12713_/B1                              1.500000   16.773565  -15.273566 (VIOLATED)
_12723_/B1                              1.500000   16.773575  -15.273575 (VIOLATED)
_12742_/A2                              1.500000   16.773573  -15.273573 (VIOLATED)
_12904_/B1                              1.500000   16.773558  -15.273557 (VIOLATED)
_12949_/A2                              1.500000   16.773571  -15.273571 (VIOLATED)
_12956_/B1                              1.500000   16.773571  -15.273571 (VIOLATED)
_12959_/A2                              1.500000   16.773563  -15.273562 (VIOLATED)
_13000_/B1                              1.500000   16.773571  -15.273571 (VIOLATED)
_14196_/B                               1.500000   16.773558  -15.273557 (VIOLATED)
_08584_/B                               1.500000   16.773537  -15.273536 (VIOLATED)
_11426_/B                               1.500000   16.773539  -15.273540 (VIOLATED)
_12325_/A2                              1.500000   16.773537  -15.273536 (VIOLATED)
_12384_/B1                              1.500000   16.773535  -15.273534 (VIOLATED)
_12473_/A2                              1.500000   16.773548  -15.273548 (VIOLATED)
_12483_/A2                              1.500000   16.773563  -15.273562 (VIOLATED)
_12501_/A2                              1.500000   16.773552  -15.273552 (VIOLATED)
_12531_/B1                              1.500000   16.773550  -15.273550 (VIOLATED)
_12534_/B1                              1.500000   16.773563  -15.273562 (VIOLATED)
_12539_/B1                              1.500000   16.773554  -15.273554 (VIOLATED)
_12547_/A2                              1.500000   16.773560  -15.273559 (VIOLATED)
_12559_/B1                              1.500000   16.773550  -15.273550 (VIOLATED)
_12563_/B1                              1.500000   16.773560  -15.273559 (VIOLATED)
_12571_/B1                              1.500000   16.773563  -15.273562 (VIOLATED)
_12602_/A2                              1.500000   16.773556  -15.273556 (VIOLATED)
_08521_/B                               1.500000   16.773518  -15.273518 (VIOLATED)
_11208_/B                               1.500000   16.773518  -15.273518 (VIOLATED)
_12295_/B1                              1.500000   16.773527  -15.273527 (VIOLATED)
_12306_/A2                              1.500000   16.773523  -15.273523 (VIOLATED)
_12311_/A2                              1.500000   16.773518  -15.273518 (VIOLATED)
_12398_/B1                              1.500000   16.773533  -15.273532 (VIOLATED)
_12450_/A2                              1.500000   16.773537  -15.273536 (VIOLATED)
_12456_/A2                              1.500000   16.773548  -15.273548 (VIOLATED)
_12619_/B1                              1.500000   16.773542  -15.273542 (VIOLATED)
_12635_/A2                              1.500000   16.773558  -15.273557 (VIOLATED)
_12653_/B1                              1.500000   16.773563  -15.273562 (VIOLATED)
_12759_/B1                              1.500000   16.773556  -15.273556 (VIOLATED)
_12786_/A2                              1.500000   16.773567  -15.273568 (VIOLATED)
_12801_/A2                              1.500000   16.773563  -15.273562 (VIOLATED)
_12811_/B1                              1.500000   16.773573  -15.273573 (VIOLATED)
_12839_/A2                              1.500000   16.773563  -15.273562 (VIOLATED)
_12869_/B1                              1.500000   16.773565  -15.273566 (VIOLATED)
_12665_/A2                              1.500000   16.773537  -15.273536 (VIOLATED)
_12693_/A2                              1.500000   16.773542  -15.273542 (VIOLATED)
_12756_/B1                              1.500000   16.773539  -15.273538 (VIOLATED)
_12776_/B1                              1.500000   16.773539  -15.273538 (VIOLATED)
_12828_/A2                              1.500000   16.773537  -15.273536 (VIOLATED)
_12874_/B1                              1.500000   16.773542  -15.273542 (VIOLATED)
_12929_/A2                              1.500000   16.773540  -15.273541 (VIOLATED)
_13021_/A2                              1.500000   16.773556  -15.273556 (VIOLATED)
_13002_/A2                              1.500000   16.773537  -15.273536 (VIOLATED)
_13008_/A2                              1.500000   16.773540  -15.273541 (VIOLATED)
_12394_/B1                              1.500000   16.773516  -15.273517 (VIOLATED)
_12463_/B1                              1.500000   16.773525  -15.273525 (VIOLATED)
_12514_/A2                              1.500000   16.773525  -15.273525 (VIOLATED)
_12592_/A2                              1.500000   16.773533  -15.273532 (VIOLATED)
_12630_/A2                              1.500000   16.773518  -15.273518 (VIOLATED)
_12672_/A2                              1.500000   16.773525  -15.273525 (VIOLATED)
_12731_/B1                              1.500000   16.773539  -15.273538 (VIOLATED)
_12678_/A2                              1.500000   16.773521  -15.273521 (VIOLATED)
_12688_/A2                              1.500000   16.773518  -15.273518 (VIOLATED)
_12915_/B1                              1.500000   16.773516  -15.273517 (VIOLATED)
_12922_/A2                              1.500000   16.773512  -15.273513 (VIOLATED)
_12971_/B1                              1.500000   16.773516  -15.273517 (VIOLATED)
_12388_/A2                              1.500000   16.773487  -15.273488 (VIOLATED)
_12497_/B1                              1.500000   16.773500  -15.273500 (VIOLATED)
_12506_/B1                              1.500000   16.773504  -15.273504 (VIOLATED)
_12588_/A2                              1.500000   16.773504  -15.273504 (VIOLATED)
_12624_/B1                              1.500000   16.773500  -15.273500 (VIOLATED)
_12647_/B1                              1.500000   16.773512  -15.273513 (VIOLATED)
_12718_/A2                              1.500000   16.773512  -15.273513 (VIOLATED)
_12750_/A2                              1.500000   16.773514  -15.273515 (VIOLATED)
_12780_/A2                              1.500000   16.773512  -15.273511 (VIOLATED)
_12789_/A2                              1.500000   16.773518  -15.273518 (VIOLATED)
_12794_/B1                              1.500000   16.773518  -15.273518 (VIOLATED)
_12822_/B1                              1.500000   16.773518  -15.273518 (VIOLATED)
_12847_/B1                              1.500000   16.773508  -15.273507 (VIOLATED)
_12854_/B1                              1.500000   16.773512  -15.273511 (VIOLATED)
_12860_/B1                              1.500000   16.773514  -15.273515 (VIOLATED)
_12879_/B1                              1.500000   16.773514  -15.273515 (VIOLATED)
_13710_/B                               1.500000   16.773497  -15.273497 (VIOLATED)
_12428_/B1                              1.500000   16.773481  -15.273480 (VIOLATED)
_12925_/A2                              1.500000   16.773491  -15.273491 (VIOLATED)
_13015_/A2                              1.500000   16.773506  -15.273505 (VIOLATED)
_14241_/B                               1.500000   16.773495  -15.273495 (VIOLATED)
_12582_/B1                              1.500000   16.773474  -15.273474 (VIOLATED)
_12709_/B1                              1.500000   16.773468  -15.273468 (VIOLATED)
_12979_/B1                              1.500000   16.773476  -15.273476 (VIOLATED)
_13279_/A2                              1.500000   16.773455  -15.273454 (VIOLATED)
_13070_/A2                              1.500000   16.773436  -15.273437 (VIOLATED)
_13182_/A2                              1.500000   16.773449  -15.273449 (VIOLATED)
_08121_/B                               1.500000   16.773417  -15.273417 (VIOLATED)
_08358_/A                               1.500000   16.773426  -15.273426 (VIOLATED)
_11435_/B                               1.500000   16.773422  -15.273422 (VIOLATED)
_12263_/B1                              1.500000   16.773426  -15.273426 (VIOLATED)
_12274_/B1                              1.500000   16.773418  -15.273418 (VIOLATED)
_12278_/B1                              1.500000   16.773428  -15.273427 (VIOLATED)
_13388_/B1                              1.500000   16.773424  -15.273424 (VIOLATED)
_13417_/A2                              1.500000   16.773428  -15.273427 (VIOLATED)
_13475_/A2                              1.500000   16.773426  -15.273426 (VIOLATED)
_13552_/A2                              1.500000   16.773426  -15.273426 (VIOLATED)
_13601_/A2                              1.500000   16.773428  -15.273427 (VIOLATED)
_11226_/A                               1.500000   16.773403  -15.273402 (VIOLATED)
_12736_/A2                              1.500000   16.773417  -15.273417 (VIOLATED)
_12745_/B1                              1.500000   16.773407  -15.273406 (VIOLATED)
_12805_/B1                              1.500000   16.773418  -15.273418 (VIOLATED)
_12843_/A2                              1.500000   16.773415  -15.273415 (VIOLATED)
_12866_/A2                              1.500000   16.773418  -15.273418 (VIOLATED)
_12884_/B1                              1.500000   16.773409  -15.273410 (VIOLATED)
_12936_/B1                              1.500000   16.773415  -15.273415 (VIOLATED)
_12964_/B1                              1.500000   16.773411  -15.273412 (VIOLATED)
_12985_/A2                              1.500000   16.773418  -15.273418 (VIOLATED)
_13233_/A2                              1.500000   16.773426  -15.273426 (VIOLATED)
_13023_/B1                              1.500000   16.773403  -15.273402 (VIOLATED)
_13030_/A2                              1.500000   16.773413  -15.273414 (VIOLATED)
_13151_/A2                              1.500000   16.773405  -15.273404 (VIOLATED)
_13379_/A2                              1.500000   16.773407  -15.273406 (VIOLATED)
_13384_/B1                              1.500000   16.773418  -15.273418 (VIOLATED)
_13415_/B1                              1.500000   16.773418  -15.273418 (VIOLATED)
_13513_/B1                              1.500000   16.773420  -15.273420 (VIOLATED)
_11217_/B                               1.500000   16.773386  -15.273387 (VIOLATED)
_11444_/A                               1.500000   16.773394  -15.273394 (VIOLATED)
_12268_/B1                              1.500000   16.773399  -15.273399 (VIOLATED)
_12371_/B1                              1.500000   16.773384  -15.273385 (VIOLATED)
_13038_/A2                              1.500000   16.773386  -15.273387 (VIOLATED)
_13458_/A2                              1.500000   16.773399  -15.273399 (VIOLATED)
_13465_/B1                              1.500000   16.773409  -15.273408 (VIOLATED)
_13519_/B1                              1.500000   16.773401  -15.273400 (VIOLATED)
_13526_/A2                              1.500000   16.773409  -15.273408 (VIOLATED)
_13547_/B1                              1.500000   16.773403  -15.273402 (VIOLATED)
_13625_/B1                              1.500000   16.773417  -15.273417 (VIOLATED)
_13638_/A2                              1.500000   16.773428  -15.273427 (VIOLATED)
_13571_/B1                              1.500000   16.773401  -15.273400 (VIOLATED)
_13582_/A2                              1.500000   16.773403  -15.273402 (VIOLATED)
_14925_/B                               1.500000   16.773409  -15.273410 (VIOLATED)
_13074_/B1                              1.500000   16.773384  -15.273383 (VIOLATED)
_13092_/B1                              1.500000   16.773386  -15.273387 (VIOLATED)
_13610_/A2                              1.500000   16.773394  -15.273394 (VIOLATED)
_13652_/B1                              1.500000   16.773392  -15.273392 (VIOLATED)
_08139_/A                               1.500000   16.773367  -15.273367 (VIOLATED)
_08404_/A                               1.500000   16.773375  -15.273375 (VIOLATED)
_12287_/A2                              1.500000   16.773373  -15.273373 (VIOLATED)
_13149_/A2                              1.500000   16.773375  -15.273375 (VIOLATED)
_13191_/B1                              1.500000   16.773388  -15.273388 (VIOLATED)
_13204_/B1                              1.500000   16.773384  -15.273385 (VIOLATED)
_13236_/B1                              1.500000   16.773386  -15.273387 (VIOLATED)
_13242_/A2                              1.500000   16.773384  -15.273383 (VIOLATED)
_13284_/B1                              1.500000   16.773388  -15.273388 (VIOLATED)
_13291_/A2                              1.500000   16.773384  -15.273383 (VIOLATED)
_13402_/B1                              1.500000   16.773375  -15.273375 (VIOLATED)
_13407_/B1                              1.500000   16.773373  -15.273373 (VIOLATED)
_13438_/A2                              1.500000   16.773386  -15.273387 (VIOLATED)
_14259_/B                               1.500000   16.773384  -15.273383 (VIOLATED)
_12261_/B1                              1.500000   16.773352  -15.273351 (VIOLATED)
_13158_/A2                              1.500000   16.773365  -15.273365 (VIOLATED)
_13331_/B1                              1.500000   16.773371  -15.273371 (VIOLATED)
_13338_/B1                              1.500000   16.773380  -15.273379 (VIOLATED)
_13368_/B1                              1.500000   16.773375  -15.273375 (VIOLATED)
_12317_/A2                              1.500000   16.773350  -15.273349 (VIOLATED)
_12410_/B1                              1.500000   16.773348  -15.273348 (VIOLATED)
_12413_/B1                              1.500000   16.773352  -15.273351 (VIOLATED)
_12475_/B1                              1.500000   16.773354  -15.273353 (VIOLATED)
_13359_/A2                              1.500000   16.773355  -15.273355 (VIOLATED)
_13374_/B1                              1.500000   16.773369  -15.273369 (VIOLATED)
_13431_/B1                              1.500000   16.773355  -15.273355 (VIOLATED)
_13448_/A2                              1.500000   16.773363  -15.273363 (VIOLATED)
_13461_/A2                              1.500000   16.773369  -15.273369 (VIOLATED)
_13483_/A2                              1.500000   16.773373  -15.273373 (VIOLATED)
_13490_/A2                              1.500000   16.773373  -15.273373 (VIOLATED)
_13501_/A2                              1.500000   16.773369  -15.273369 (VIOLATED)
_13522_/A2                              1.500000   16.773365  -15.273365 (VIOLATED)
_13554_/B1                              1.500000   16.773369  -15.273369 (VIOLATED)
_13559_/B1                              1.500000   16.773359  -15.273360 (VIOLATED)
_13564_/A2                              1.500000   16.773371  -15.273371 (VIOLATED)
_13589_/A2                              1.500000   16.773367  -15.273367 (VIOLATED)
_13613_/A2                              1.500000   16.773373  -15.273373 (VIOLATED)
_13634_/B1                              1.500000   16.773375  -15.273375 (VIOLATED)
_13594_/B1                              1.500000   16.773355  -15.273355 (VIOLATED)
_13629_/B1                              1.500000   16.773355  -15.273355 (VIOLATED)
_13647_/B1                              1.500000   16.773365  -15.273365 (VIOLATED)
_14232_/A                               1.500000   16.773355  -15.273355 (VIOLATED)
_14934_/B                               1.500000   16.773348  -15.273348 (VIOLATED)
_07879_/C                               1.500000   16.773317  -15.273317 (VIOLATED)
_07915_/C                               1.500000   16.773333  -15.273332 (VIOLATED)
_12319_/B1                              1.500000   16.773333  -15.273332 (VIOLATED)
_12432_/A2                              1.500000   16.773344  -15.273344 (VIOLATED)
_12606_/A2                              1.500000   16.773344  -15.273344 (VIOLATED)
_12618_/B1                              1.500000   16.773352  -15.273351 (VIOLATED)
_12652_/A2                              1.500000   16.773350  -15.273349 (VIOLATED)
_12668_/A2                              1.500000   16.773352  -15.273351 (VIOLATED)
_12254_/A2                              1.500000   16.773312  -15.273312 (VIOLATED)
_12419_/A2                              1.500000   16.773325  -15.273324 (VIOLATED)
_12437_/B1                              1.500000   16.773338  -15.273338 (VIOLATED)
_12485_/A2                              1.500000   16.773338  -15.273338 (VIOLATED)
_12491_/B1                              1.500000   16.773344  -15.273344 (VIOLATED)
_12518_/A2                              1.500000   16.773350  -15.273349 (VIOLATED)
_12570_/A2                              1.500000   16.773352  -15.273351 (VIOLATED)
_12544_/B1                              1.500000   16.773335  -15.273335 (VIOLATED)
_13048_/B1                              1.500000   16.773336  -15.273336 (VIOLATED)
_13054_/B1                              1.500000   16.773335  -15.273335 (VIOLATED)
_13108_/B1                              1.500000   16.773346  -15.273346 (VIOLATED)
_12285_/B1                              1.500000   16.773306  -15.273305 (VIOLATED)
_12523_/B1                              1.500000   16.773317  -15.273317 (VIOLATED)
_12580_/B1                              1.500000   16.773319  -15.273319 (VIOLATED)
_12660_/A2                              1.500000   16.773333  -15.273332 (VIOLATED)
_13114_/B1                              1.500000   16.773329  -15.273328 (VIOLATED)
_13135_/A2                              1.500000   16.773335  -15.273335 (VIOLATED)
_13198_/B1                              1.500000   16.773321  -15.273321 (VIOLATED)
_13227_/A2                              1.500000   16.773331  -15.273330 (VIOLATED)
_13327_/B1                              1.500000   16.773333  -15.273334 (VIOLATED)
_13296_/A2                              1.500000   16.773314  -15.273314 (VIOLATED)
_13392_/A2                              1.500000   16.773306  -15.273305 (VIOLATED)
_08130_/B                               1.500000   16.773289  -15.273289 (VIOLATED)
_12345_/A2                              1.500000   16.773296  -15.273296 (VIOLATED)
_12352_/A2                              1.500000   16.773300  -15.273299 (VIOLATED)
_12358_/A2                              1.500000   16.773291  -15.273291 (VIOLATED)
_12362_/A2                              1.500000   16.773293  -15.273293 (VIOLATED)
_13045_/B1                              1.500000   16.773293  -15.273293 (VIOLATED)
_13425_/B1                              1.500000   16.773302  -15.273301 (VIOLATED)
_13435_/A2                              1.500000   16.773314  -15.273314 (VIOLATED)
_13452_/A2                              1.500000   16.773315  -15.273315 (VIOLATED)
_13472_/A2                              1.500000   16.773306  -15.273305 (VIOLATED)
_13496_/B1                              1.500000   16.773310  -15.273310 (VIOLATED)
_13508_/A2                              1.500000   16.773315  -15.273315 (VIOLATED)
_13535_/A2                              1.500000   16.773312  -15.273312 (VIOLATED)
_13541_/B1                              1.500000   16.773306  -15.273307 (VIOLATED)
_13584_/A2                              1.500000   16.773310  -15.273310 (VIOLATED)
_13604_/B1                              1.500000   16.773315  -15.273315 (VIOLATED)
_13656_/B1                              1.500000   16.773304  -15.273303 (VIOLATED)
_13658_/B1                              1.500000   16.773314  -15.273314 (VIOLATED)
_13701_/B                               1.500000   16.773298  -15.273297 (VIOLATED)
_14367_/A                               1.500000   16.773306  -15.273305 (VIOLATED)
_14511_/B                               1.500000   16.773314  -15.273314 (VIOLATED)
_12350_/B1                              1.500000   16.773275  -15.273274 (VIOLATED)
_12366_/B1                              1.500000   16.773279  -15.273280 (VIOLATED)
_13060_/B1                              1.500000   16.773289  -15.273289 (VIOLATED)
_13097_/B1                              1.500000   16.773300  -15.273299 (VIOLATED)
_13082_/B1                              1.500000   16.773283  -15.273284 (VIOLATED)
_13190_/B1                              1.500000   16.773298  -15.273297 (VIOLATED)
_13103_/B1                              1.500000   16.773279  -15.273278 (VIOLATED)
_13119_/B1                              1.500000   16.773287  -15.273287 (VIOLATED)
_13127_/B1                              1.500000   16.773298  -15.273297 (VIOLATED)
_13143_/A2                              1.500000   16.773277  -15.273276 (VIOLATED)
_13164_/B1                              1.500000   16.773289  -15.273289 (VIOLATED)
_13221_/A2                              1.500000   16.773291  -15.273291 (VIOLATED)
_13245_/B1                              1.500000   16.773304  -15.273303 (VIOLATED)
_13312_/B1                              1.500000   16.773294  -15.273294 (VIOLATED)
_13316_/B1                              1.500000   16.773302  -15.273301 (VIOLATED)
_13322_/A2                              1.500000   16.773298  -15.273297 (VIOLATED)
_13342_/A2                              1.500000   16.773300  -15.273299 (VIOLATED)
_13362_/A2                              1.500000   16.773314  -15.273314 (VIOLATED)
_14916_/B                               1.500000   16.773272  -15.273271 (VIOLATED)
_08385_/B                               1.500000   16.773245  -15.273245 (VIOLATED)
_13065_/A2                              1.500000   16.773258  -15.273258 (VIOLATED)
_13266_/A2                              1.500000   16.773272  -15.273271 (VIOLATED)
_13274_/B1                              1.500000   16.773283  -15.273284 (VIOLATED)
_13286_/B1                              1.500000   16.773291  -15.273291 (VIOLATED)
_13090_/B1                              1.500000   16.773251  -15.273250 (VIOLATED)
_13137_/B1                              1.500000   16.773256  -15.273257 (VIOLATED)
_13180_/A2                              1.500000   16.773262  -15.273262 (VIOLATED)
_13173_/A2                              1.500000   16.773245  -15.273245 (VIOLATED)
_13207_/A2                              1.500000   16.773252  -15.273252 (VIOLATED)
_13249_/A2                              1.500000   16.773254  -15.273255 (VIOLATED)
_13216_/B1                              1.500000   16.773235  -15.273235 (VIOLATED)
_13261_/A2                              1.500000   16.773243  -15.273243 (VIOLATED)
_13306_/A2                              1.500000   16.773218  -15.273218 (VIOLATED)
_12338_/B1                              1.500000   16.773151  -15.273150 (VIOLATED)
_07868_/Y                               1.493456   16.700020  -15.206564 (VIOLATED)
_07888_/C                               1.500000   16.700489  -15.200488 (VIOLATED)
_08158_/B                               1.500000   16.700470  -15.200471 (VIOLATED)
_08422_/B                               1.500000   16.700476  -15.200476 (VIOLATED)
_12713_/A2                              1.500000   16.700483  -15.200483 (VIOLATED)
_12724_/A2                              1.500000   16.700491  -15.200490 (VIOLATED)
_12764_/B1                              1.500000   16.700487  -15.200486 (VIOLATED)
_12783_/B1                              1.500000   16.700489  -15.200488 (VIOLATED)
_12889_/A2                              1.500000   16.700493  -15.200492 (VIOLATED)
_12895_/B1                              1.500000   16.700489  -15.200488 (VIOLATED)
_12912_/B1                              1.500000   16.700489  -15.200488 (VIOLATED)
_08539_/B                               1.500000   16.700468  -15.200467 (VIOLATED)
_12689_/B1                              1.500000   16.700466  -15.200465 (VIOLATED)
_12692_/B1                              1.500000   16.700470  -15.200469 (VIOLATED)
_12699_/B1                              1.500000   16.700478  -15.200478 (VIOLATED)
_12705_/B1                              1.500000   16.700474  -15.200474 (VIOLATED)
_12802_/A2                              1.500000   16.700480  -15.200480 (VIOLATED)
_12818_/A2                              1.500000   16.700491  -15.200490 (VIOLATED)
_12869_/A2                              1.500000   16.700487  -15.200486 (VIOLATED)
_12717_/A2                              1.500000   16.700457  -15.200457 (VIOLATED)
_12732_/A2                              1.500000   16.700468  -15.200467 (VIOLATED)
_12737_/B1                              1.500000   16.700470  -15.200471 (VIOLATED)
_12743_/A2                              1.500000   16.700476  -15.200476 (VIOLATED)
_12824_/A2                              1.500000   16.700464  -15.200463 (VIOLATED)
_12832_/A2                              1.500000   16.700478  -15.200478 (VIOLATED)
_12836_/B1                              1.500000   16.700466  -15.200465 (VIOLATED)
_12906_/A2                              1.500000   16.700464  -15.200463 (VIOLATED)
_12932_/B1                              1.500000   16.700470  -15.200471 (VIOLATED)
_12935_/A2                              1.500000   16.700470  -15.200471 (VIOLATED)
_12941_/B1                              1.500000   16.700478  -15.200478 (VIOLATED)
_12948_/B1                              1.500000   16.700489  -15.200488 (VIOLATED)
_12953_/A2                              1.500000   16.700470  -15.200469 (VIOLATED)
_12958_/B1                              1.500000   16.700468  -15.200467 (VIOLATED)
_12976_/B1                              1.500000   16.700478  -15.200478 (VIOLATED)
_12996_/A2                              1.500000   16.700491  -15.200490 (VIOLATED)
_13000_/A2                              1.500000   16.700491  -15.200490 (VIOLATED)
_12984_/B1                              1.500000   16.700474  -15.200474 (VIOLATED)
_13028_/B1                              1.500000   16.700464  -15.200463 (VIOLATED)
_12751_/B1                              1.500000   16.700447  -15.200447 (VIOLATED)
_12755_/B1                              1.500000   16.700455  -15.200455 (VIOLATED)
_12759_/A2                              1.500000   16.700470  -15.200469 (VIOLATED)
_12796_/B1                              1.500000   16.700460  -15.200460 (VIOLATED)
_12805_/A2                              1.500000   16.700470  -15.200471 (VIOLATED)
_12811_/A2                              1.500000   16.700478  -15.200478 (VIOLATED)
_12844_/B1                              1.500000   16.700460  -15.200460 (VIOLATED)
_12875_/B1                              1.500000   16.700470  -15.200471 (VIOLATED)
_12781_/B1                              1.500000   16.700441  -15.200440 (VIOLATED)
_12791_/B1                              1.500000   16.700443  -15.200442 (VIOLATED)
_12854_/A2                              1.500000   16.700449  -15.200449 (VIOLATED)
_12868_/A2                              1.500000   16.700460  -15.200460 (VIOLATED)
_14952_/B                               1.500000   16.700445  -15.200446 (VIOLATED)
_11154_/B                               1.500000   16.700424  -15.200424 (VIOLATED)
_11235_/B                               1.500000   16.700436  -15.200435 (VIOLATED)
_12846_/B1                              1.500000   16.700426  -15.200426 (VIOLATED)
_12860_/A2                              1.500000   16.700424  -15.200424 (VIOLATED)
_12887_/A2                              1.500000   16.700438  -15.200437 (VIOLATED)
_12916_/A2                              1.500000   16.700434  -15.200434 (VIOLATED)
_12920_/B1                              1.500000   16.700441  -15.200440 (VIOLATED)
_12924_/B1                              1.500000   16.700428  -15.200428 (VIOLATED)
_12969_/B1                              1.500000   16.700436  -15.200435 (VIOLATED)
_13004_/B1                              1.500000   16.700436  -15.200435 (VIOLATED)
_13018_/B1                              1.500000   16.700447  -15.200447 (VIOLATED)
_13026_/B1                              1.500000   16.700439  -15.200438 (VIOLATED)
_12881_/B1                              1.500000   16.700413  -15.200412 (VIOLATED)
_12978_/A2                              1.500000   16.700413  -15.200412 (VIOLATED)
_13016_/B1                              1.500000   16.700422  -15.200422 (VIOLATED)
_12710_/A2                              1.500000   16.700394  -15.200395 (VIOLATED)
_08575_/A                               1.500000   16.700369  -15.200370 (VIOLATED)
_11253_/A                               1.500000   16.700365  -15.200364 (VIOLATED)
_12272_/A2                              1.500000   16.700367  -15.200368 (VIOLATED)
_12279_/B1                              1.500000   16.700371  -15.200371 (VIOLATED)
_13386_/B1                              1.500000   16.700369  -15.200370 (VIOLATED)
_12745_/A2                              1.500000   16.700354  -15.200354 (VIOLATED)
_12966_/A2                              1.500000   16.700354  -15.200354 (VIOLATED)
_13276_/B1                              1.500000   16.700365  -15.200364 (VIOLATED)
_13412_/A2                              1.500000   16.700367  -15.200368 (VIOLATED)
_13419_/B1                              1.500000   16.700371  -15.200371 (VIOLATED)
_08176_/A                               1.500000   16.700338  -15.200337 (VIOLATED)
_08458_/A                               1.500000   16.700348  -15.200348 (VIOLATED)
_12013_/A                               1.500000   16.700340  -15.200339 (VIOLATED)
_12263_/A2                              1.500000   16.700352  -15.200352 (VIOLATED)
_12269_/B1                              1.500000   16.700350  -15.200350 (VIOLATED)
_12289_/B1                              1.500000   16.700344  -15.200344 (VIOLATED)
_13069_/B1                              1.500000   16.700348  -15.200348 (VIOLATED)
_13192_/A2                              1.500000   16.700348  -15.200348 (VIOLATED)
_13368_/A2                              1.500000   16.700350  -15.200350 (VIOLATED)
_13405_/A2                              1.500000   16.700352  -15.200352 (VIOLATED)
_13468_/B1                              1.500000   16.700363  -15.200362 (VIOLATED)
_13512_/A2                              1.500000   16.700369  -15.200370 (VIOLATED)
_13529_/B1                              1.500000   16.700363  -15.200362 (VIOLATED)
_13547_/A2                              1.500000   16.700365  -15.200364 (VIOLATED)
_13581_/A2                              1.500000   16.700367  -15.200368 (VIOLATED)
_13599_/A2                              1.500000   16.700371  -15.200371 (VIOLATED)
_13641_/B1                              1.500000   16.700367  -15.200368 (VIOLATED)
_13551_/B1                              1.500000   16.700352  -15.200352 (VIOLATED)
_13232_/B1                              1.500000   16.700335  -15.200334 (VIOLATED)
_13282_/A2                              1.500000   16.700348  -15.200348 (VIOLATED)
_13374_/A2                              1.500000   16.700340  -15.200339 (VIOLATED)
_13384_/A2                              1.500000   16.700335  -15.200334 (VIOLATED)
_13407_/A2                              1.500000   16.700344  -15.200344 (VIOLATED)
_13437_/B1                              1.500000   16.700335  -15.200334 (VIOLATED)
_13455_/A2                              1.500000   16.700342  -15.200343 (VIOLATED)
_13460_/B1                              1.500000   16.700342  -15.200343 (VIOLATED)
_13478_/A2                              1.500000   16.700352  -15.200352 (VIOLATED)
_13482_/A2                              1.500000   16.700350  -15.200350 (VIOLATED)
_13519_/A2                              1.500000   16.700356  -15.200356 (VIOLATED)
_13500_/B1                              1.500000   16.700338  -15.200337 (VIOLATED)
_13565_/B1                              1.500000   16.700348  -15.200348 (VIOLATED)
_11172_/A                               1.500000   16.700315  -15.200316 (VIOLATED)
_13524_/A2                              1.500000   16.700331  -15.200331 (VIOLATED)
_13557_/B1                              1.500000   16.700333  -15.200332 (VIOLATED)
_13569_/B1                              1.500000   16.700336  -15.200336 (VIOLATED)
_13590_/B1                              1.500000   16.700333  -15.200332 (VIOLATED)
_13596_/A2                              1.500000   16.700331  -15.200331 (VIOLATED)
_13608_/B1                              1.500000   16.700340  -15.200341 (VIOLATED)
_13636_/B1                              1.500000   16.700350  -15.200350 (VIOLATED)
_13625_/A2                              1.500000   16.700335  -15.200334 (VIOLATED)
_13630_/B1                              1.500000   16.700331  -15.200331 (VIOLATED)
_13644_/A2                              1.500000   16.700338  -15.200337 (VIOLATED)
_13652_/A2                              1.500000   16.700336  -15.200336 (VIOLATED)
_11244_/B                               1.500000   16.700296  -15.200296 (VIOLATED)
_12258_/B1                              1.500000   16.700304  -15.200304 (VIOLATED)
_13039_/B1                              1.500000   16.700312  -15.200311 (VIOLATED)
_13154_/A2                              1.500000   16.700315  -15.200316 (VIOLATED)
_13159_/A2                              1.500000   16.700314  -15.200313 (VIOLATED)
_12374_/A2                              1.500000   16.700294  -15.200294 (VIOLATED)
_13055_/A2                              1.500000   16.700294  -15.200294 (VIOLATED)
_13201_/B1                              1.500000   16.700308  -15.200307 (VIOLATED)
_13332_/B1                              1.500000   16.700321  -15.200321 (VIOLATED)
_13360_/B1                              1.500000   16.700323  -15.200323 (VIOLATED)
_13377_/B1                              1.500000   16.700336  -15.200336 (VIOLATED)
_13430_/A2                              1.500000   16.700304  -15.200304 (VIOLATED)
_13446_/A2                              1.500000   16.700310  -15.200309 (VIOLATED)
_13562_/B1                              1.500000   16.700304  -15.200304 (VIOLATED)
_08440_/B                               1.500000   16.700277  -15.200277 (VIOLATED)
_13075_/A2                              1.500000   16.700287  -15.200286 (VIOLATED)
_13094_/B1                              1.500000   16.700296  -15.200296 (VIOLATED)
_13147_/B1                              1.500000   16.700289  -15.200290 (VIOLATED)
_13226_/B1                              1.500000   16.700285  -15.200284 (VIOLATED)
_13236_/A2                              1.500000   16.700296  -15.200296 (VIOLATED)
_13292_/B1                              1.500000   16.700298  -15.200298 (VIOLATED)
_13325_/A2                              1.500000   16.700304  -15.200304 (VIOLATED)
_08276_/B                               1.500000   16.700245  -15.200245 (VIOLATED)
_12354_/A2                              1.500000   16.700258  -15.200257 (VIOLATED)
_12356_/B1                              1.500000   16.700270  -15.200270 (VIOLATED)
_13111_/B1                              1.500000   16.700264  -15.200265 (VIOLATED)
_13239_/B1                              1.500000   16.700272  -15.200272 (VIOLATED)
_13337_/B1                              1.500000   16.700274  -15.200274 (VIOLATED)
_08312_/B                               1.500000   16.700228  -15.200228 (VIOLATED)
_11534_/B                               1.500000   16.700241  -15.200241 (VIOLATED)
_11773_/B                               1.500000   16.700243  -15.200243 (VIOLATED)
_12315_/B1                              1.500000   16.700233  -15.200233 (VIOLATED)
_12324_/A2                              1.500000   16.700243  -15.200243 (VIOLATED)
_12329_/B1                              1.500000   16.700247  -15.200247 (VIOLATED)
_12386_/A2                              1.500000   16.700241  -15.200241 (VIOLATED)
_12402_/B1                              1.500000   16.700245  -15.200245 (VIOLATED)
_12480_/B1                              1.500000   16.700247  -15.200247 (VIOLATED)
_12534_/A2                              1.500000   16.700247  -15.200247 (VIOLATED)
_12540_/B1                              1.500000   16.700243  -15.200243 (VIOLATED)
_12612_/A2                              1.500000   16.700243  -15.200243 (VIOLATED)
_13007_/B1                              1.500000   16.700243  -15.200243 (VIOLATED)
_14250_/B                               1.500000   16.700237  -15.200236 (VIOLATED)
_08394_/B                               1.500000   16.700214  -15.200214 (VIOLATED)
_10780_/B                               1.500000   16.700226  -15.200226 (VIOLATED)
_12296_/A2                              1.500000   16.700226  -15.200226 (VIOLATED)
_12303_/B1                              1.500000   16.700232  -15.200231 (VIOLATED)
_12308_/A2                              1.500000   16.700230  -15.200229 (VIOLATED)
_12312_/B1                              1.500000   16.700218  -15.200218 (VIOLATED)
_12398_/A2                              1.500000   16.700224  -15.200224 (VIOLATED)
_12413_/A2                              1.500000   16.700237  -15.200236 (VIOLATED)
_12442_/A2                              1.500000   16.700235  -15.200234 (VIOLATED)
_12445_/A2                              1.500000   16.700245  -15.200245 (VIOLATED)
_12451_/A2                              1.500000   16.700243  -15.200243 (VIOLATED)
_12455_/A2                              1.500000   16.700230  -15.200229 (VIOLATED)
_12460_/A2                              1.500000   16.700226  -15.200226 (VIOLATED)
_12471_/B1                              1.500000   16.700232  -15.200231 (VIOLATED)
_12477_/A2                              1.500000   16.700237  -15.200238 (VIOLATED)
_12500_/B1                              1.500000   16.700239  -15.200240 (VIOLATED)
_12515_/B1                              1.500000   16.700237  -15.200236 (VIOLATED)
_12548_/B1                              1.500000   16.700239  -15.200240 (VIOLATED)
_12497_/A2                              1.500000   16.700218  -15.200218 (VIOLATED)
_12507_/A2                              1.500000   16.700222  -15.200222 (VIOLATED)
_12530_/A2                              1.500000   16.700233  -15.200233 (VIOLATED)
_12557_/B1                              1.500000   16.700233  -15.200233 (VIOLATED)
_12565_/A2                              1.500000   16.700237  -15.200238 (VIOLATED)
_12574_/B1                              1.500000   16.700247  -15.200247 (VIOLATED)
_12594_/B1                              1.500000   16.700239  -15.200240 (VIOLATED)
_12601_/A2                              1.500000   16.700245  -15.200245 (VIOLATED)
_12620_/A2                              1.500000   16.700230  -15.200229 (VIOLATED)
_12632_/B1                              1.500000   16.700237  -15.200236 (VIOLATED)
_12637_/B1                              1.500000   16.700237  -15.200238 (VIOLATED)
_12656_/A2                              1.500000   16.700245  -15.200245 (VIOLATED)
_12664_/B1                              1.500000   16.700243  -15.200243 (VIOLATED)
_12673_/A2                              1.500000   16.700232  -15.200231 (VIOLATED)
_12775_/B1                              1.500000   16.700243  -15.200243 (VIOLATED)
_12829_/B1                              1.500000   16.700243  -15.200243 (VIOLATED)
_12624_/A2                              1.500000   16.700214  -15.200214 (VIOLATED)
_12647_/A2                              1.500000   16.700222  -15.200222 (VIOLATED)
_12669_/A2                              1.500000   16.700237  -15.200236 (VIOLATED)
_12679_/A2                              1.500000   16.700224  -15.200224 (VIOLATED)
_12391_/B1                              1.500000   16.700199  -15.200199 (VIOLATED)
_12393_/A2                              1.500000   16.700199  -15.200199 (VIOLATED)
_12429_/A2                              1.500000   16.700207  -15.200206 (VIOLATED)
_13244_/A2                              1.500000   16.700211  -15.200210 (VIOLATED)
_07869_/C                               1.500000   16.700178  -15.200177 (VIOLATED)
_12255_/A2                              1.500000   16.700184  -15.200185 (VIOLATED)
_12320_/A2                              1.500000   16.700178  -15.200177 (VIOLATED)
_12408_/B1                              1.500000   16.700188  -15.200189 (VIOLATED)
_12420_/B1                              1.500000   16.700174  -15.200174 (VIOLATED)
_12433_/B1                              1.500000   16.700184  -15.200185 (VIOLATED)
_12439_/A2                              1.500000   16.700184  -15.200183 (VIOLATED)
_12487_/B1                              1.500000   16.700184  -15.200183 (VIOLATED)
_12492_/B1                              1.500000   16.700186  -15.200187 (VIOLATED)
_12519_/B1                              1.500000   16.700188  -15.200189 (VIOLATED)
_12526_/A2                              1.500000   16.700172  -15.200172 (VIOLATED)
_12545_/A2                              1.500000   16.700182  -15.200181 (VIOLATED)
_12568_/B1                              1.500000   16.700188  -15.200189 (VIOLATED)
_12584_/A2                              1.500000   16.700190  -15.200190 (VIOLATED)
_12589_/B1                              1.500000   16.700199  -15.200199 (VIOLATED)
_12580_/A2                              1.500000   16.700172  -15.200172 (VIOLATED)
_12607_/A2                              1.500000   16.700184  -15.200183 (VIOLATED)
_12618_/A2                              1.500000   16.700188  -15.200189 (VIOLATED)
_12651_/A2                              1.500000   16.700186  -15.200187 (VIOLATED)
_12658_/B1                              1.500000   16.700178  -15.200177 (VIOLATED)
_13364_/B1                              1.500000   16.700186  -15.200187 (VIOLATED)
_13391_/B1                              1.500000   16.700178  -15.200177 (VIOLATED)
_13433_/B1                              1.500000   16.700184  -15.200183 (VIOLATED)
_13454_/A2                              1.500000   16.700188  -15.200189 (VIOLATED)
_13473_/A2                              1.500000   16.700180  -15.200179 (VIOLATED)
_13493_/B1                              1.500000   16.700188  -15.200189 (VIOLATED)
_13497_/A2                              1.500000   16.700184  -15.200183 (VIOLATED)
_13505_/B1                              1.500000   16.700186  -15.200187 (VIOLATED)
_13536_/A2                              1.500000   16.700186  -15.200187 (VIOLATED)
_13586_/A2                              1.500000   16.700184  -15.200183 (VIOLATED)
_13604_/A2                              1.500000   16.700186  -15.200187 (VIOLATED)
_13616_/B1                              1.500000   16.700188  -15.200189 (VIOLATED)
_13657_/A2                              1.500000   16.700174  -15.200174 (VIOLATED)
_13660_/A2                              1.500000   16.700184  -15.200183 (VIOLATED)
_14385_/A                               1.500000   16.700178  -15.200177 (VIOLATED)
_14745_/B                               1.500000   16.700186  -15.200187 (VIOLATED)
_14961_/B                               1.500000   16.700186  -15.200187 (VIOLATED)
_07906_/C                               1.500000   16.700157  -15.200156 (VIOLATED)
_13057_/A2                              1.500000   16.700167  -15.200167 (VIOLATED)
_08167_/B                               1.500000   16.700144  -15.200144 (VIOLATED)
_13064_/B1                              1.500000   16.700155  -15.200154 (VIOLATED)
_13115_/A2                              1.500000   16.700157  -15.200156 (VIOLATED)
_13132_/B1                              1.500000   16.700165  -15.200165 (VIOLATED)
_13183_/B1                              1.500000   16.700169  -15.200169 (VIOLATED)
_13294_/B1                              1.500000   16.700159  -15.200158 (VIOLATED)
_11163_/B                               1.500000   16.700136  -15.200137 (VIOLATED)
_12198_/B                               1.500000   16.700148  -15.200148 (VIOLATED)
_12283_/B1                              1.500000   16.700146  -15.200146 (VIOLATED)
_12342_/B1                              1.500000   16.700134  -15.200135 (VIOLATED)
_12364_/B1                              1.500000   16.700132  -15.200131 (VIOLATED)
_12366_/A2                              1.500000   16.700142  -15.200142 (VIOLATED)
_13046_/B1                              1.500000   16.700134  -15.200135 (VIOLATED)
_13100_/A2                              1.500000   16.700146  -15.200146 (VIOLATED)
_13424_/B1                              1.500000   16.700146  -15.200146 (VIOLATED)
_13540_/B1                              1.500000   16.700146  -15.200146 (VIOLATED)
_13089_/A2                              1.500000   16.700130  -15.200130 (VIOLATED)
_13117_/B1                              1.500000   16.700142  -15.200142 (VIOLATED)
_13127_/A2                              1.500000   16.700148  -15.200148 (VIOLATED)
_13164_/A2                              1.500000   16.700144  -15.200144 (VIOLATED)
_13177_/B1                              1.500000   16.700134  -15.200135 (VIOLATED)
_13187_/A2                              1.500000   16.700142  -15.200142 (VIOLATED)
_13199_/A2                              1.500000   16.700157  -15.200156 (VIOLATED)
_13222_/B1                              1.500000   16.700142  -15.200142 (VIOLATED)
_13288_/B1                              1.500000   16.700142  -15.200142 (VIOLATED)
_13311_/A2                              1.500000   16.700144  -15.200144 (VIOLATED)
_13316_/A2                              1.500000   16.700155  -15.200154 (VIOLATED)
_13323_/B1                              1.500000   16.700144  -15.200144 (VIOLATED)
_13251_/A2                              1.500000   16.700127  -15.200126 (VIOLATED)
_13267_/B1                              1.500000   16.700136  -15.200137 (VIOLATED)
_08557_/B                               1.500000   16.700102  -15.200101 (VIOLATED)
_12350_/A2                              1.500000   16.700098  -15.200098 (VIOLATED)
_13082_/A2                              1.500000   16.700109  -15.200110 (VIOLATED)
_13105_/A2                              1.500000   16.700121  -15.200121 (VIOLATED)
_13174_/A2                              1.500000   16.700109  -15.200110 (VIOLATED)
_13262_/A2                              1.500000   16.700115  -15.200115 (VIOLATED)
_13272_/A2                              1.500000   16.700117  -15.200117 (VIOLATED)
_13305_/B1                              1.500000   16.700108  -15.200109 (VIOLATED)
_12340_/B1                              1.500000   16.700081  -15.200082 (VIOLATED)
_13050_/A2                              1.500000   16.700092  -15.200092 (VIOLATED)
_13138_/A2                              1.500000   16.700089  -15.200089 (VIOLATED)
_13142_/A2                              1.500000   16.700087  -15.200087 (VIOLATED)
_13206_/A2                              1.500000   16.700090  -15.200090 (VIOLATED)
_13218_/A2                              1.500000   16.700106  -15.200105 (VIOLATED)
_13343_/A2                              1.500000   16.700092  -15.200092 (VIOLATED)
_14943_/B                               1.500000   16.700090  -15.200090 (VIOLATED)
_07790_/Y                               1.491871   16.584835  -15.092964 (VIOLATED)
_07824_/B                               1.500000   16.585457  -15.085457 (VIOLATED)
_12699_/A2                              1.500000   16.585453  -15.085453 (VIOLATED)
_12764_/A2                              1.500000   16.585455  -15.085455 (VIOLATED)
_12785_/A2                              1.500000   16.585455  -15.085455 (VIOLATED)
_12819_/A2                              1.500000   16.585457  -15.085457 (VIOLATED)
_08185_/A                               1.500000   16.585438  -15.085438 (VIOLATED)
_08476_/A                               1.500000   16.585451  -15.085451 (VIOLATED)
_10762_/A                               1.500000   16.585440  -15.085439 (VIOLATED)
_12702_/A2                              1.500000   16.585440  -15.085439 (VIOLATED)
_12712_/A2                              1.500000   16.585447  -15.085446 (VIOLATED)
_12722_/A2                              1.500000   16.585457  -15.085457 (VIOLATED)
_12741_/A2                              1.500000   16.585451  -15.085451 (VIOLATED)
_12891_/A2                              1.500000   16.585453  -15.085453 (VIOLATED)
_12895_/A2                              1.500000   16.585457  -15.085457 (VIOLATED)
_12912_/A2                              1.500000   16.585455  -15.085455 (VIOLATED)
_12941_/A2                              1.500000   16.585453  -15.085453 (VIOLATED)
_12948_/A2                              1.500000   16.585457  -15.085457 (VIOLATED)
_12974_/B1                              1.500000   16.585453  -15.085453 (VIOLATED)
_12993_/A2                              1.500000   16.585455  -15.085455 (VIOLATED)
_12999_/A2                              1.500000   16.585457  -15.085457 (VIOLATED)
_12720_/B1                              1.500000   16.585424  -15.085424 (VIOLATED)
_12739_/A2                              1.500000   16.585436  -15.085436 (VIOLATED)
_12760_/B1                              1.500000   16.585438  -15.085438 (VIOLATED)
_12799_/A2                              1.500000   16.585445  -15.085444 (VIOLATED)
_12807_/A2                              1.500000   16.585440  -15.085439 (VIOLATED)
_12812_/B1                              1.500000   16.585440  -15.085439 (VIOLATED)
_12835_/A2                              1.500000   16.585449  -15.085450 (VIOLATED)
_12837_/A2                              1.500000   16.585449  -15.085450 (VIOLATED)
_12844_/A2                              1.500000   16.585438  -15.085438 (VIOLATED)
_12867_/B1                              1.500000   16.585438  -15.085438 (VIOLATED)
_12870_/A2                              1.500000   16.585447  -15.085448 (VIOLATED)
_12904_/A2                              1.500000   16.585430  -15.085430 (VIOLATED)
_12984_/A2                              1.500000   16.585440  -15.085439 (VIOLATED)
_12920_/A2                              1.500000   16.585423  -15.085423 (VIOLATED)
_13020_/A2                              1.500000   16.585430  -15.085430 (VIOLATED)
_08512_/A                               1.500000   16.585394  -15.085393 (VIOLATED)
_13418_/A2                              1.500000   16.585405  -15.085405 (VIOLATED)
_11262_/A                               1.500000   16.585386  -15.085386 (VIOLATED)
_12256_/B1                              1.500000   16.585386  -15.085386 (VIOLATED)
_12265_/A2                              1.500000   16.585398  -15.085399 (VIOLATED)
_12289_/A2                              1.500000   16.585396  -15.085395 (VIOLATED)
_12746_/A2                              1.500000   16.585396  -15.085397 (VIOLATED)
_12268_/A2                              1.500000   16.585377  -15.085377 (VIOLATED)
_12274_/A2                              1.500000   16.585390  -15.085389 (VIOLATED)
_12279_/A2                              1.500000   16.585403  -15.085403 (VIOLATED)
_12937_/A2                              1.500000   16.585388  -15.085387 (VIOLATED)
_12964_/A2                              1.500000   16.585388  -15.085387 (VIOLATED)
_13023_/A2                              1.500000   16.585388  -15.085387 (VIOLATED)
_13027_/A2                              1.500000   16.585386  -15.085386 (VIOLATED)
_13365_/B1                              1.500000   16.585390  -15.085389 (VIOLATED)
_13367_/B1                              1.500000   16.585392  -15.085391 (VIOLATED)
_13373_/A2                              1.500000   16.585396  -15.085395 (VIOLATED)
_13381_/A2                              1.500000   16.585388  -15.085387 (VIOLATED)
_13388_/A2                              1.500000   16.585402  -15.085402 (VIOLATED)
_13476_/A2                              1.500000   16.585400  -15.085400 (VIOLATED)
_13549_/A2                              1.500000   16.585402  -15.085402 (VIOLATED)
_13598_/B1                              1.500000   16.585405  -15.085405 (VIOLATED)
_13377_/A2                              1.500000   16.585371  -15.085372 (VIOLATED)
_13393_/A2                              1.500000   16.585384  -15.085384 (VIOLATED)
_13403_/A2                              1.500000   16.585396  -15.085395 (VIOLATED)
_13410_/A2                              1.500000   16.585396  -15.085397 (VIOLATED)
_13413_/A2                              1.500000   16.585390  -15.085389 (VIOLATED)
_13436_/B1                              1.500000   16.585384  -15.085384 (VIOLATED)
_13453_/A2                              1.500000   16.585392  -15.085391 (VIOLATED)
_13493_/A2                              1.500000   16.585394  -15.085393 (VIOLATED)
_13502_/A2                              1.500000   16.585390  -15.085389 (VIOLATED)
_13505_/A2                              1.500000   16.585392  -15.085391 (VIOLATED)
_13513_/A2                              1.500000   16.585392  -15.085391 (VIOLATED)
_14304_/A                               1.500000   16.585390  -15.085389 (VIOLATED)
_14637_/A                               1.500000   16.585403  -15.085403 (VIOLATED)
_13457_/B1                              1.500000   16.585373  -15.085373 (VIOLATED)
_13460_/A2                              1.500000   16.585388  -15.085387 (VIOLATED)
_13466_/A2                              1.500000   16.585384  -15.085384 (VIOLATED)
_13471_/A2                              1.500000   16.585384  -15.085384 (VIOLATED)
_13481_/A2                              1.500000   16.585396  -15.085395 (VIOLATED)
_13517_/A2                              1.500000   16.585381  -15.085381 (VIOLATED)
_13527_/A2                              1.500000   16.585384  -15.085384 (VIOLATED)
_13538_/B1                              1.500000   16.585390  -15.085389 (VIOLATED)
_13546_/A2                              1.500000   16.585386  -15.085386 (VIOLATED)
_13555_/A2                              1.500000   16.585392  -15.085391 (VIOLATED)
_13567_/B1                              1.500000   16.585392  -15.085391 (VIOLATED)
_13580_/A2                              1.500000   16.585386  -15.085386 (VIOLATED)
_13603_/A2                              1.500000   16.585392  -15.085391 (VIOLATED)
_13614_/A2                              1.500000   16.585394  -15.085393 (VIOLATED)
_13624_/A2                              1.500000   16.585388  -15.085387 (VIOLATED)
_13636_/A2                              1.500000   16.585398  -15.085399 (VIOLATED)
_13639_/A2                              1.500000   16.585403  -15.085403 (VIOLATED)
_14547_/B                               1.500000   16.585388  -15.085387 (VIOLATED)
_14979_/A                               1.500000   16.585394  -15.085393 (VIOLATED)
_13608_/A2                              1.500000   16.585371  -15.085372 (VIOLATED)
_13645_/B1                              1.500000   16.585377  -15.085377 (VIOLATED)
_13659_/A2                              1.500000   16.585388  -15.085387 (VIOLATED)
_14763_/A                               1.500000   16.585365  -15.085364 (VIOLATED)
_11471_/A                               1.500000   16.585327  -15.085327 (VIOLATED)
_12261_/A2                              1.500000   16.585318  -15.085319 (VIOLATED)
_13360_/A2                              1.500000   16.585333  -15.085333 (VIOLATED)
_13431_/A2                              1.500000   16.585327  -15.085327 (VIOLATED)
_13437_/A2                              1.500000   16.585342  -15.085341 (VIOLATED)
_13449_/B1                              1.500000   16.585327  -15.085327 (VIOLATED)
_13523_/A2                              1.500000   16.585327  -15.085327 (VIOLATED)
_13559_/A2                              1.500000   16.585342  -15.085341 (VIOLATED)
_13572_/A2                              1.500000   16.585350  -15.085350 (VIOLATED)
_13591_/A2                              1.500000   16.585352  -15.085352 (VIOLATED)
_13651_/A2                              1.500000   16.585348  -15.085348 (VIOLATED)
_13594_/A2                              1.500000   16.585327  -15.085327 (VIOLATED)
_13629_/A2                              1.500000   16.585333  -15.085333 (VIOLATED)
_07850_/B                               1.500000   16.585297  -15.085297 (VIOLATED)
_10771_/A                               1.500000   16.585291  -15.085290 (VIOLATED)
_11280_/A                               1.500000   16.585279  -15.085279 (VIOLATED)
_12749_/A2                              1.500000   16.585291  -15.085290 (VIOLATED)
_12779_/A2                              1.500000   16.585291  -15.085290 (VIOLATED)
_12846_/A2                              1.500000   16.585291  -15.085290 (VIOLATED)
_12851_/B1                              1.500000   16.585291  -15.085290 (VIOLATED)
_12863_/B1                              1.500000   16.585291  -15.085290 (VIOLATED)
_12886_/A2                              1.500000   16.585291  -15.085290 (VIOLATED)
_13013_/A2                              1.500000   16.585289  -15.085288 (VIOLATED)
_13054_/A2                              1.500000   16.585295  -15.085296 (VIOLATED)
_13114_/A2                              1.500000   16.585297  -15.085297 (VIOLATED)
_13132_/A2                              1.500000   16.585297  -15.085297 (VIOLATED)
_13332_/A2                              1.500000   16.585299  -15.085299 (VIOLATED)
_13039_/A2                              1.500000   16.585276  -15.085276 (VIOLATED)
_13156_/A2                              1.500000   16.585272  -15.085272 (VIOLATED)
_13194_/A2                              1.500000   16.585283  -15.085282 (VIOLATED)
_13198_/A2                              1.500000   16.585297  -15.085297 (VIOLATED)
_13235_/B1                              1.500000   16.585279  -15.085279 (VIOLATED)
_13283_/A2                              1.500000   16.585285  -15.085284 (VIOLATED)
_13294_/A2                              1.500000   16.585297  -15.085297 (VIOLATED)
_13326_/A2                              1.500000   16.585287  -15.085286 (VIOLATED)
_08494_/A                               1.500000   16.585230  -15.085230 (VIOLATED)
_12356_/A2                              1.500000   16.585234  -15.085233 (VIOLATED)
_13108_/A2                              1.500000   16.585243  -15.085244 (VIOLATED)
_13290_/A2                              1.500000   16.585243  -15.085244 (VIOLATED)
_12371_/A2                              1.500000   16.585226  -15.085226 (VIOLATED)
_13073_/B1                              1.500000   16.585224  -15.085224 (VIOLATED)
_13204_/A2                              1.500000   16.585226  -15.085226 (VIOLATED)
_13228_/A2                              1.500000   16.585239  -15.085240 (VIOLATED)
_13239_/A2                              1.500000   16.585215  -15.085216 (VIOLATED)
_08194_/B                               1.500000   16.585173  -15.085173 (VIOLATED)
_08330_/B                               1.500000   16.585157  -15.085156 (VIOLATED)
_11453_/B                               1.500000   16.585165  -15.085166 (VIOLATED)
_12300_/A2                              1.500000   16.585171  -15.085171 (VIOLATED)
_12332_/A2                              1.500000   16.585163  -15.085164 (VIOLATED)
_12405_/A2                              1.500000   16.585165  -15.085166 (VIOLATED)
_12412_/A2                              1.500000   16.585171  -15.085171 (VIOLATED)
_12440_/A2                              1.500000   16.585171  -15.085171 (VIOLATED)
_12457_/A2                              1.500000   16.585161  -15.085162 (VIOLATED)
_12533_/A2                              1.500000   16.585173  -15.085173 (VIOLATED)
_12549_/B1                              1.500000   16.585173  -15.085173 (VIOLATED)
_12471_/A2                              1.500000   16.585154  -15.085154 (VIOLATED)
_12481_/B1                              1.500000   16.585165  -15.085166 (VIOLATED)
_12603_/B1                              1.500000   16.585165  -15.085166 (VIOLATED)
_12613_/A2                              1.500000   16.585165  -15.085166 (VIOLATED)
_12637_/A2                              1.500000   16.585171  -15.085171 (VIOLATED)
_12654_/A2                              1.500000   16.585165  -15.085166 (VIOLATED)
_12667_/A2                              1.500000   16.585171  -15.085171 (VIOLATED)
_12475_/A2                              1.500000   16.585150  -15.085150 (VIOLATED)
_12519_/A2                              1.500000   16.585150  -15.085150 (VIOLATED)
_12528_/A2                              1.500000   16.585161  -15.085162 (VIOLATED)
_12558_/A2                              1.500000   16.585163  -15.085164 (VIOLATED)
_12563_/A2                              1.500000   16.585173  -15.085173 (VIOLATED)
_12574_/A2                              1.500000   16.585173  -15.085173 (VIOLATED)
_12617_/A2                              1.500000   16.585150  -15.085150 (VIOLATED)
_12621_/A2                              1.500000   16.585154  -15.085154 (VIOLATED)
_12680_/A2                              1.500000   16.585152  -15.085152 (VIOLATED)
_07791_/C                               1.500000   16.585133  -15.085132 (VIOLATED)
_10798_/B                               1.500000   16.585133  -15.085132 (VIOLATED)
_12295_/A2                              1.500000   16.585138  -15.085139 (VIOLATED)
_12314_/A2                              1.500000   16.585148  -15.085148 (VIOLATED)
_11271_/A                               1.500000   16.585123  -15.085123 (VIOLATED)
_11525_/A                               1.500000   16.585131  -15.085130 (VIOLATED)
_12307_/A2                              1.500000   16.585131  -15.085130 (VIOLATED)
_12319_/A2                              1.500000   16.585135  -15.085134 (VIOLATED)
_12326_/A2                              1.500000   16.585136  -15.085137 (VIOLATED)
_12385_/A2                              1.500000   16.585136  -15.085137 (VIOLATED)
_12400_/A2                              1.500000   16.585144  -15.085144 (VIOLATED)
_12409_/A2                              1.500000   16.585148  -15.085148 (VIOLATED)
_12434_/A2                              1.500000   16.585146  -15.085146 (VIOLATED)
_12448_/A2                              1.500000   16.585138  -15.085139 (VIOLATED)
_12452_/B1                              1.500000   16.585136  -15.085137 (VIOLATED)
_12390_/A2                              1.500000   16.585121  -15.085121 (VIOLATED)
_12394_/A2                              1.500000   16.585121  -15.085121 (VIOLATED)
_12420_/A2                              1.500000   16.585127  -15.085127 (VIOLATED)
_14628_/B                               1.500000   16.585136  -15.085135 (VIOLATED)
_14988_/B                               1.500000   16.585148  -15.085148 (VIOLATED)
_08413_/B                               1.500000   16.585106  -15.085105 (VIOLATED)
_12309_/A2                              1.500000   16.585110  -15.085109 (VIOLATED)
_12430_/A2                              1.500000   16.585119  -15.085119 (VIOLATED)
_12436_/A2                              1.500000   16.585135  -15.085134 (VIOLATED)
_12463_/A2                              1.500000   16.585133  -15.085132 (VIOLATED)
_12488_/A2                              1.500000   16.585140  -15.085140 (VIOLATED)
_12492_/A2                              1.500000   16.585146  -15.085146 (VIOLATED)
_12496_/A2                              1.500000   16.585125  -15.085125 (VIOLATED)
_12500_/A2                              1.500000   16.585135  -15.085134 (VIOLATED)
_12513_/A2                              1.500000   16.585135  -15.085134 (VIOLATED)
_12539_/A2                              1.500000   16.585138  -15.085139 (VIOLATED)
_12568_/A2                              1.500000   16.585150  -15.085150 (VIOLATED)
_12544_/A2                              1.500000   16.585135  -15.085134 (VIOLATED)
_12579_/A2                              1.500000   16.585127  -15.085127 (VIOLATED)
_12605_/B1                              1.500000   16.585135  -15.085134 (VIOLATED)
_12629_/A2                              1.500000   16.585136  -15.085135 (VIOLATED)
_12650_/B1                              1.500000   16.585146  -15.085146 (VIOLATED)
_12675_/A2                              1.500000   16.585135  -15.085134 (VIOLATED)
_12687_/A2                              1.500000   16.585129  -15.085128 (VIOLATED)
_12692_/A2                              1.500000   16.585131  -15.085130 (VIOLATED)
_12731_/A2                              1.500000   16.585131  -15.085130 (VIOLATED)
_12915_/A2                              1.500000   16.585121  -15.085121 (VIOLATED)
_12932_/A2                              1.500000   16.585133  -15.085132 (VIOLATED)
_12956_/A2                              1.500000   16.585131  -15.085130 (VIOLATED)
_13336_/A2                              1.500000   16.585135  -15.085134 (VIOLATED)
_12351_/B1                              1.500000   16.585104  -15.085103 (VIOLATED)
_12504_/B1                              1.500000   16.585108  -15.085107 (VIOLATED)
_12523_/A2                              1.500000   16.585121  -15.085121 (VIOLATED)
_12582_/A2                              1.500000   16.585108  -15.085107 (VIOLATED)
_12586_/A2                              1.500000   16.585121  -15.085121 (VIOLATED)
_12593_/A2                              1.500000   16.585136  -15.085135 (VIOLATED)
_12626_/B1                              1.500000   16.585112  -15.085113 (VIOLATED)
_12644_/B1                              1.500000   16.585127  -15.085127 (VIOLATED)
_12658_/A2                              1.500000   16.585135  -15.085134 (VIOLATED)
_12663_/A2                              1.500000   16.585136  -15.085137 (VIOLATED)
_12756_/A2                              1.500000   16.585119  -15.085119 (VIOLATED)
_12777_/A2                              1.500000   16.585131  -15.085130 (VIOLATED)
_12823_/A2                              1.500000   16.585129  -15.085128 (VIOLATED)
_12827_/B1                              1.500000   16.585136  -15.085137 (VIOLATED)
_12877_/A2                              1.500000   16.585131  -15.085130 (VIOLATED)
_12927_/A2                              1.500000   16.585114  -15.085114 (VIOLATED)
_12960_/A2                              1.500000   16.585129  -15.085128 (VIOLATED)
_12971_/A2                              1.500000   16.585127  -15.085127 (VIOLATED)
_13004_/A2                              1.500000   16.585129  -15.085128 (VIOLATED)
_13009_/A2                              1.500000   16.585133  -15.085132 (VIOLATED)
_12708_/A2                              1.500000   16.585098  -15.085098 (VIOLATED)
_12790_/A2                              1.500000   16.585112  -15.085113 (VIOLATED)
_12795_/A2                              1.500000   16.585127  -15.085127 (VIOLATED)
_12881_/A2                              1.500000   16.585121  -15.085121 (VIOLATED)
_12981_/A2                              1.500000   16.585108  -15.085107 (VIOLATED)
_13069_/A2                              1.500000   16.585087  -15.085088 (VIOLATED)
_13093_/A2                              1.500000   16.585085  -15.085086 (VIOLATED)
_13278_/A2                              1.500000   16.585093  -15.085093 (VIOLATED)
_12363_/A2                              1.500000   16.585056  -15.085055 (VIOLATED)
_13098_/B1                              1.500000   16.585064  -15.085064 (VIOLATED)
_13152_/B1                              1.500000   16.585062  -15.085063 (VIOLATED)
_13185_/A2                              1.500000   16.585073  -15.085073 (VIOLATED)
_13232_/A2                              1.500000   16.585079  -15.085078 (VIOLATED)
_13317_/A2                              1.500000   16.585085  -15.085084 (VIOLATED)
_14772_/A                               1.500000   16.585070  -15.085070 (VIOLATED)
_13083_/A2                              1.500000   16.585024  -15.085024 (VIOLATED)
_13209_/A2                              1.500000   16.585024  -15.085024 (VIOLATED)
_13273_/A2                              1.500000   16.585032  -15.085031 (VIOLATED)
_13051_/A2                              1.500000   16.584997  -15.084997 (VIOLATED)
_13145_/A2                              1.500000   16.584995  -15.084995 (VIOLATED)
_13147_/A2                              1.500000   16.584997  -15.084997 (VIOLATED)
_13245_/A2                              1.500000   16.584995  -15.084995 (VIOLATED)
_13341_/A2                              1.500000   16.584990  -15.084990 (VIOLATED)
_14970_/A                               1.500000   16.584995  -15.084995 (VIOLATED)
_12348_/B1                              1.500000   16.584967  -15.084967 (VIOLATED)
_12284_/A2                              1.500000   16.584934  -15.084934 (VIOLATED)
_13058_/A2                              1.500000   16.584934  -15.084934 (VIOLATED)
_13117_/A2                              1.500000   16.584932  -15.084933 (VIOLATED)
_13424_/A2                              1.500000   16.584934  -15.084934 (VIOLATED)
_13495_/A2                              1.500000   16.584936  -15.084936 (VIOLATED)
_13542_/A2                              1.500000   16.584934  -15.084934 (VIOLATED)
_13585_/B1                              1.500000   16.584936  -15.084936 (VIOLATED)
_13654_/B1                              1.500000   16.584934  -15.084934 (VIOLATED)
_14286_/A                               1.500000   16.584929  -15.084929 (VIOLATED)
_14403_/A                               1.500000   16.584934  -15.084934 (VIOLATED)
_11462_/A                               1.500000   16.584909  -15.084909 (VIOLATED)
_12340_/A2                              1.500000   16.584917  -15.084917 (VIOLATED)
_12367_/A2                              1.500000   16.584927  -15.084926 (VIOLATED)
_13128_/A2                              1.500000   16.584927  -15.084926 (VIOLATED)
_13162_/A2                              1.500000   16.584929  -15.084929 (VIOLATED)
_13189_/B1                              1.500000   16.584929  -15.084928 (VIOLATED)
_13223_/A2                              1.500000   16.584929  -15.084929 (VIOLATED)
_13288_/A2                              1.500000   16.584929  -15.084929 (VIOLATED)
_13312_/A2                              1.500000   16.584934  -15.084934 (VIOLATED)
_13321_/B1                              1.500000   16.584927  -15.084926 (VIOLATED)
_12344_/A2                              1.500000   16.584909  -15.084909 (VIOLATED)
_13046_/A2                              1.500000   16.584909  -15.084909 (VIOLATED)
_13177_/A2                              1.500000   16.584921  -15.084921 (VIOLATED)
_13062_/B1                              1.500000   16.584904  -15.084905 (VIOLATED)
_13087_/A2                              1.500000   16.584915  -15.084915 (VIOLATED)
_13106_/A2                              1.500000   16.584908  -15.084908 (VIOLATED)
_13137_/A2                              1.500000   16.584904  -15.084905 (VIOLATED)
_13175_/A2                              1.500000   16.584904  -15.084903 (VIOLATED)
_13216_/A2                              1.500000   16.584906  -15.084907 (VIOLATED)
_13250_/A2                              1.500000   16.584913  -15.084913 (VIOLATED)
_13264_/A2                              1.500000   16.584909  -15.084909 (VIOLATED)
_13267_/A2                              1.500000   16.584925  -15.084924 (VIOLATED)
_13305_/A2                              1.500000   16.584898  -15.084897 (VIOLATED)
_14187_/A                               1.500000   16.584904  -15.084905 (VIOLATED)
_11680_/A                               1.500000    6.445635   -4.945635 (VIOLATED)
_11678_/A                               1.500000    6.445630   -4.945630 (VIOLATED)
_11676_/A                               1.500000    6.445617   -4.945617 (VIOLATED)
_11674_/A                               1.500000    6.445595   -4.945595 (VIOLATED)
_11672_/A                               1.500000    6.445578   -4.945578 (VIOLATED)
_11662_/A                               1.500000    6.445538   -4.945539 (VIOLATED)
_11666_/A                               1.500000    6.445539   -4.945539 (VIOLATED)
_11670_/A                               1.500000    6.445541   -4.945541 (VIOLATED)
_11664_/A                               1.500000    6.445532   -4.945532 (VIOLATED)
_11668_/A                               1.500000    6.445537   -4.945537 (VIOLATED)
_11658_/A                               1.500000    6.445510   -4.945510 (VIOLATED)
_11660_/A                               1.500000    6.445496   -4.945497 (VIOLATED)
_11656_/A                               1.500000    6.445487   -4.945487 (VIOLATED)
_11654_/A                               1.500000    6.445481   -4.945481 (VIOLATED)
_11648_/A                               1.500000    6.445438   -4.945438 (VIOLATED)
_11652_/A                               1.500000    6.445432   -4.945432 (VIOLATED)
_11646_/A                               1.500000    6.445403   -4.945404 (VIOLATED)
_11644_/A                               1.500000    6.445386   -4.945386 (VIOLATED)
_11640_/A                               1.500000    6.445355   -4.945355 (VIOLATED)
_11636_/A                               1.500000    6.445335   -4.945335 (VIOLATED)
_11638_/A                               1.500000    6.445338   -4.945338 (VIOLATED)
_11642_/A                               1.500000    6.445337   -4.945338 (VIOLATED)
_11650_/A                               1.500000    6.445338   -4.945339 (VIOLATED)
_11634_/A                               1.500000    6.445320   -4.945320 (VIOLATED)
_11632_/A                               1.500000    6.445284   -4.945284 (VIOLATED)
_11628_/A                               1.500000    6.445226   -4.945227 (VIOLATED)
_11630_/A                               1.500000    6.445225   -4.945225 (VIOLATED)
_11626_/A                               1.500000    6.445176   -4.945176 (VIOLATED)
_11622_/A                               1.500000    6.445159   -4.945159 (VIOLATED)
_11618_/A                               1.500000    6.445116   -4.945117 (VIOLATED)
_11620_/A                               1.500000    6.445063   -4.945062 (VIOLATED)
_11746_/A                               1.500000    6.444989   -4.944989 (VIOLATED)
_11738_/A                               1.500000    6.444894   -4.944893 (VIOLATED)
_11740_/A                               1.500000    6.444876   -4.944876 (VIOLATED)
_11734_/A                               1.500000    6.444845   -4.944845 (VIOLATED)
_11744_/A                               1.500000    6.444843   -4.944844 (VIOLATED)
_11742_/A                               1.500000    6.444782   -4.944782 (VIOLATED)
_11728_/A                               1.500000    6.444768   -4.944768 (VIOLATED)
_11732_/A                               1.500000    6.444708   -4.944709 (VIOLATED)
_11736_/A                               1.500000    6.444708   -4.944708 (VIOLATED)
_11730_/A                               1.500000    6.444680   -4.944679 (VIOLATED)
_11726_/A                               1.500000    6.444597   -4.944598 (VIOLATED)
_11720_/A                               1.500000    6.444520   -4.944520 (VIOLATED)
_11716_/A                               1.500000    6.444390   -4.944390 (VIOLATED)
_11708_/A                               1.500000    6.444237   -4.944237 (VIOLATED)
_11722_/A                               1.500000    6.444237   -4.944237 (VIOLATED)
_11706_/A                               1.500000    6.444201   -4.944201 (VIOLATED)
_11718_/A                               1.500000    6.444060   -4.944060 (VIOLATED)
_11704_/A                               1.500000    6.443974   -4.943974 (VIOLATED)
_11710_/A                               1.500000    6.443933   -4.943933 (VIOLATED)
_11712_/A                               1.500000    6.443934   -4.943934 (VIOLATED)
_11624_/A                               1.500000    6.443911   -4.943911 (VIOLATED)
_11690_/A                               1.500000    6.443814   -4.943813 (VIOLATED)
_11702_/A                               1.500000    6.443657   -4.943657 (VIOLATED)
_11688_/A                               1.500000    6.443628   -4.943628 (VIOLATED)
_11684_/A                               1.500000    6.443614   -4.943614 (VIOLATED)
_11700_/A                               1.500000    6.443398   -4.943398 (VIOLATED)
_11698_/A                               1.500000    6.443154   -4.943153 (VIOLATED)
_11694_/A                               1.500000    6.443033   -4.943033 (VIOLATED)
_11724_/A                               1.500000    6.442906   -4.942906 (VIOLATED)
_11714_/A                               1.500000    6.442900   -4.942900 (VIOLATED)
_11686_/A                               1.500000    6.442892   -4.942892 (VIOLATED)
_11696_/A                               1.500000    6.442894   -4.942894 (VIOLATED)
_11692_/A                               1.500000    6.442885   -4.942885 (VIOLATED)
_07597_/A                               1.500000    6.441206   -4.941206 (VIOLATED)
_07596_/A                               1.500000    6.440612   -4.940612 (VIOLATED)
_07595_/A                               1.500000    6.440066   -4.940066 (VIOLATED)
_07594_/A                               1.500000    6.439528   -4.939528 (VIOLATED)
_07593_/A                               1.500000    6.439023   -4.939023 (VIOLATED)
_07506_/A                               1.500000    6.438496   -4.938496 (VIOLATED)
_07584_/S                               1.500000    6.438422   -4.938421 (VIOLATED)
_07589_/A                               1.500000    6.438422   -4.938422 (VIOLATED)
_07599_/S                               1.500000    6.438365   -4.938365 (VIOLATED)
_07585_/S                               1.500000    6.438084   -4.938084 (VIOLATED)
_07587_/S                               1.500000    6.437972   -4.937972 (VIOLATED)
_07588_/S                               1.500000    6.437976   -4.937975 (VIOLATED)
_07602_/S                               1.500000    6.437970   -4.937970 (VIOLATED)
_07603_/S                               1.500000    6.437975   -4.937974 (VIOLATED)
_07586_/S                               1.500000    6.437963   -4.937964 (VIOLATED)
_07601_/S                               1.500000    6.437957   -4.937957 (VIOLATED)
_07600_/S                               1.500000    6.437897   -4.937897 (VIOLATED)
_07613_/B                               1.500000    6.437808   -4.937808 (VIOLATED)
_07591_/A_N                             1.500000    6.437674   -4.937675 (VIOLATED)
_07606_/A                               1.500000    6.437674   -4.937675 (VIOLATED)
_09739_/S                               1.500000    6.437675   -4.937675 (VIOLATED)
_09740_/S                               1.500000    6.437676   -4.937676 (VIOLATED)
_09742_/S                               1.500000    6.437676   -4.937676 (VIOLATED)
_09743_/S                               1.500000    6.437676   -4.937676 (VIOLATED)
_09767_/S                               1.500000    6.437676   -4.937676 (VIOLATED)
_09770_/S                               1.500000    6.437676   -4.937676 (VIOLATED)
_09856_/S0                              1.500000    6.437679   -4.937679 (VIOLATED)
_09904_/S1                              1.500000    6.437683   -4.937683 (VIOLATED)
_09905_/S1                              1.500000    6.437684   -4.937683 (VIOLATED)
_09921_/S                               1.500000    6.437684   -4.937683 (VIOLATED)
_09947_/S                               1.500000    6.437683   -4.937683 (VIOLATED)
_09948_/S                               1.500000    6.437684   -4.937684 (VIOLATED)
_09950_/S                               1.500000    6.437683   -4.937683 (VIOLATED)
_09951_/S                               1.500000    6.437684   -4.937684 (VIOLATED)
_09977_/S0                              1.500000    6.437684   -4.937683 (VIOLATED)
_09978_/S0                              1.500000    6.437684   -4.937684 (VIOLATED)
_09872_/S                               1.500000    6.437678   -4.937678 (VIOLATED)
_09873_/S                               1.500000    6.437679   -4.937679 (VIOLATED)
_09922_/S                               1.500000    6.437683   -4.937683 (VIOLATED)
_09924_/S                               1.500000    6.437683   -4.937683 (VIOLATED)
_09925_/S                               1.500000    6.437684   -4.937683 (VIOLATED)
_09855_/S0                              1.500000    6.437671   -4.937671 (VIOLATED)
_09869_/S                               1.500000    6.437671   -4.937671 (VIOLATED)
_09870_/S                               1.500000    6.437671   -4.937671 (VIOLATED)
_10060_/S1                              1.500000    6.437671   -4.937671 (VIOLATED)
_10061_/S1                              1.500000    6.437671   -4.937671 (VIOLATED)
_10074_/S                               1.500000    6.437671   -4.937671 (VIOLATED)
_10075_/S                               1.500000    6.437672   -4.937672 (VIOLATED)
_10077_/S                               1.500000    6.437671   -4.937671 (VIOLATED)
_10078_/S                               1.500000    6.437672   -4.937672 (VIOLATED)
_10169_/S0                              1.500000    6.437669   -4.937669 (VIOLATED)
_10170_/S                               1.500000    6.437669   -4.937669 (VIOLATED)
_10188_/S                               1.500000    6.437665   -4.937665 (VIOLATED)
_10190_/S                               1.500000    6.437665   -4.937665 (VIOLATED)
_10191_/S                               1.500000    6.437667   -4.937667 (VIOLATED)
_10294_/S                               1.500000    6.437663   -4.937663 (VIOLATED)
_10295_/S                               1.500000    6.437663   -4.937663 (VIOLATED)
_09398_/S                               1.500000    6.437657   -4.937657 (VIOLATED)
_09399_/S                               1.500000    6.437657   -4.937657 (VIOLATED)
_09401_/S                               1.500000    6.437656   -4.937657 (VIOLATED)
_09402_/S                               1.500000    6.437656   -4.937657 (VIOLATED)
_09432_/S0                              1.500000    6.437657   -4.937657 (VIOLATED)
_09433_/S0                              1.500000    6.437657   -4.937657 (VIOLATED)
_09456_/S                               1.500000    6.437655   -4.937655 (VIOLATED)
_09457_/S                               1.500000    6.437655   -4.937655 (VIOLATED)
_09459_/S                               1.500000    6.437654   -4.937655 (VIOLATED)
_09460_/S                               1.500000    6.437655   -4.937655 (VIOLATED)
_09466_/S0                              1.500000    6.437655   -4.937656 (VIOLATED)
_09467_/S0                              1.500000    6.437655   -4.937655 (VIOLATED)
_09824_/S                               1.500000    6.437655   -4.937655 (VIOLATED)
_10204_/S                               1.500000    6.437658   -4.937658 (VIOLATED)
_10206_/S                               1.500000    6.437659   -4.937658 (VIOLATED)
_10231_/S1                              1.500000    6.437659   -4.937658 (VIOLATED)
_10277_/S1                              1.500000    6.437663   -4.937663 (VIOLATED)
_10278_/S1                              1.500000    6.437663   -4.937663 (VIOLATED)
_10291_/S                               1.500000    6.437662   -4.937662 (VIOLATED)
_10292_/S                               1.500000    6.437663   -4.937663 (VIOLATED)
_10368_/S                               1.500000    6.437658   -4.937658 (VIOLATED)
_10369_/S                               1.500000    6.437658   -4.937658 (VIOLATED)
_10371_/S                               1.500000    6.437659   -4.937659 (VIOLATED)
_10372_/S                               1.500000    6.437658   -4.937658 (VIOLATED)
_10398_/S0                              1.500000    6.437659   -4.937659 (VIOLATED)
_10399_/S0                              1.500000    6.437658   -4.937658 (VIOLATED)
_10203_/S                               1.500000    6.437651   -4.937651 (VIOLATED)
_10207_/S                               1.500000    6.437653   -4.937652 (VIOLATED)
_10232_/S1                              1.500000    6.437654   -4.937655 (VIOLATED)
_09503_/S                               1.500000    6.437646   -4.937646 (VIOLATED)
_09504_/S                               1.500000    6.437650   -4.937650 (VIOLATED)
_09506_/S                               1.500000    6.437648   -4.937649 (VIOLATED)
_09507_/S                               1.500000    6.437647   -4.937647 (VIOLATED)
_09545_/S0                              1.500000    6.437646   -4.937646 (VIOLATED)
_09546_/S0                              1.500000    6.437647   -4.937648 (VIOLATED)
_09805_/A                               1.500000    6.437648   -4.937649 (VIOLATED)
_09821_/S                               1.500000    6.437640   -4.937641 (VIOLATED)
_09822_/S                               1.500000    6.437644   -4.937644 (VIOLATED)
_09825_/S                               1.500000    6.437640   -4.937640 (VIOLATED)
_10010_/S0                              1.500000    6.437642   -4.937642 (VIOLATED)
_10011_/S0                              1.500000    6.437640   -4.937641 (VIOLATED)
_10026_/S                               1.500000    6.437642   -4.937642 (VIOLATED)
_10027_/S                               1.500000    6.437641   -4.937641 (VIOLATED)
_10029_/S                               1.500000    6.437642   -4.937642 (VIOLATED)
_10030_/S                               1.500000    6.437641   -4.937642 (VIOLATED)
_10187_/S                               1.500000    6.437640   -4.937640 (VIOLATED)
_09015_/A                               1.500000    6.437628   -4.937628 (VIOLATED)
_09016_/A                               1.500000    6.437627   -4.937627 (VIOLATED)
_09271_/S                               1.500000    6.437630   -4.937630 (VIOLATED)
_09272_/S                               1.500000    6.437631   -4.937631 (VIOLATED)
_09274_/S                               1.500000    6.437631   -4.937631 (VIOLATED)
_09275_/S                               1.500000    6.437630   -4.937630 (VIOLATED)
_09304_/S                               1.500000    6.437631   -4.937631 (VIOLATED)
_09307_/S                               1.500000    6.437631   -4.937631 (VIOLATED)
_09336_/S                               1.500000    6.437629   -4.937629 (VIOLATED)
_09802_/A                               1.500000    6.437631   -4.937631 (VIOLATED)
_10108_/A                               1.500000    6.437632   -4.937632 (VIOLATED)
_10111_/A                               1.500000    6.437632   -4.937632 (VIOLATED)
_10132_/S                               1.500000    6.437635   -4.937635 (VIOLATED)
_10133_/S                               1.500000    6.437634   -4.937634 (VIOLATED)
_10135_/S                               1.500000    6.437633   -4.937633 (VIOLATED)
_10136_/S                               1.500000    6.437633   -4.937634 (VIOLATED)
_10308_/S1                              1.500000    6.437632   -4.937632 (VIOLATED)
_10343_/S                               1.500000    6.437634   -4.937634 (VIOLATED)
_10345_/S                               1.500000    6.437633   -4.937634 (VIOLATED)
_10342_/S                               1.500000    6.437628   -4.937628 (VIOLATED)
_09202_/S                               1.500000    6.437623   -4.937623 (VIOLATED)
_09203_/S                               1.500000    6.437623   -4.937623 (VIOLATED)
_09204_/S                               1.500000    6.437623   -4.937623 (VIOLATED)
_09205_/S                               1.500000    6.437624   -4.937624 (VIOLATED)
_09243_/S1                              1.500000    6.437623   -4.937623 (VIOLATED)
_09244_/S1                              1.500000    6.437623   -4.937623 (VIOLATED)
_09337_/S                               1.500000    6.437627   -4.937627 (VIOLATED)
_09339_/S                               1.500000    6.437629   -4.937629 (VIOLATED)
_09340_/S                               1.500000    6.437629   -4.937629 (VIOLATED)
_09370_/S0                              1.500000    6.437628   -4.937628 (VIOLATED)
_09371_/S0                              1.500000    6.437628   -4.937628 (VIOLATED)
_10346_/S                               1.500000    6.437627   -4.937627 (VIOLATED)
_09134_/S                               1.500000    6.437618   -4.937618 (VIOLATED)
_09135_/S                               1.500000    6.437619   -4.937618 (VIOLATED)
_09136_/S                               1.500000    6.437618   -4.937618 (VIOLATED)
_09137_/S                               1.500000    6.437617   -4.937617 (VIOLATED)
_09141_/S0                              1.500000    6.437618   -4.937618 (VIOLATED)
_09142_/S0                              1.500000    6.437615   -4.937616 (VIOLATED)
_10305_/A                               1.500000    6.437620   -4.937620 (VIOLATED)
_09602_/S                               1.500000    6.437605   -4.937605 (VIOLATED)
_09605_/S                               1.500000    6.437607   -4.937608 (VIOLATED)
_09686_/S                               1.500000    6.437609   -4.937610 (VIOLATED)
_10411_/S                               1.500000    6.437609   -4.937609 (VIOLATED)
_09570_/S                               1.500000    6.437600   -4.937600 (VIOLATED)
_09571_/S                               1.500000    6.437600   -4.937600 (VIOLATED)
_09573_/S                               1.500000    6.437601   -4.937601 (VIOLATED)
_09574_/S                               1.500000    6.437600   -4.937600 (VIOLATED)
_10533_/S1                              1.500000    6.437604   -4.937604 (VIOLATED)
_10534_/S1                              1.500000    6.437604   -4.937604 (VIOLATED)
_10539_/S                               1.500000    6.437604   -4.937604 (VIOLATED)
_10540_/S                               1.500000    6.437604   -4.937604 (VIOLATED)
_10542_/S                               1.500000    6.437604   -4.937604 (VIOLATED)
_09641_/S                               1.500000    6.437599   -4.937599 (VIOLATED)
_10543_/S                               1.500000    6.437603   -4.937603 (VIOLATED)
_09642_/A                               1.500000    6.437595   -4.937595 (VIOLATED)
_09644_/A                               1.500000    6.437596   -4.937596 (VIOLATED)
_09660_/S                               1.500000    6.437600   -4.937600 (VIOLATED)
_09661_/S                               1.500000    6.437600   -4.937600 (VIOLATED)
_09663_/S                               1.500000    6.437600   -4.937600 (VIOLATED)
_09664_/S                               1.500000    6.437600   -4.937600 (VIOLATED)
_09683_/S                               1.500000    6.437603   -4.937603 (VIOLATED)
_09684_/S                               1.500000    6.437597   -4.937597 (VIOLATED)
_09687_/S                               1.500000    6.437597   -4.937597 (VIOLATED)
_09696_/A                               1.500000    6.437601   -4.937601 (VIOLATED)
_10412_/S                               1.500000    6.437598   -4.937598 (VIOLATED)
_10414_/S                               1.500000    6.437598   -4.937598 (VIOLATED)
_10584_/S0                              1.500000    6.437602   -4.937603 (VIOLATED)
_10415_/S                               1.500000    6.437597   -4.937597 (VIOLATED)
_10436_/S                               1.500000    6.437597   -4.937597 (VIOLATED)
_10439_/S                               1.500000    6.437600   -4.937600 (VIOLATED)
_10468_/S                               1.500000    6.437601   -4.937601 (VIOLATED)
_10469_/S                               1.500000    6.437600   -4.937600 (VIOLATED)
_10471_/S                               1.500000    6.437600   -4.937600 (VIOLATED)
_10472_/S                               1.500000    6.437601   -4.937601 (VIOLATED)
_10508_/S1                              1.500000    6.437601   -4.937601 (VIOLATED)
_10509_/S1                              1.500000    6.437600   -4.937600 (VIOLATED)
_10585_/S0                              1.500000    6.437601   -4.937602 (VIOLATED)
_10592_/S                               1.500000    6.437602   -4.937602 (VIOLATED)
_10593_/S                               1.500000    6.437602   -4.937602 (VIOLATED)
_10595_/S                               1.500000    6.437601   -4.937601 (VIOLATED)
_10596_/S                               1.500000    6.437602   -4.937603 (VIOLATED)
_10680_/S                               1.500000    6.437595   -4.937595 (VIOLATED)
_10681_/S                               1.500000    6.437597   -4.937597 (VIOLATED)
_10683_/S                               1.500000    6.437597   -4.937597 (VIOLATED)
_10684_/S                               1.500000    6.437595   -4.937595 (VIOLATED)
_10708_/S0                              1.500000    6.437598   -4.937598 (VIOLATED)
_10709_/S0                              1.500000    6.437595   -4.937595 (VIOLATED)
_09693_/A                               1.500000    6.437588   -4.937587 (VIOLATED)
_10618_/S                               1.500000    6.437589   -4.937589 (VIOLATED)
_10621_/S                               1.500000    6.437589   -4.937589 (VIOLATED)
_10656_/S                               1.500000    6.437589   -4.937589 (VIOLATED)
_10657_/S                               1.500000    6.437589   -4.937589 (VIOLATED)
_10659_/S                               1.500000    6.437591   -4.937591 (VIOLATED)
_10660_/S                               1.500000    6.437588   -4.937588 (VIOLATED)
_10727_/S                               1.500000    6.437584   -4.937585 (VIOLATED)
_10730_/S                               1.500000    6.437586   -4.937585 (VIOLATED)
_10731_/S                               1.500000    6.437585   -4.937585 (VIOLATED)
_07590_/A                               1.500000    6.437577   -4.937577 (VIOLATED)
_08680_/A1                              1.500000    6.437577   -4.937577 (VIOLATED)
_08685_/A                               1.500000    6.437577   -4.937577 (VIOLATED)
_08688_/A                               1.500000    6.437577   -4.937577 (VIOLATED)
_09010_/A                               1.500000    6.437577   -4.937577 (VIOLATED)
_09025_/S                               1.500000    6.437577   -4.937577 (VIOLATED)
_09026_/S                               1.500000    6.437577   -4.937577 (VIOLATED)
_09029_/S                               1.500000    6.437577   -4.937577 (VIOLATED)
_09034_/S                               1.500000    6.437577   -4.937577 (VIOLATED)
_09052_/S                               1.500000    6.437577   -4.937577 (VIOLATED)
_09053_/S                               1.500000    6.437577   -4.937577 (VIOLATED)
_09054_/S                               1.500000    6.437577   -4.937577 (VIOLATED)
_09055_/S                               1.500000    6.437577   -4.937577 (VIOLATED)
_09064_/S                               1.500000    6.437577   -4.937577 (VIOLATED)
_09067_/S                               1.500000    6.437577   -4.937577 (VIOLATED)
_10728_/S                               1.500000    6.437577   -4.937577 (VIOLATED)
_10736_/A                               1.500000    6.437577   -4.937577 (VIOLATED)
_10739_/S1                              1.500000    6.437577   -4.937577 (VIOLATED)
_16813_/Q                               1.503529    6.437577   -4.934048 (VIOLATED)
_12697_/A2                              1.500000    5.325354   -3.825353 (VIOLATED)
_12890_/A2                              1.500000    5.325351   -3.825351 (VIOLATED)
_12940_/A2                              1.500000    5.325353   -3.825353 (VIOLATED)
_12995_/B1                              1.500000    5.325350   -3.825350 (VIOLATED)
_12723_/A2                              1.500000    5.325342   -3.825342 (VIOLATED)
_12897_/B1                              1.500000    5.325336   -3.825336 (VIOLATED)
_12910_/A2                              1.500000    5.325334   -3.825334 (VIOLATED)
_07841_/B                               1.500000    5.325320   -3.825321 (VIOLATED)
_12783_/A2                              1.500000    5.325313   -3.825313 (VIOLATED)
_12820_/B1                              1.500000    5.325305   -3.825305 (VIOLATED)
_12950_/A2                              1.500000    5.325304   -3.825304 (VIOLATED)
_13001_/B1                              1.500000    5.325305   -3.825305 (VIOLATED)
_12694_/A2                              1.500000    5.325294   -3.825295 (VIOLATED)
_12875_/A2                              1.500000    5.325296   -3.825296 (VIOLATED)
_12930_/B1                              1.500000    5.325295   -3.825296 (VIOLATED)
_12954_/A2                              1.500000    5.325292   -3.825292 (VIOLATED)
_11397_/A                               1.500000    5.325283   -3.825282 (VIOLATED)
_12733_/A2                              1.500000    5.325273   -3.825273 (VIOLATED)
_12687_/B1                              1.500000    5.325256   -3.825256 (VIOLATED)
_12836_/A2                              1.500000    5.325253   -3.825252 (VIOLATED)
_12823_/B1                              1.500000    5.325240   -3.825240 (VIOLATED)
_12961_/A2                              1.500000    5.325234   -3.825234 (VIOLATED)
_12809_/A2                              1.500000    5.325229   -3.825229 (VIOLATED)
_12976_/A2                              1.500000    5.325227   -3.825227 (VIOLATED)
_14592_/A                               1.500000    5.325227   -3.825227 (VIOLATED)
_12741_/B1                              1.500000    5.325222   -3.825222 (VIOLATED)
_12776_/A2                              1.500000    5.325222   -3.825222 (VIOLATED)
_12829_/A2                              1.500000    5.325224   -3.825225 (VIOLATED)
_12833_/A2                              1.500000    5.325228   -3.825228 (VIOLATED)
_13007_/A2                              1.500000    5.325225   -3.825226 (VIOLATED)
_12705_/A2                              1.500000    5.325217   -3.825217 (VIOLATED)
_12794_/A2                              1.500000    5.325217   -3.825217 (VIOLATED)
_13005_/B1                              1.500000    5.325218   -3.825218 (VIOLATED)
_12804_/B1                              1.500000    5.325211   -3.825211 (VIOLATED)
_12969_/A2                              1.500000    5.325212   -3.825212 (VIOLATED)
_12983_/A2                              1.500000    5.325215   -3.825215 (VIOLATED)
_08530_/A                               1.500000    5.325202   -3.825202 (VIOLATED)
_11181_/A                               1.500000    5.325204   -3.825204 (VIOLATED)
_12737_/A2                              1.500000    5.325204   -3.825204 (VIOLATED)
_12841_/B1                              1.500000    5.325206   -3.825206 (VIOLATED)
_12865_/A2                              1.500000    5.325204   -3.825204 (VIOLATED)
_12712_/B1                              1.500000    5.325193   -3.825194 (VIOLATED)
_12765_/A2                              1.500000    5.325195   -3.825195 (VIOLATED)
_12800_/B1                              1.500000    5.325191   -3.825192 (VIOLATED)
_12871_/B1                              1.500000    5.325195   -3.825195 (VIOLATED)
_12937_/B1                              1.500000    5.325189   -3.825189 (VIOLATED)
_08285_/A                               1.500000    5.325181   -3.825181 (VIOLATED)
_12762_/A2                              1.500000    5.325182   -3.825182 (VIOLATED)
_12905_/A2                              1.500000    5.325178   -3.825179 (VIOLATED)
_12917_/A2                              1.500000    5.325182   -3.825182 (VIOLATED)
_12921_/B1                              1.500000    5.325172   -3.825172 (VIOLATED)
_13018_/A2                              1.500000    5.325168   -3.825168 (VIOLATED)
_12755_/A2                              1.500000    5.325158   -3.825158 (VIOLATED)
_12884_/A2                              1.500000    5.325159   -3.825159 (VIOLATED)
_12963_/B1                              1.500000    5.325160   -3.825160 (VIOLATED)
_13027_/B1                              1.500000    5.325161   -3.825162 (VIOLATED)
_14898_/A                               1.500000    5.325154   -3.825154 (VIOLATED)
_12719_/A2                              1.500000    5.325144   -3.825144 (VIOLATED)
_12748_/B1                              1.500000    5.325143   -3.825143 (VIOLATED)
_12791_/A2                              1.500000    5.325145   -3.825146 (VIOLATED)
_12781_/A2                              1.500000    5.325141   -3.825141 (VIOLATED)
_12853_/A2                              1.500000    5.325140   -3.825140 (VIOLATED)
_12927_/B1                              1.500000    5.325127   -3.825127 (VIOLATED)
_13024_/A2                              1.500000    5.325113   -3.825113 (VIOLATED)
_12849_/A2                              1.500000    5.325059   -3.825059 (VIOLATED)
_12980_/A2                              1.500000    5.325050   -3.825051 (VIOLATED)
_13284_/A2                              1.500000    5.325029   -3.825029 (VIOLATED)
_12752_/A2                              1.500000    5.325008   -3.825008 (VIOLATED)
_13014_/A2                              1.500000    5.325007   -3.825007 (VIOLATED)
_12330_/A2                              1.500000    5.325002   -3.825003 (VIOLATED)
_12446_/A2                              1.500000    5.325004   -3.825004 (VIOLATED)
_12480_/A2                              1.500000    5.325001   -3.825001 (VIOLATED)
_12536_/A2                              1.500000    5.325001   -3.825001 (VIOLATED)
_12655_/A2                              1.500000    5.325004   -3.825004 (VIOLATED)
_12861_/A2                              1.500000    5.325006   -3.825006 (VIOLATED)
_14340_/A                               1.500000    5.325004   -3.825004 (VIOLATED)
_12402_/A2                              1.500000    5.324996   -3.824996 (VIOLATED)
_12573_/A2                              1.500000    5.324999   -3.824999 (VIOLATED)
_12600_/A2                              1.500000    5.325002   -3.825002 (VIOLATED)
_14322_/B                               1.500000    5.324999   -3.824999 (VIOLATED)
_12301_/A2                              1.500000    5.324988   -3.824988 (VIOLATED)
_12440_/B1                              1.500000    5.324988   -3.824988 (VIOLATED)
_12548_/A2                              1.500000    5.324989   -3.824989 (VIOLATED)
_12562_/A2                              1.500000    5.324989   -3.824989 (VIOLATED)
_12636_/B1                              1.500000    5.324988   -3.824988 (VIOLATED)
_12709_/A2                              1.500000    5.324989   -3.824989 (VIOLATED)
_13194_/B1                              1.500000    5.324991   -3.824991 (VIOLATED)
_13755_/B                               1.500000    5.324986   -3.824987 (VIOLATED)
_12670_/B1                              1.500000    5.324982   -3.824982 (VIOLATED)
_13092_/A2                              1.500000    5.324985   -3.824985 (VIOLATED)
_13237_/A2                              1.500000    5.324986   -3.824986 (VIOLATED)
_12414_/B1                              1.500000    5.324974   -3.824973 (VIOLATED)
_12559_/A2                              1.500000    5.324973   -3.824972 (VIOLATED)
_12457_/B1                              1.500000    5.324962   -3.824962 (VIOLATED)
_12529_/A2                              1.500000    5.324963   -3.824963 (VIOLATED)
_12472_/B1                              1.500000    5.324957   -3.824957 (VIOLATED)
_14817_/B                               1.500000    5.324949   -3.824949 (VIOLATED)
_08566_/B                               1.500000    5.324943   -3.824943 (VIOLATED)
_12327_/B1                              1.500000    5.324946   -3.824947 (VIOLATED)
_12384_/A2                              1.500000    5.324948   -3.824948 (VIOLATED)
_12453_/A2                              1.500000    5.324947   -3.824947 (VIOLATED)
_12540_/A2                              1.500000    5.324949   -3.824949 (VIOLATED)
_12664_/A2                              1.500000    5.324948   -3.824948 (VIOLATED)
_13278_/B1                              1.500000    5.324937   -3.824937 (VIOLATED)
_12499_/A2                              1.500000    5.324933   -3.824933 (VIOLATED)
_12610_/A2                              1.500000    5.324936   -3.824936 (VIOLATED)
_12680_/B1                              1.500000    5.324935   -3.824935 (VIOLATED)
_12516_/A2                              1.500000    5.324927   -3.824927 (VIOLATED)
_12591_/A2                              1.500000    5.324923   -3.824923 (VIOLATED)
_12674_/B1                              1.500000    5.324918   -3.824918 (VIOLATED)
_12400_/B1                              1.500000    5.324911   -3.824911 (VIOLATED)
_12619_/A2                              1.500000    5.324912   -3.824912 (VIOLATED)
_13068_/B1                              1.500000    5.324914   -3.824914 (VIOLATED)
_08503_/B                               1.500000    5.324901   -3.824901 (VIOLATED)
_12298_/A2                              1.500000    5.324900   -3.824900 (VIOLATED)
_12307_/B1                              1.500000    5.324902   -3.824902 (VIOLATED)
_12461_/A2                              1.500000    5.324903   -3.824903 (VIOLATED)
_12631_/A2                              1.500000    5.324902   -3.824901 (VIOLATED)
_12476_/A2                              1.500000    5.324892   -3.824892 (VIOLATED)
_12617_/B1                              1.500000    5.324892   -3.824892 (VIOLATED)
_12314_/B1                              1.500000    5.324887   -3.824887 (VIOLATED)
_12433_/A2                              1.500000    5.324890   -3.824890 (VIOLATED)
_12491_/A2                              1.500000    5.324889   -3.824889 (VIOLATED)
_12520_/B1                              1.500000    5.324892   -3.824892 (VIOLATED)
_12567_/A2                              1.500000    5.324891   -3.824891 (VIOLATED)
_12649_/A2                              1.500000    5.324890   -3.824890 (VIOLATED)
_12410_/A2                              1.500000    5.324884   -3.824884 (VIOLATED)
_12495_/A2                              1.500000    5.324884   -3.824884 (VIOLATED)
_14907_/B                               1.500000    5.324885   -3.824885 (VIOLATED)
_08321_/A                               1.500000    5.324868   -3.824868 (VIOLATED)
_12277_/A2                              1.500000    5.324871   -3.824870 (VIOLATED)
_12488_/B1                              1.500000    5.324871   -3.824870 (VIOLATED)
_12608_/A2                              1.500000    5.324869   -3.824868 (VIOLATED)
_13420_/A2                              1.500000    5.324872   -3.824871 (VIOLATED)
_13386_/A2                              1.500000    5.324865   -3.824865 (VIOLATED)
_13403_/B1                              1.500000    5.324862   -3.824862 (VIOLATED)
_13477_/B1                              1.500000    5.324863   -3.824863 (VIOLATED)
_13600_/A2                              1.500000    5.324864   -3.824864 (VIOLATED)
_13641_/A2                              1.500000    5.324866   -3.824866 (VIOLATED)
_12266_/A2                              1.500000    5.324858   -3.824858 (VIOLATED)
_12310_/A2                              1.500000    5.324860   -3.824860 (VIOLATED)
_12395_/B1                              1.500000    5.324859   -3.824860 (VIOLATED)
_12546_/A2                              1.500000    5.324859   -3.824859 (VIOLATED)
_12586_/B1                              1.500000    5.324858   -3.824858 (VIOLATED)
_12882_/A2                              1.500000    5.324860   -3.824860 (VIOLATED)
_13383_/A2                              1.500000    5.324858   -3.824858 (VIOLATED)
_13480_/B1                              1.500000    5.324858   -3.824858 (VIOLATED)
_13614_/B1                              1.500000    5.324859   -3.824859 (VIOLATED)
_13623_/B1                              1.500000    5.324861   -3.824861 (VIOLATED)
_07859_/C                               1.500000    5.324852   -3.824852 (VIOLATED)
_12389_/A2                              1.500000    5.324853   -3.824853 (VIOLATED)
_12428_/A2                              1.500000    5.324852   -3.824852 (VIOLATED)
_13550_/A2                              1.500000    5.324853   -3.824853 (VIOLATED)
_13565_/A2                              1.500000    5.324856   -3.824856 (VIOLATED)
_13634_/A2                              1.500000    5.324852   -3.824852 (VIOLATED)
_13972_/A                               1.500000    5.324855   -3.824855 (VIOLATED)
_12288_/A2                              1.500000    5.324843   -3.824843 (VIOLATED)
_12321_/A2                              1.500000    5.324846   -3.824846 (VIOLATED)
_12583_/A2                              1.500000    5.324848   -3.824848 (VIOLATED)
_13369_/A2                              1.500000    5.324849   -3.824849 (VIOLATED)
_13410_/B1                              1.500000    5.324846   -3.824846 (VIOLATED)
_12506_/A2                              1.500000    5.324839   -3.824838 (VIOLATED)
_12578_/A2                              1.500000    5.324837   -3.824836 (VIOLATED)
_12625_/A2                              1.500000    5.324838   -3.824838 (VIOLATED)
_13373_/B1                              1.500000    5.324834   -3.824835 (VIOLATED)
_08103_/B                               1.500000    5.324822   -3.824822 (VIOLATED)
_12438_/A2                              1.500000    5.324826   -3.824826 (VIOLATED)
_12659_/B1                              1.500000    5.324825   -3.824825 (VIOLATED)
_12417_/B1                              1.500000    5.324818   -3.824818 (VIOLATED)
_13230_/A2                              1.500000    5.324816   -3.824816 (VIOLATED)
_12645_/A2                              1.500000    5.324811   -3.824811 (VIOLATED)
_08112_/A                               1.500000    5.324799   -3.824799 (VIOLATED)
_12525_/B1                              1.500000    5.324799   -3.824798 (VIOLATED)
_13463_/A2                              1.500000    5.324800   -3.824800 (VIOLATED)
_13557_/A2                              1.500000    5.324797   -3.824797 (VIOLATED)
_13185_/B1                              1.500000    5.324788   -3.824789 (VIOLATED)
_13590_/A2                              1.500000    5.324788   -3.824788 (VIOLATED)
_12273_/B1                              1.500000    5.324781   -3.824781 (VIOLATED)
_13414_/A2                              1.500000    5.324783   -3.824783 (VIOLATED)
_13511_/A2                              1.500000    5.324784   -3.824784 (VIOLATED)
_13579_/B1                              1.500000    5.324783   -3.824783 (VIOLATED)
_11199_/A                               1.500000    5.324776   -3.824776 (VIOLATED)
_13528_/A2                              1.500000    5.324779   -3.824779 (VIOLATED)
_13465_/A2                              1.500000    5.324774   -3.824774 (VIOLATED)
_13544_/B1                              1.500000    5.324770   -3.824771 (VIOLATED)
_13630_/A2                              1.500000    5.324766   -3.824766 (VIOLATED)
_12271_/A2                              1.500000    5.324757   -3.824758 (VIOLATED)
_11408_/B                               1.500000    5.324753   -3.824753 (VIOLATED)
_13376_/A2                              1.500000    5.324750   -3.824750 (VIOLATED)
_13569_/A2                              1.500000    5.324749   -3.824749 (VIOLATED)
_11417_/A                               1.500000    5.324736   -3.824736 (VIOLATED)
_13318_/A2                              1.500000    5.324727   -3.824727 (VIOLATED)
_13649_/A2                              1.500000    5.324711   -3.824711 (VIOLATED)
_13523_/B1                              1.500000    5.324686   -3.824686 (VIOLATED)
_13456_/A2                              1.500000    5.324674   -3.824674 (VIOLATED)
_13518_/A2                              1.500000    5.324675   -3.824675 (VIOLATED)
_13609_/A2                              1.500000    5.324671   -3.824671 (VIOLATED)
_13440_/B1                              1.500000    5.324667   -3.824667 (VIOLATED)
_13358_/B1                              1.500000    5.324657   -3.824657 (VIOLATED)
_13097_/A2                              1.500000    5.324627   -3.824628 (VIOLATED)
_13157_/B1                              1.500000    5.324599   -3.824599 (VIOLATED)
_11190_/B                               1.500000    5.324577   -3.824577 (VIOLATED)
_13041_/A2                              1.500000    5.324578   -3.824578 (VIOLATED)
_13333_/A2                              1.500000    5.324576   -3.824576 (VIOLATED)
_12373_/B1                              1.500000    5.324514   -3.824514 (VIOLATED)
_13153_/A2                              1.500000    5.324501   -3.824501 (VIOLATED)
_13451_/B1                              1.500000    5.324500   -3.824500 (VIOLATED)
_13491_/B1                              1.500000    5.324502   -3.824502 (VIOLATED)
_13506_/A2                              1.500000    5.324499   -3.824499 (VIOLATED)
_13603_/B1                              1.500000    5.324500   -3.824500 (VIOLATED)
_13364_/A2                              1.500000    5.324494   -3.824495 (VIOLATED)
_13658_/A2                              1.500000    5.324493   -3.824494 (VIOLATED)
_14493_/B                               1.500000    5.324494   -3.824495 (VIOLATED)
_13537_/A2                              1.500000    5.324490   -3.824489 (VIOLATED)
_13587_/A2                              1.500000    5.324483   -3.824483 (VIOLATED)
_12253_/A2                              1.500000    5.324475   -3.824475 (VIOLATED)
_13433_/A2                              1.500000    5.324475   -3.824475 (VIOLATED)
_13471_/B1                              1.500000    5.324477   -3.824477 (VIOLATED)
_13500_/A2                              1.500000    5.324477   -3.824477 (VIOLATED)
_13394_/A2                              1.500000    5.324468   -3.824468 (VIOLATED)
_13498_/A2                              1.500000    5.324471   -3.824471 (VIOLATED)
_12364_/A2                              1.500000    5.324462   -3.824462 (VIOLATED)
_14727_/A                               1.500000    5.324465   -3.824464 (VIOLATED)
_12285_/A2                              1.500000    5.324458   -3.824457 (VIOLATED)
_13226_/A2                              1.500000    5.324454   -3.824455 (VIOLATED)
_13541_/A2                              1.500000    5.324458   -3.824458 (VIOLATED)
_13656_/A2                              1.500000    5.324457   -3.824456 (VIOLATED)
_13426_/A2                              1.500000    5.324439   -3.824440 (VIOLATED)
_13059_/A2                              1.500000    5.324419   -3.824419 (VIOLATED)
_13110_/A2                              1.500000    5.324420   -3.824421 (VIOLATED)
_13074_/A2                              1.500000    5.324395   -3.824395 (VIOLATED)
_13161_/A2                              1.500000    5.324399   -3.824399 (VIOLATED)
_13146_/A2                              1.500000    5.324391   -3.824392 (VIOLATED)
_13202_/A2                              1.500000    5.324395   -3.824395 (VIOLATED)
_13293_/A2                              1.500000    5.324396   -3.824396 (VIOLATED)
_13338_/A2                              1.500000    5.324394   -3.824394 (VIOLATED)
_14610_/B                               1.500000    5.324394   -3.824394 (VIOLATED)
_08094_/B                               1.500000    5.324381   -3.824382 (VIOLATED)
_13048_/A2                              1.500000    5.324384   -3.824383 (VIOLATED)
_12369_/B1                              1.500000    5.324374   -3.824374 (VIOLATED)
_13273_/B1                              1.500000    5.324368   -3.824368 (VIOLATED)
_13118_/A2                              1.500000    5.324348   -3.824348 (VIOLATED)
_13129_/B1                              1.500000    5.324350   -3.824351 (VIOLATED)
_13310_/A2                              1.500000    5.324349   -3.824349 (VIOLATED)
_13190_/A2                              1.500000    5.324343   -3.824343 (VIOLATED)
_13223_/B1                              1.500000    5.324347   -3.824346 (VIOLATED)
_13269_/B1                              1.500000    5.324340   -3.824340 (VIOLATED)
_13289_/A2                              1.500000    5.324343   -3.824344 (VIOLATED)
_13323_/A2                              1.500000    5.324332   -3.824332 (VIOLATED)
_13085_/A2                              1.500000    5.324328   -3.824328 (VIOLATED)
_13241_/B1                              1.500000    5.324326   -3.824326 (VIOLATED)
_12353_/A2                              1.500000    5.324318   -3.824318 (VIOLATED)
_13178_/A2                              1.500000    5.324308   -3.824308 (VIOLATED)
_08431_/A                               1.500000    5.324293   -3.824293 (VIOLATED)
_12258_/A2                              1.500000    5.324293   -3.824293 (VIOLATED)
_13447_/A2                              1.500000    5.324296   -3.824296 (VIOLATED)
_13562_/A2                              1.500000    5.324295   -3.824295 (VIOLATED)
_13595_/A2                              1.500000    5.324297   -3.824297 (VIOLATED)
_13647_/A2                              1.500000    5.324298   -3.824298 (VIOLATED)
_13428_/A2                              1.500000    5.324290   -3.824290 (VIOLATED)
_14358_/B                               1.500000    5.324294   -3.824294 (VIOLATED)
_13053_/B1                              1.500000    5.324282   -3.824281 (VIOLATED)
_13043_/A2                              1.500000    5.324275   -3.824275 (VIOLATED)
_13327_/A2                              1.500000    5.324279   -3.824279 (VIOLATED)
_13133_/A2                              1.500000    5.324274   -3.824274 (VIOLATED)
_07805_/C                               1.500000    5.324264   -3.824264 (VIOLATED)
_13090_/A2                              1.500000    5.324264   -3.824264 (VIOLATED)
_13247_/A2                              1.500000    5.324264   -3.824264 (VIOLATED)
_13252_/B1                              1.500000    5.324264   -3.824264 (VIOLATED)
_13295_/A2                              1.500000    5.324260   -3.824260 (VIOLATED)
_13196_/A2                              1.500000    5.324255   -3.824256 (VIOLATED)
_13264_/B1                              1.500000    5.324253   -3.824253 (VIOLATED)
_13112_/B1                              1.500000    5.324247   -3.824247 (VIOLATED)
_12342_/A2                              1.500000    5.324235   -3.824235 (VIOLATED)
_12359_/A2                              1.500000    5.324237   -3.824237 (VIOLATED)
_13103_/A2                              1.500000    5.324229   -3.824229 (VIOLATED)
_13172_/B1                              1.500000    5.324227   -3.824227 (VIOLATED)
_13209_/B1                              1.500000    5.324217   -3.824218 (VIOLATED)
_13217_/A2                              1.500000    5.324217   -3.824218 (VIOLATED)
_08303_/B                               1.500000    5.324206   -3.824206 (VIOLATED)
_13140_/A2                              1.500000    5.324206   -3.824207 (VIOLATED)
_13144_/B1                              1.500000    5.324203   -3.824203 (VIOLATED)
_14853_/B                               1.500000    5.324203   -3.824203 (VIOLATED)
_13064_/A2                              1.500000    5.324176   -3.824177 (VIOLATED)
_13308_/B1                              1.500000    5.324180   -3.824180 (VIOLATED)
_13340_/B1                              1.500000    5.324157   -3.824157 (VIOLATED)
_12347_/A2                              1.500000    5.324115   -3.824115 (VIOLATED)
_12337_/A2                              1.500000    5.323946   -3.823947 (VIOLATED)
_07804_/X                               1.504883    5.323703   -3.818820 (VIOLATED)
_12809_/B1                              1.500000    5.314817   -3.814817 (VIOLATED)
_12832_/B1                              1.500000    5.314816   -3.814816 (VIOLATED)
_12698_/B1                              1.500000    5.314811   -3.814811 (VIOLATED)
_12740_/B1                              1.500000    5.314813   -3.814813 (VIOLATED)
_12973_/A2                              1.500000    5.314813   -3.814813 (VIOLATED)
_14376_/B                               1.500000    5.314811   -3.814811 (VIOLATED)
_12891_/B1                              1.500000    5.314802   -3.814802 (VIOLATED)
_12942_/A2                              1.500000    5.314798   -3.814798 (VIOLATED)
_12994_/A2                              1.500000    5.314801   -3.814801 (VIOLATED)
_12724_/B1                              1.500000    5.314786   -3.814786 (VIOLATED)
_12785_/B1                              1.500000    5.314785   -3.814785 (VIOLATED)
_12817_/A2                              1.500000    5.314786   -3.814787 (VIOLATED)
_12896_/A2                              1.500000    5.314787   -3.814788 (VIOLATED)
_12909_/B1                              1.500000    5.314785   -3.814785 (VIOLATED)
_15006_/C                               1.500000    5.314783   -3.814783 (VIOLATED)
_12767_/B1                              1.500000    5.314776   -3.814776 (VIOLATED)
_12872_/A2                              1.500000    5.314771   -3.814771 (VIOLATED)
_12715_/B1                              1.500000    5.314760   -3.814760 (VIOLATED)
_12761_/A2                              1.500000    5.314739   -3.814739 (VIOLATED)
_12801_/B1                              1.500000    5.314729   -3.814729 (VIOLATED)
_14205_/B                               1.500000    5.314701   -3.814701 (VIOLATED)
_12839_/B1                              1.500000    5.314693   -3.814693 (VIOLATED)
_12951_/B1                              1.500000    5.314694   -3.814694 (VIOLATED)
_12955_/B1                              1.500000    5.314695   -3.814695 (VIOLATED)
_12960_/B1                              1.500000    5.314688   -3.814688 (VIOLATED)
_12877_/B1                              1.500000    5.314669   -3.814670 (VIOLATED)
_12998_/A2                              1.500000    5.314672   -3.814672 (VIOLATED)
_11289_/B                               1.500000    5.314659   -3.814659 (VIOLATED)
_12695_/B1                              1.500000    5.314662   -3.814662 (VIOLATED)
_12828_/B1                              1.500000    5.314662   -3.814662 (VIOLATED)
_12929_/B1                              1.500000    5.314662   -3.814662 (VIOLATED)
_13010_/B1                              1.500000    5.314662   -3.814662 (VIOLATED)
_12774_/A2                              1.500000    5.314655   -3.814655 (VIOLATED)
_12734_/B1                              1.500000    5.314650   -3.814650 (VIOLATED)
_12906_/B1                              1.500000    5.314652   -3.814653 (VIOLATED)
_12331_/A2                              1.500000    5.314633   -3.814633 (VIOLATED)
_12446_/B1                              1.500000    5.314636   -3.814637 (VIOLATED)
_12601_/B1                              1.500000    5.314634   -3.814634 (VIOLATED)
_12655_/B1                              1.500000    5.314636   -3.814636 (VIOLATED)
_12688_/B1                              1.500000    5.314638   -3.814638 (VIOLATED)
_12403_/B1                              1.500000    5.314626   -3.814626 (VIOLATED)
_14646_/C                               1.500000    5.314630   -3.814630 (VIOLATED)
_12482_/A2                              1.500000    5.314625   -3.814625 (VIOLATED)
_12535_/B1                              1.500000    5.314629   -3.814629 (VIOLATED)
_12825_/A2                              1.500000    5.314628   -3.814628 (VIOLATED)
_10816_/B                               1.500000    5.314617   -3.814617 (VIOLATED)
_12550_/A2                              1.500000    5.314621   -3.814621 (VIOLATED)
_12572_/A2                              1.500000    5.314622   -3.814622 (VIOLATED)
_12797_/A2                              1.500000    5.314623   -3.814623 (VIOLATED)
_12302_/A2                              1.500000    5.314613   -3.814613 (VIOLATED)
_12441_/B1                              1.500000    5.314616   -3.814616 (VIOLATED)
_12667_/B1                              1.500000    5.314617   -3.814617 (VIOLATED)
_12415_/A2                              1.500000    5.314612   -3.814612 (VIOLATED)
_14700_/B                               1.500000    5.314611   -3.814612 (VIOLATED)
_12917_/B1                              1.500000    5.314607   -3.814606 (VIOLATED)
_12560_/A2                              1.500000    5.314594   -3.814594 (VIOLATED)
_12477_/B1                              1.500000    5.314584   -3.814584 (VIOLATED)
_12564_/B1                              1.500000    5.314586   -3.814586 (VIOLATED)
_12634_/A2                              1.500000    5.314587   -3.814587 (VIOLATED)
_12570_/B1                              1.500000    5.314579   -3.814580 (VIOLATED)
_12521_/A2                              1.500000    5.314574   -3.814574 (VIOLATED)
_12754_/A2                              1.500000    5.314575   -3.814574 (VIOLATED)
_12317_/B1                              1.500000    5.314555   -3.814555 (VIOLATED)
_12661_/A2                              1.500000    5.314501   -3.814501 (VIOLATED)
_12980_/B1                              1.500000    5.314504   -3.814503 (VIOLATED)
_12456_/B1                              1.500000    5.314493   -3.814493 (VIOLATED)
_12499_/B1                              1.500000    5.314497   -3.814496 (VIOLATED)
_12516_/B1                              1.500000    5.314496   -3.814496 (VIOLATED)
_08204_/B                               1.500000    5.314487   -3.814487 (VIOLATED)
_12473_/B1                              1.500000    5.314490   -3.814490 (VIOLATED)
_12528_/B1                              1.500000    5.314491   -3.814491 (VIOLATED)
_12622_/B1                              1.500000    5.314490   -3.814490 (VIOLATED)
_12788_/B1                              1.500000    5.314489   -3.814489 (VIOLATED)
_12926_/A2                              1.500000    5.314489   -3.814489 (VIOLATED)
_12399_/B1                              1.500000    5.314479   -3.814480 (VIOLATED)
_12298_/B1                              1.500000    5.314470   -3.814471 (VIOLATED)
_12321_/B1                              1.500000    5.314468   -3.814468 (VIOLATED)
_11791_/C                               1.500000    5.314457   -3.814457 (VIOLATED)
_11961_/C                               1.500000    5.314460   -3.814460 (VIOLATED)
_12407_/A2                              1.500000    5.314460   -3.814460 (VIOLATED)
_12616_/A2                              1.500000    5.314464   -3.814464 (VIOLATED)
_12432_/B1                              1.500000    5.314459   -3.814459 (VIOLATED)
_12919_/A2                              1.500000    5.314462   -3.814463 (VIOLATED)
_12966_/B1                              1.500000    5.314464   -3.814464 (VIOLATED)
_13019_/B1                              1.500000    5.314464   -3.814464 (VIOLATED)
_12486_/A2                              1.500000    5.314458   -3.814458 (VIOLATED)
_12489_/A2                              1.500000    5.314459   -3.814459 (VIOLATED)
_12651_/B1                              1.500000    5.314461   -3.814462 (VIOLATED)
_12718_/B1                              1.500000    5.314464   -3.814464 (VIOLATED)
_12747_/A2                              1.500000    5.314461   -3.814462 (VIOLATED)
_12782_/B1                              1.500000    5.314464   -3.814464 (VIOLATED)
_12606_/B1                              1.500000    5.314457   -3.814457 (VIOLATED)
_12678_/B1                              1.500000    5.314457   -3.814457 (VIOLATED)
_12852_/A2                              1.500000    5.314457   -3.814457 (VIOLATED)
_13025_/A2                              1.500000    5.314455   -3.814455 (VIOLATED)
_12439_/B1                              1.500000    5.314448   -3.814448 (VIOLATED)
_12543_/B1                              1.500000    5.314446   -3.814447 (VIOLATED)
_12886_/B1                              1.500000    5.314448   -3.814448 (VIOLATED)
_12579_/B1                              1.500000    5.314437   -3.814438 (VIOLATED)
_15015_/C                               1.500000    5.314436   -3.814437 (VIOLATED)
_11751_/C                               1.500000    5.314431   -3.814431 (VIOLATED)
_12707_/B1                              1.500000    5.314435   -3.814435 (VIOLATED)
_12848_/A2                              1.500000    5.314436   -3.814436 (VIOLATED)
_13013_/B1                              1.500000    5.314428   -3.814428 (VIOLATED)
_12418_/A2                              1.500000    5.314424   -3.814424 (VIOLATED)
_12749_/B1                              1.500000    5.314423   -3.814423 (VIOLATED)
_08367_/B                               1.500000    5.314409   -3.814409 (VIOLATED)
_12326_/B1                              1.500000    5.314411   -3.814411 (VIOLATED)
_12538_/A2                              1.500000    5.314415   -3.814415 (VIOLATED)
_12611_/B1                              1.500000    5.314413   -3.814413 (VIOLATED)
_12662_/B1                              1.500000    5.314409   -3.814409 (VIOLATED)
_12386_/B1                              1.500000    5.314403   -3.814403 (VIOLATED)
_12450_/B1                              1.500000    5.314403   -3.814403 (VIOLATED)
_12591_/B1                              1.500000    5.314398   -3.814398 (VIOLATED)
_12861_/B1                              1.500000    5.314401   -3.814400 (VIOLATED)
_12629_/B1                              1.500000    5.314389   -3.814389 (VIOLATED)
_12675_/B1                              1.500000    5.314390   -3.814390 (VIOLATED)
_14781_/B                               1.500000    5.314390   -3.814391 (VIOLATED)
_12462_/B1                              1.500000    5.314381   -3.814381 (VIOLATED)
_12305_/B1                              1.500000    5.314373   -3.814374 (VIOLATED)
_12882_/B1                              1.500000    5.314364   -3.814364 (VIOLATED)
_12970_/A2                              1.500000    5.314365   -3.814365 (VIOLATED)
_13003_/A2                              1.500000    5.314366   -3.814367 (VIOLATED)
_12393_/B1                              1.500000    5.314360   -3.814360 (VIOLATED)
_12496_/B1                              1.500000    5.314352   -3.814353 (VIOLATED)
_12587_/A2                              1.500000    5.314348   -3.814348 (VIOLATED)
_13283_/B1                              1.500000    5.314348   -3.814348 (VIOLATED)
_12524_/A2                              1.500000    5.314329   -3.814329 (VIOLATED)
_13193_/A2                              1.500000    5.314332   -3.814332 (VIOLATED)
_12389_/B1                              1.500000    5.314318   -3.814318 (VIOLATED)
_10807_/B                               1.500000    5.314308   -3.814308 (VIOLATED)
_12280_/A2                              1.500000    5.314309   -3.814309 (VIOLATED)
_12427_/B1                              1.500000    5.314310   -3.814310 (VIOLATED)
_13601_/B1                              1.500000    5.314310   -3.814310 (VIOLATED)
_13387_/A2                              1.500000    5.314306   -3.814305 (VIOLATED)
_13478_/B1                              1.500000    5.314306   -3.814306 (VIOLATED)
_13639_/B1                              1.500000    5.314307   -3.814307 (VIOLATED)
_13095_/A2                              1.500000    5.314300   -3.814300 (VIOLATED)
_12583_/B1                              1.500000    5.314296   -3.814296 (VIOLATED)
_13409_/B1                              1.500000    5.314295   -3.814296 (VIOLATED)
_13550_/B1                              1.500000    5.314299   -3.814298 (VIOLATED)
_13371_/A2                              1.500000    5.314288   -3.814289 (VIOLATED)
_13418_/B1                              1.500000    5.314286   -3.814286 (VIOLATED)
_13514_/B1                              1.500000    5.314284   -3.814284 (VIOLATED)
_13412_/B1                              1.500000    5.314280   -3.814280 (VIOLATED)
_14565_/C                               1.500000    5.314279   -3.814279 (VIOLATED)
_12275_/A2                              1.500000    5.314274   -3.814274 (VIOLATED)
_12625_/B1                              1.500000    5.314270   -3.814270 (VIOLATED)
_13556_/A2                              1.500000    5.314269   -3.814269 (VIOLATED)
_13582_/B1                              1.500000    5.314268   -3.814268 (VIOLATED)
_13588_/B1                              1.500000    5.314272   -3.814272 (VIOLATED)
_12271_/B1                              1.500000    5.314260   -3.814260 (VIOLATED)
_12309_/B1                              1.500000    5.314262   -3.814262 (VIOLATED)
_12505_/A2                              1.500000    5.314262   -3.814262 (VIOLATED)
_12645_/B1                              1.500000    5.314261   -3.814262 (VIOLATED)
_13381_/B1                              1.500000    5.314261   -3.814261 (VIOLATED)
_13546_/B1                              1.500000    5.314263   -3.814263 (VIOLATED)
_13624_/B1                              1.500000    5.314261   -3.814261 (VIOLATED)
_14718_/B                               1.500000    5.314264   -3.814265 (VIOLATED)
_08002_/C                               1.500000    5.314255   -3.814255 (VIOLATED)
_13315_/B1                              1.500000    5.314255   -3.814255 (VIOLATED)
_13378_/B1                              1.500000    5.314244   -3.814244 (VIOLATED)
_13570_/A2                              1.500000    5.314245   -3.814245 (VIOLATED)
_11307_/B                               1.500000    5.314237   -3.814237 (VIOLATED)
_13184_/A2                              1.500000    5.314223   -3.814224 (VIOLATED)
_13650_/B1                              1.500000    5.314223   -3.814223 (VIOLATED)
_11298_/B                               1.500000    5.314197   -3.814197 (VIOLATED)
_13067_/A2                              1.500000    5.314201   -3.814201 (VIOLATED)
_13231_/B1                              1.500000    5.314201   -3.814202 (VIOLATED)
_13277_/A2                              1.500000    5.314202   -3.814202 (VIOLATED)
_13439_/A2                              1.500000    5.314183   -3.814184 (VIOLATED)
_13335_/A2                              1.500000    5.314170   -3.814170 (VIOLATED)
_12704_/A2                              1.500000    5.314163   -3.814162 (VIOLATED)
_12806_/A2                              1.500000    5.314162   -3.814162 (VIOLATED)
_12985_/B1                              1.500000    5.314162   -3.814162 (VIOLATED)
_13521_/B1                              1.500000    5.314165   -3.814165 (VIOLATED)
_07993_/C                               1.500000    5.314156   -3.814156 (VIOLATED)
_12264_/B1                              1.500000    5.314155   -3.814155 (VIOLATED)
_12736_/B1                              1.500000    5.314157   -3.814157 (VIOLATED)
_12866_/B1                              1.500000    5.314160   -3.814160 (VIOLATED)
_12842_/A2                              1.500000    5.314155   -3.814155 (VIOLATED)
_13100_/B1                              1.500000    5.314157   -3.814157 (VIOLATED)
_13404_/A2                              1.500000    5.314156   -3.814156 (VIOLATED)
_13593_/B1                              1.500000    5.314159   -3.814160 (VIOLATED)
_13481_/B1                              1.500000    5.314154   -3.814154 (VIOLATED)
_12934_/A2                              1.500000    5.314149   -3.814149 (VIOLATED)
_13631_/A2                              1.500000    5.314151   -3.814151 (VIOLATED)
_13633_/B1                              1.500000    5.314154   -3.814153 (VIOLATED)
_14412_/B                               1.500000    5.314149   -3.814149 (VIOLATED)
_12287_/B1                              1.500000    5.314142   -3.814142 (VIOLATED)
_13030_/B1                              1.500000    5.314146   -3.814146 (VIOLATED)
_13359_/B1                              1.500000    5.314149   -3.814149 (VIOLATED)
_13366_/A2                              1.500000    5.314152   -3.814152 (VIOLATED)
_13492_/A2                              1.500000    5.314142   -3.814142 (VIOLATED)
_13615_/A2                              1.500000    5.314142   -3.814142 (VIOLATED)
_13075_/B1                              1.500000    5.314138   -3.814137 (VIOLATED)
_13502_/B1                              1.500000    5.314137   -3.814137 (VIOLATED)
_13527_/B1                              1.500000    5.314137   -3.814137 (VIOLATED)
_13564_/B1                              1.500000    5.314140   -3.814140 (VIOLATED)
_13446_/B1                              1.500000    5.314132   -3.814131 (VIOLATED)
_13466_/B1                              1.500000    5.314129   -3.814130 (VIOLATED)
_13461_/B1                              1.500000    5.314123   -3.814122 (VIOLATED)
_13517_/B1                              1.500000    5.314121   -3.814121 (VIOLATED)
_14394_/B                               1.500000    5.314122   -3.814122 (VIOLATED)
_11782_/C                               1.500000    5.314114   -3.814114 (VIOLATED)
_12260_/A2                              1.500000    5.314111   -3.814111 (VIOLATED)
_13453_/B1                              1.500000    5.314113   -3.814114 (VIOLATED)
_13363_/A2                              1.500000    5.314109   -3.814109 (VIOLATED)
_13429_/B1                              1.500000    5.314109   -3.814109 (VIOLATED)
_13506_/B1                              1.500000    5.314112   -3.814112 (VIOLATED)
_12253_/B1                              1.500000    5.314105   -3.814105 (VIOLATED)
_13434_/A2                              1.500000    5.314107   -3.814107 (VIOLATED)
_13560_/B1                              1.500000    5.314111   -3.814111 (VIOLATED)
_13605_/A2                              1.500000    5.314111   -3.814111 (VIOLATED)
_13644_/B1                              1.500000    5.314110   -3.814110 (VIOLATED)
_14421_/C                               1.500000    5.314109   -3.814109 (VIOLATED)
_12363_/B1                              1.500000    5.314102   -3.814102 (VIOLATED)
_13535_/B1                              1.500000    5.314103   -3.814103 (VIOLATED)
_13458_/B1                              1.500000    5.314098   -3.814098 (VIOLATED)
_13497_/B1                              1.500000    5.314093   -3.814093 (VIOLATED)
_13587_/B1                              1.500000    5.314093   -3.814092 (VIOLATED)
_13611_/B1                              1.500000    5.314088   -3.814089 (VIOLATED)
_13661_/B1                              1.500000    5.314093   -3.814092 (VIOLATED)
_13392_/B1                              1.500000    5.314084   -3.814084 (VIOLATED)
_13470_/B1                              1.500000    5.314086   -3.814086 (VIOLATED)
_14709_/C                               1.500000    5.314078   -3.814078 (VIOLATED)
_13542_/B1                              1.500000    5.314073   -3.814073 (VIOLATED)
_13328_/B1                              1.500000    5.314068   -3.814068 (VIOLATED)
_13055_/B1                              1.500000    5.314055   -3.814055 (VIOLATED)
_13333_/B1                              1.500000    5.314057   -3.814057 (VIOLATED)
_13657_/B1                              1.500000    5.314056   -3.814056 (VIOLATED)
_12284_/B1                              1.500000    5.314041   -3.814042 (VIOLATED)
_13038_/B1                              1.500000    5.314044   -3.814044 (VIOLATED)
_13133_/B1                              1.500000    5.314043   -3.814044 (VIOLATED)
_13156_/B1                              1.500000    5.314042   -3.814042 (VIOLATED)
_13234_/A2                              1.500000    5.314044   -3.814044 (VIOLATED)
_14673_/B                               1.500000    5.314044   -3.814044 (VIOLATED)
_12372_/A2                              1.500000    5.314037   -3.814037 (VIOLATED)
_12353_/B1                              1.500000    5.314029   -3.814029 (VIOLATED)
_13426_/B1                              1.500000    5.314026   -3.814027 (VIOLATED)
_13290_/B1                              1.500000    5.314022   -3.814022 (VIOLATED)
_13083_/B1                              1.500000    5.314012   -3.814012 (VIOLATED)
_13109_/A2                              1.500000    5.314008   -3.814008 (VIOLATED)
_13240_/A2                              1.500000    5.314009   -3.814009 (VIOLATED)
_14997_/C                               1.500000    5.314002   -3.814002 (VIOLATED)
_13051_/B1                              1.500000    5.313989   -3.813989 (VIOLATED)
_13059_/B1                              1.500000    5.313991   -3.813991 (VIOLATED)
_13149_/B1                              1.500000    5.313991   -3.813991 (VIOLATED)
_13151_/B1                              1.500000    5.313992   -3.813992 (VIOLATED)
_13202_/B1                              1.500000    5.313993   -3.813993 (VIOLATED)
_13228_/B1                              1.500000    5.313985   -3.813986 (VIOLATED)
_13113_/A2                              1.500000    5.313957   -3.813957 (VIOLATED)
_13161_/B1                              1.500000    5.313956   -3.813956 (VIOLATED)
_13197_/B1                              1.500000    5.313958   -3.813958 (VIOLATED)
_13120_/A2                              1.500000    5.313941   -3.813940 (VIOLATED)
_13311_/B1                              1.500000    5.313942   -3.813942 (VIOLATED)
_07984_/C                               1.500000    5.313924   -3.813924 (VIOLATED)
_13244_/B1                              1.500000    5.313921   -3.813922 (VIOLATED)
_12368_/A2                              1.500000    5.313909   -3.813908 (VIOLATED)
_13341_/B1                              1.500000    5.313899   -3.813899 (VIOLATED)
_12357_/B1                              1.500000    5.313890   -3.813890 (VIOLATED)
_13224_/A2                              1.500000    5.313874   -3.813875 (VIOLATED)
_13297_/B1                              1.500000    5.313875   -3.813875 (VIOLATED)
_13322_/B1                              1.500000    5.313859   -3.813859 (VIOLATED)
_11809_/C                               1.500000    5.313799   -3.813799 (VIOLATED)
_12184_/C                               1.500000    5.313794   -3.813794 (VIOLATED)
_12344_/B1                              1.500000    5.313796   -3.813796 (VIOLATED)
_13044_/A2                              1.500000    5.313796   -3.813797 (VIOLATED)
_13104_/B1                              1.500000    5.313795   -3.813795 (VIOLATED)
_13128_/B1                              1.500000    5.313783   -3.813783 (VIOLATED)
_13188_/A2                              1.500000    5.313785   -3.813785 (VIOLATED)
_13287_/A2                              1.500000    5.313787   -3.813787 (VIOLATED)
_13268_/A2                              1.500000    5.313780   -3.813781 (VIOLATED)
_13178_/B1                              1.500000    5.313776   -3.813776 (VIOLATED)
_13207_/B1                              1.500000    5.313753   -3.813753 (VIOLATED)
_13089_/B1                              1.500000    5.313718   -3.813717 (VIOLATED)
_13251_/B1                              1.500000    5.313703   -3.813703 (VIOLATED)
_13261_/B1                              1.500000    5.313644   -3.813645 (VIOLATED)
_13306_/B1                              1.500000    5.313648   -3.813648 (VIOLATED)
_13063_/A2                              1.500000    5.313624   -3.813624 (VIOLATED)
_10789_/B                               1.500000    5.313545   -3.813545 (VIOLATED)
_13174_/B1                              1.500000    5.313530   -3.813530 (VIOLATED)
_13218_/B1                              1.500000    5.313415   -3.813415 (VIOLATED)
_13138_/B1                              1.500000    5.313338   -3.813338 (VIOLATED)
_12339_/A2                              1.500000    5.313262   -3.813263 (VIOLATED)
_12349_/A2                              1.500000    5.313265   -3.813265 (VIOLATED)
_13143_/B1                              1.500000    5.313265   -3.813264 (VIOLATED)
_13271_/A2                              1.500000    5.313266   -3.813266 (VIOLATED)
_07983_/X                               1.508244    5.313050   -3.804806 (VIOLATED)
_12697_/B1                              1.500000    5.298229   -3.798229 (VIOLATED)
_12939_/B1                              1.500000    5.298229   -3.798229 (VIOLATED)
_12973_/B1                              1.500000    5.298227   -3.798228 (VIOLATED)
_12810_/A2                              1.500000    5.298223   -3.798223 (VIOLATED)
_12833_/B1                              1.500000    5.298225   -3.798226 (VIOLATED)
_14430_/B                               1.500000    5.298226   -3.798227 (VIOLATED)
_12742_/B1                              1.500000    5.298215   -3.798215 (VIOLATED)
_12704_/B1                              1.500000    5.298208   -3.798208 (VIOLATED)
_12986_/B1                              1.500000    5.298210   -3.798210 (VIOLATED)
_12806_/B1                              1.500000    5.298200   -3.798200 (VIOLATED)
_12738_/B1                              1.500000    5.298193   -3.798193 (VIOLATED)
_08021_/C                               1.500000    5.298188   -3.798188 (VIOLATED)
_12865_/B1                              1.500000    5.298192   -3.798191 (VIOLATED)
_12935_/B1                              1.500000    5.298193   -3.798193 (VIOLATED)
_12889_/B1                              1.500000    5.298186   -3.798187 (VIOLATED)
_12722_/B1                              1.500000    5.298182   -3.798182 (VIOLATED)
_12842_/B1                              1.500000    5.298183   -3.798183 (VIOLATED)
_12896_/B1                              1.500000    5.298182   -3.798182 (VIOLATED)
_12996_/B1                              1.500000    5.298185   -3.798185 (VIOLATED)
_12911_/A2                              1.500000    5.298177   -3.798177 (VIOLATED)
_15033_/C                               1.500000    5.298176   -3.798176 (VIOLATED)
_12766_/B1                              1.500000    5.298171   -3.798171 (VIOLATED)
_12714_/A2                              1.500000    5.298164   -3.798164 (VIOLATED)
_12870_/B1                              1.500000    5.298166   -3.798166 (VIOLATED)
_13029_/A2                              1.500000    5.298155   -3.798156 (VIOLATED)
_12784_/B1                              1.500000    5.298145   -3.798145 (VIOLATED)
_12802_/B1                              1.500000    5.298144   -3.798144 (VIOLATED)
_12949_/B1                              1.500000    5.298147   -3.798147 (VIOLATED)
_10825_/B                               1.500000    5.298140   -3.798140 (VIOLATED)
_12762_/B1                              1.500000    5.298138   -3.798138 (VIOLATED)
_12837_/B1                              1.500000    5.298141   -3.798141 (VIOLATED)
_12907_/B1                              1.500000    5.298122   -3.798123 (VIOLATED)
_12965_/A2                              1.500000    5.298122   -3.798123 (VIOLATED)
_13021_/B1                              1.500000    5.298116   -3.798117 (VIOLATED)
_12719_/B1                              1.500000    5.298110   -3.798110 (VIOLATED)
_12747_/B1                              1.500000    5.298094   -3.798094 (VIOLATED)
_12919_/B1                              1.500000    5.298093   -3.798094 (VIOLATED)
_11952_/C                               1.500000    5.298089   -3.798089 (VIOLATED)
_12780_/B1                              1.500000    5.298080   -3.798080 (VIOLATED)
_12852_/B1                              1.500000    5.298079   -3.798079 (VIOLATED)
_13025_/B1                              1.500000    5.298080   -3.798080 (VIOLATED)
_12277_/B1                              1.500000    5.298069   -3.798069 (VIOLATED)
_13420_/B1                              1.500000    5.298069   -3.798069 (VIOLATED)
_13600_/B1                              1.500000    5.298069   -3.798069 (VIOLATED)
_13638_/B1                              1.500000    5.298066   -3.798066 (VIOLATED)
_12265_/B1                              1.500000    5.298058   -3.798058 (VIOLATED)
_12887_/B1                              1.500000    5.298060   -3.798061 (VIOLATED)
_13387_/B1                              1.500000    5.298062   -3.798062 (VIOLATED)
_13369_/B1                              1.500000    5.298057   -3.798057 (VIOLATED)
_13405_/B1                              1.500000    5.298060   -3.798060 (VIOLATED)
_13475_/B1                              1.500000    5.298060   -3.798060 (VIOLATED)
_13746_/B                               1.500000    5.298063   -3.798063 (VIOLATED)
_13552_/B1                              1.500000    5.298056   -3.798056 (VIOLATED)
_13635_/A2                              1.500000    5.298056   -3.798056 (VIOLATED)
_14466_/B                               1.500000    5.298057   -3.798057 (VIOLATED)
_13408_/A2                              1.500000    5.298043   -3.798043 (VIOLATED)
_12290_/B1                              1.500000    5.298020   -3.798021 (VIOLATED)
_13555_/B1                              1.500000    5.298003   -3.798003 (VIOLATED)
_12275_/B1                              1.500000    5.297993   -3.797993 (VIOLATED)
_13414_/B1                              1.500000    5.297997   -3.797997 (VIOLATED)
_13512_/B1                              1.500000    5.297998   -3.797998 (VIOLATED)
_13626_/A2                              1.500000    5.297992   -3.797992 (VIOLATED)
_14790_/B                               1.500000    5.297986   -3.797986 (VIOLATED)
_13382_/B1                              1.500000    5.297981   -3.797982 (VIOLATED)
_13545_/A2                              1.500000    5.297983   -3.797983 (VIOLATED)
_13580_/B1                              1.500000    5.297986   -3.797986 (VIOLATED)
_13589_/B1                              1.500000    5.297984   -3.797983 (VIOLATED)
_12752_/B1                              1.500000    5.297975   -3.797975 (VIOLATED)
_13376_/B1                              1.500000    5.297971   -3.797971 (VIOLATED)
_13570_/B1                              1.500000    5.297962   -3.797962 (VIOLATED)
_12789_/B1                              1.500000    5.297954   -3.797954 (VIOLATED)
_12862_/A2                              1.500000    5.297917   -3.797917 (VIOLATED)
_13649_/B1                              1.500000    5.297915   -3.797915 (VIOLATED)
_11516_/C                               1.500000    5.297902   -3.797903 (VIOLATED)
_12925_/B1                              1.500000    5.297903   -3.797904 (VIOLATED)
_11334_/B                               1.500000    5.297882   -3.797882 (VIOLATED)
_12270_/A2                              1.500000    5.297884   -3.797884 (VIOLATED)
_12848_/B1                              1.500000    5.297879   -3.797879 (VIOLATED)
_13014_/B1                              1.500000    5.297882   -3.797881 (VIOLATED)
_13610_/B1                              1.500000    5.297880   -3.797880 (VIOLATED)
_13439_/B1                              1.500000    5.297871   -3.797871 (VIOLATED)
_13282_/B1                              1.500000    5.297823   -3.797823 (VIOLATED)
_13467_/A2                              1.500000    5.297804   -3.797804 (VIOLATED)
_13516_/B1                              1.500000    5.297801   -3.797801 (VIOLATED)
_13526_/B1                              1.500000    5.297804   -3.797804 (VIOLATED)
_13193_/B1                              1.500000    5.297792   -3.797792 (VIOLATED)
_13455_/B1                              1.500000    5.297793   -3.797793 (VIOLATED)
_13040_/B1                              1.500000    5.297784   -3.797784 (VIOLATED)
_13330_/A2                              1.500000    5.297781   -3.797782 (VIOLATED)
_13095_/B1                              1.500000    5.297767   -3.797767 (VIOLATED)
_13159_/B1                              1.500000    5.297766   -3.797766 (VIOLATED)
_13237_/B1                              1.500000    5.297770   -3.797769 (VIOLATED)
_13483_/B1                              1.500000    5.297765   -3.797765 (VIOLATED)
_13490_/B1                              1.500000    5.297762   -3.797762 (VIOLATED)
_13613_/B1                              1.500000    5.297765   -3.797765 (VIOLATED)
_13566_/A2                              1.500000    5.297758   -3.797758 (VIOLATED)
_14754_/B                               1.500000    5.297761   -3.797761 (VIOLATED)
_13291_/B1                              1.500000    5.297749   -3.797749 (VIOLATED)
_13372_/B1                              1.500000    5.297747   -3.797747 (VIOLATED)
_13463_/B1                              1.500000    5.297750   -3.797750 (VIOLATED)
_14583_/C                               1.500000    5.297747   -3.797747 (VIOLATED)
_13646_/A2                              1.500000    5.297740   -3.797740 (VIOLATED)
_13056_/A2                              1.500000    5.297734   -3.797735 (VIOLATED)
_13072_/A2                              1.500000    5.297733   -3.797733 (VIOLATED)
_13109_/B1                              1.500000    5.297734   -3.797734 (VIOLATED)
_13242_/B1                              1.500000    5.297733   -3.797733 (VIOLATED)
_13357_/A2                              1.500000    5.297728   -3.797728 (VIOLATED)
_13522_/B1                              1.500000    5.297728   -3.797728 (VIOLATED)
_13561_/A2                              1.500000    5.297727   -3.797727 (VIOLATED)
_13595_/B1                              1.500000    5.297728   -3.797728 (VIOLATED)
_13628_/B1                              1.500000    5.297727   -3.797728 (VIOLATED)
_14448_/B                               1.500000    5.297730   -3.797730 (VIOLATED)
_13393_/B1                              1.500000    5.297714   -3.797714 (VIOLATED)
_13447_/B1                              1.500000    5.297716   -3.797716 (VIOLATED)
_13472_/B1                              1.500000    5.297715   -3.797715 (VIOLATED)
_13501_/B1                              1.500000    5.297717   -3.797717 (VIOLATED)
_13543_/A2                              1.500000    5.297712   -3.797713 (VIOLATED)
_12374_/B1                              1.500000    5.297704   -3.797704 (VIOLATED)
_13203_/A2                              1.500000    5.297705   -3.797704 (VIOLATED)
_12022_/C                               1.500000    5.297697   -3.797697 (VIOLATED)
_12259_/B1                              1.500000    5.297685   -3.797685 (VIOLATED)
_13428_/B1                              1.500000    5.297681   -3.797681 (VIOLATED)
_13135_/B1                              1.500000    5.297641   -3.797641 (VIOLATED)
_13325_/B1                              1.500000    5.297638   -3.797639 (VIOLATED)
_13335_/B1                              1.500000    5.297632   -3.797632 (VIOLATED)
_13115_/B1                              1.500000    5.297610   -3.797609 (VIOLATED)
_13199_/B1                              1.500000    5.297610   -3.797610 (VIOLATED)
_13296_/B1                              1.500000    5.297611   -3.797611 (VIOLATED)
_15024_/C                               1.500000    5.297584   -3.797584 (VIOLATED)
_13227_/B1                              1.500000    5.297558   -3.797559 (VIOLATED)
_12354_/B1                              1.500000    5.297466   -3.797467 (VIOLATED)
_12359_/B1                              1.500000    5.297467   -3.797467 (VIOLATED)
_12998_/B1                              1.500000    5.297429   -3.797428 (VIOLATED)
_12693_/B1                              1.500000    5.297424   -3.797424 (VIOLATED)
_12817_/B1                              1.500000    5.297428   -3.797427 (VIOLATED)
_12876_/A2                              1.500000    5.297425   -3.797425 (VIOLATED)
_12931_/A2                              1.500000    5.297424   -3.797424 (VIOLATED)
_13009_/B1                              1.500000    5.297425   -3.797426 (VIOLATED)
_11316_/B                               1.500000    5.297416   -3.797416 (VIOLATED)
_12953_/B1                              1.500000    5.297420   -3.797419 (VIOLATED)
_12774_/B1                              1.500000    5.297414   -3.797414 (VIOLATED)
_12830_/A2                              1.500000    5.297415   -3.797415 (VIOLATED)
_08376_/B                               1.500000    5.297408   -3.797408 (VIOLATED)
_12324_/B1                              1.500000    5.297409   -3.797409 (VIOLATED)
_12385_/B1                              1.500000    5.297404   -3.797404 (VIOLATED)
_12451_/B1                              1.500000    5.297408   -3.797408 (VIOLATED)
_12665_/B1                              1.500000    5.297408   -3.797408 (VIOLATED)
_12732_/B1                              1.500000    5.297410   -3.797410 (VIOLATED)
_12690_/A2                              1.500000    5.297403   -3.797403 (VIOLATED)
_12592_/B1                              1.500000    5.297399   -3.797399 (VIOLATED)
_12825_/B1                              1.500000    5.297395   -3.797395 (VIOLATED)
_12306_/B1                              1.500000    5.297383   -3.797383 (VIOLATED)
_12672_/B1                              1.500000    5.297384   -3.797384 (VIOLATED)
_13003_/B1                              1.500000    5.297387   -3.797387 (VIOLATED)
_12458_/B1                              1.500000    5.297378   -3.797379 (VIOLATED)
_12502_/B1                              1.500000    5.297379   -3.797379 (VIOLATED)
_12970_/B1                              1.500000    5.297379   -3.797379 (VIOLATED)
_12461_/B1                              1.500000    5.297372   -3.797372 (VIOLATED)
_12514_/B1                              1.500000    5.297376   -3.797376 (VIOLATED)
_08449_/B                               1.500000    5.297367   -3.797367 (VIOLATED)
_12631_/B1                              1.500000    5.297369   -3.797370 (VIOLATED)
_12396_/A2                              1.500000    5.297365   -3.797365 (VIOLATED)
_14736_/B                               1.500000    5.297369   -3.797369 (VIOLATED)
_12494_/B1                              1.500000    5.297365   -3.797364 (VIOLATED)
_12961_/B1                              1.500000    5.297362   -3.797363 (VIOLATED)
_12587_/B1                              1.500000    5.297356   -3.797356 (VIOLATED)
_12754_/B1                              1.500000    5.297358   -3.797358 (VIOLATED)
_12795_/B1                              1.500000    5.297361   -3.797361 (VIOLATED)
_12916_/B1                              1.500000    5.297357   -3.797356 (VIOLATED)
_12880_/A2                              1.500000    5.297346   -3.797346 (VIOLATED)
_12981_/B1                              1.500000    5.297323   -3.797323 (VIOLATED)
_12390_/B1                              1.500000    5.297301   -3.797301 (VIOLATED)
_13454_/B1                              1.500000    5.297292   -3.797292 (VIOLATED)
_13507_/B1                              1.500000    5.297291   -3.797291 (VIOLATED)
_12255_/B1                              1.500000    5.297287   -3.797286 (VIOLATED)
_13536_/B1                              1.500000    5.297290   -3.797290 (VIOLATED)
_13363_/B1                              1.500000    5.297286   -3.797285 (VIOLATED)
_14439_/C                               1.500000    5.297288   -3.797289 (VIOLATED)
_13435_/B1                              1.500000    5.297284   -3.797283 (VIOLATED)
_13606_/B1                              1.500000    5.297286   -3.797286 (VIOLATED)
_13659_/B1                              1.500000    5.297287   -3.797287 (VIOLATED)
_12710_/B1                              1.500000    5.297268   -3.797268 (VIOLATED)
_13498_/B1                              1.500000    5.297272   -3.797272 (VIOLATED)
_13584_/B1                              1.500000    5.297274   -3.797274 (VIOLATED)
_14295_/C                               1.500000    5.297255   -3.797254 (VIOLATED)
_12282_/A2                              1.500000    5.297247   -3.797247 (VIOLATED)
_13247_/B1                              1.500000    5.297241   -3.797241 (VIOLATED)
_13423_/A2                              1.500000    5.297244   -3.797244 (VIOLATED)
_13058_/B1                              1.500000    5.297232   -3.797232 (VIOLATED)
_13163_/B1                              1.500000    5.297230   -3.797230 (VIOLATED)
_13279_/B1                              1.500000    5.297227   -3.797228 (VIOLATED)
_13310_/B1                              1.500000    5.297230   -3.797230 (VIOLATED)
_13655_/A2                              1.500000    5.297230   -3.797230 (VIOLATED)
_08012_/C                               1.500000    5.297205   -3.797205 (VIOLATED)
_13120_/B1                              1.500000    5.297205   -3.797205 (VIOLATED)
_13187_/B1                              1.500000    5.297208   -3.797208 (VIOLATED)
_13221_/B1                              1.500000    5.297209   -3.797209 (VIOLATED)
_13287_/B1                              1.500000    5.297209   -3.797209 (VIOLATED)
_12367_/B1                              1.500000    5.297180   -3.797180 (VIOLATED)
_13070_/B1                              1.500000    5.297183   -3.797183 (VIOLATED)
_13130_/A2                              1.500000    5.297162   -3.797162 (VIOLATED)
_13233_/B1                              1.500000    5.297160   -3.797160 (VIOLATED)
_12445_/B1                              1.500000    5.297148   -3.797148 (VIOLATED)
_12541_/B1                              1.500000    5.297149   -3.797148 (VIOLATED)
_12332_/B1                              1.500000    5.297143   -3.797143 (VIOLATED)
_12602_/B1                              1.500000    5.297145   -3.797146 (VIOLATED)
_12613_/B1                              1.500000    5.297146   -3.797146 (VIOLATED)
_12654_/B1                              1.500000    5.297146   -3.797147 (VIOLATED)
_13268_/B1                              1.500000    5.297143   -3.797142 (VIOLATED)
_12405_/B1                              1.500000    5.297138   -3.797138 (VIOLATED)
_13320_/A2                              1.500000    5.297142   -3.797141 (VIOLATED)
_14691_/C                               1.500000    5.297141   -3.797141 (VIOLATED)
_12301_/B1                              1.500000    5.297132   -3.797132 (VIOLATED)
_12482_/B1                              1.500000    5.297136   -3.797136 (VIOLATED)
_12536_/B1                              1.500000    5.297138   -3.797138 (VIOLATED)
_12550_/B1                              1.500000    5.297136   -3.797136 (VIOLATED)
_12562_/B1                              1.500000    5.297135   -3.797135 (VIOLATED)
_12573_/B1                              1.500000    5.297138   -3.797138 (VIOLATED)
_12635_/B1                              1.500000    5.297134   -3.797134 (VIOLATED)
_12412_/B1                              1.500000    5.297130   -3.797130 (VIOLATED)
_13140_/B1                              1.500000    5.297129   -3.797129 (VIOLATED)
_13180_/B1                              1.500000    5.297130   -3.797130 (VIOLATED)
_14214_/B                               1.500000    5.297131   -3.797131 (VIOLATED)
_11800_/C                               1.500000    5.297121   -3.797121 (VIOLATED)
_12443_/B1                              1.500000    5.297121   -3.797121 (VIOLATED)
_12558_/B1                              1.500000    5.297122   -3.797122 (VIOLATED)
_13148_/B1                              1.500000    5.297121   -3.797121 (VIOLATED)
_12478_/B1                              1.500000    5.297114   -3.797114 (VIOLATED)
_12669_/B1                              1.500000    5.297113   -3.797114 (VIOLATED)
_12345_/B1                              1.500000    5.297101   -3.797101 (VIOLATED)
_12529_/B1                              1.500000    5.297102   -3.797102 (VIOLATED)
_08222_/B                               1.500000    5.297093   -3.797093 (VIOLATED)
_11325_/B                               1.500000    5.297093   -3.797092 (VIOLATED)
_12397_/A2                              1.500000    5.297094   -3.797094 (VIOLATED)
_12621_/B1                              1.500000    5.297093   -3.797092 (VIOLATED)
_12677_/B1                              1.500000    5.297093   -3.797093 (VIOLATED)
_13154_/B1                              1.500000    5.297091   -3.797092 (VIOLATED)
_13182_/B1                              1.500000    5.297093   -3.797093 (VIOLATED)
_12409_/B1                              1.500000    5.297084   -3.797084 (VIOLATED)
_12569_/B1                              1.500000    5.297084   -3.797085 (VIOLATED)
_12470_/A2                              1.500000    5.297080   -3.797080 (VIOLATED)
_12518_/B1                              1.500000    5.297082   -3.797083 (VIOLATED)
_13043_/B1                              1.500000    5.297080   -3.797080 (VIOLATED)
_13049_/B1                              1.500000    5.297075   -3.797076 (VIOLATED)
_13084_/B1                              1.500000    5.297076   -3.797076 (VIOLATED)
_12546_/B1                              1.500000    5.297057   -3.797057 (VIOLATED)
_11480_/C                               1.500000    5.297044   -3.797044 (VIOLATED)
_12316_/A2                              1.500000    5.297045   -3.797045 (VIOLATED)
_12435_/B1                              1.500000    5.297043   -3.797043 (VIOLATED)
_12616_/B1                              1.500000    5.297046   -3.797045 (VIOLATED)
_12489_/B1                              1.500000    5.297041   -3.797041 (VIOLATED)
_12652_/B1                              1.500000    5.297045   -3.797045 (VIOLATED)
_13343_/B1                              1.500000    5.297042   -3.797043 (VIOLATED)
_12607_/B1                              1.500000    5.297037   -3.797037 (VIOLATED)
_13217_/B1                              1.500000    5.297034   -3.797034 (VIOLATED)
_12320_/B1                              1.500000    5.297025   -3.797025 (VIOLATED)
_13087_/B1                              1.500000    5.297028   -3.797029 (VIOLATED)
_13105_/B1                              1.500000    5.297026   -3.797026 (VIOLATED)
_13173_/B1                              1.500000    5.297024   -3.797024 (VIOLATED)
_13250_/B1                              1.500000    5.297028   -3.797028 (VIOLATED)
_13263_/B1                              1.500000    5.297026   -3.797026 (VIOLATED)
_13719_/B                               1.500000    5.297021   -3.797021 (VIOLATED)
_12660_/B1                              1.500000    5.297016   -3.797016 (VIOLATED)
_11764_/C                               1.500000    5.297009   -3.797008 (VIOLATED)
_15042_/C                               1.500000    5.297008   -3.797008 (VIOLATED)
_12436_/B1                              1.500000    5.297002   -3.797003 (VIOLATED)
_12485_/B1                              1.500000    5.297003   -3.797003 (VIOLATED)
_13208_/B1                              1.500000    5.296982   -3.796982 (VIOLATED)
_13307_/A2                              1.500000    5.296979   -3.796980 (VIOLATED)
_12419_/B1                              1.500000    5.296964   -3.796965 (VIOLATED)
_08030_/C                               1.500000    5.296949   -3.796949 (VIOLATED)
_12297_/B1                              1.500000    5.296950   -3.796950 (VIOLATED)
_12310_/B1                              1.500000    5.296948   -3.796948 (VIOLATED)
_12430_/B1                              1.500000    5.296951   -3.796950 (VIOLATED)
_12507_/B1                              1.500000    5.296949   -3.796949 (VIOLATED)
_12577_/B1                              1.500000    5.296951   -3.796950 (VIOLATED)
_12585_/B1                              1.500000    5.296950   -3.796950 (VIOLATED)
_12627_/A2                              1.500000    5.296949   -3.796949 (VIOLATED)
_12646_/A2                              1.500000    5.296946   -3.796946 (VIOLATED)
_12526_/B1                              1.500000    5.296938   -3.796938 (VIOLATED)
_13063_/B1                              1.500000    5.296918   -3.796918 (VIOLATED)
_13317_/B1                              1.500000    5.296874   -3.796874 (VIOLATED)
_12361_/B1                              1.500000    5.296849   -3.796849 (VIOLATED)
_13099_/A2                              1.500000    5.296842   -3.796842 (VIOLATED)
_13272_/B1                              1.500000    5.296787   -3.796787 (VIOLATED)
_12339_/B1                              1.500000    5.296762   -3.796761 (VIOLATED)
_12347_/B1                              1.500000    5.296738   -3.796738 (VIOLATED)
_13142_/B1                              1.500000    5.296713   -3.796713 (VIOLATED)
_08011_/X                               1.504883    5.296479   -3.791596 (VIOLATED)
_12810_/B1                              1.500000    5.256743   -3.756743 (VIOLATED)
_12834_/B1                              1.500000    5.256741   -3.756741 (VIOLATED)
_12975_/B1                              1.500000    5.256743   -3.756743 (VIOLATED)
_12700_/B1                              1.500000    5.256735   -3.756735 (VIOLATED)
_12892_/B1                              1.500000    5.256734   -3.756735 (VIOLATED)
_14484_/B                               1.500000    5.256738   -3.756738 (VIOLATED)
_12942_/B1                              1.500000    5.256732   -3.756732 (VIOLATED)
_12994_/B1                              1.500000    5.256733   -3.756734 (VIOLATED)
_12765_/B1                              1.500000    5.256725   -3.756726 (VIOLATED)
_12894_/B1                              1.500000    5.256722   -3.756722 (VIOLATED)
_12725_/B1                              1.500000    5.256717   -3.756717 (VIOLATED)
_12911_/B1                              1.500000    5.256721   -3.756720 (VIOLATED)
_15060_/C                               1.500000    5.256719   -3.756720 (VIOLATED)
_12872_/B1                              1.500000    5.256705   -3.756705 (VIOLATED)
_12786_/B1                              1.500000    5.256694   -3.756695 (VIOLATED)
_12818_/B1                              1.500000    5.256678   -3.756678 (VIOLATED)
_12999_/B1                              1.500000    5.256679   -3.756679 (VIOLATED)
_12694_/B1                              1.500000    5.256673   -3.756673 (VIOLATED)
_12876_/B1                              1.500000    5.256675   -3.756675 (VIOLATED)
_12830_/B1                              1.500000    5.256668   -3.756668 (VIOLATED)
_12838_/B1                              1.500000    5.256669   -3.756669 (VIOLATED)
_12931_/B1                              1.500000    5.256672   -3.756671 (VIOLATED)
_12950_/B1                              1.500000    5.256667   -3.756667 (VIOLATED)
_11343_/B                               1.500000    5.256663   -3.756663 (VIOLATED)
_12954_/B1                              1.500000    5.256666   -3.756666 (VIOLATED)
_13008_/B1                              1.500000    5.256669   -3.756669 (VIOLATED)
_12959_/B1                              1.500000    5.256660   -3.756660 (VIOLATED)
_12733_/B1                              1.500000    5.256655   -3.756655 (VIOLATED)
_12777_/B1                              1.500000    5.256654   -3.756654 (VIOLATED)
_12690_/B1                              1.500000    5.256644   -3.756644 (VIOLATED)
_12824_/B1                              1.500000    5.256621   -3.756621 (VIOLATED)
_12797_/B1                              1.500000    5.256595   -3.756595 (VIOLATED)
_12702_/B1                              1.500000    5.256545   -3.756545 (VIOLATED)
_12743_/B1                              1.500000    5.256547   -3.756547 (VIOLATED)
_12757_/B1                              1.500000    5.256547   -3.756547 (VIOLATED)
_12714_/B1                              1.500000    5.256543   -3.756543 (VIOLATED)
_12983_/B1                              1.500000    5.256546   -3.756546 (VIOLATED)
_12799_/B1                              1.500000    5.256542   -3.756542 (VIOLATED)
_12807_/B1                              1.500000    5.256545   -3.756545 (VIOLATED)
_08049_/C                               1.500000    5.256534   -3.756534 (VIOLATED)
_12739_/B1                              1.500000    5.256534   -3.756534 (VIOLATED)
_12843_/B1                              1.500000    5.256536   -3.756536 (VIOLATED)
_12934_/B1                              1.500000    5.256536   -3.756536 (VIOLATED)
_12761_/B1                              1.500000    5.256531   -3.756531 (VIOLATED)
_12868_/B1                              1.500000    5.256530   -3.756530 (VIOLATED)
_12905_/B1                              1.500000    5.256531   -3.756531 (VIOLATED)
_13020_/B1                              1.500000    5.256530   -3.756529 (VIOLATED)
_14268_/B                               1.500000    5.256531   -3.756531 (VIOLATED)
_12922_/B1                              1.500000    5.256521   -3.756521 (VIOLATED)
_12717_/B1                              1.500000    5.256512   -3.756512 (VIOLATED)
_12968_/B1                              1.500000    5.256505   -3.756505 (VIOLATED)
_13002_/B1                              1.500000    5.256506   -3.756506 (VIOLATED)
_14808_/B                               1.500000    5.256500   -3.756500 (VIOLATED)
_12853_/B1                              1.500000    5.256494   -3.756494 (VIOLATED)
_12885_/B1                              1.500000    5.256493   -3.756493 (VIOLATED)
_12965_/B1                              1.500000    5.256490   -3.756490 (VIOLATED)
_13029_/B1                              1.500000    5.256492   -3.756492 (VIOLATED)
_12914_/B1                              1.500000    5.256485   -3.756484 (VIOLATED)
_14835_/C                               1.500000    5.256488   -3.756488 (VIOLATED)
_12746_/B1                              1.500000    5.256476   -3.756476 (VIOLATED)
_14349_/C                               1.500000    5.256471   -3.756471 (VIOLATED)
_08340_/B                               1.500000    5.256465   -3.756465 (VIOLATED)
_12325_/B1                              1.500000    5.256467   -3.756467 (VIOLATED)
_12331_/B1                              1.500000    5.256470   -3.756470 (VIOLATED)
_12453_/B1                              1.500000    5.256466   -3.756466 (VIOLATED)
_12538_/B1                              1.500000    5.256469   -3.756469 (VIOLATED)
_12610_/B1                              1.500000    5.256466   -3.756466 (VIOLATED)
_12663_/B1                              1.500000    5.256465   -3.756465 (VIOLATED)
_12387_/B1                              1.500000    5.256461   -3.756461 (VIOLATED)
_12501_/B1                              1.500000    5.256460   -3.756460 (VIOLATED)
_12593_/B1                              1.500000    5.256464   -3.756464 (VIOLATED)
_13024_/B1                              1.500000    5.256455   -3.756456 (VIOLATED)
_12513_/B1                              1.500000    5.256446   -3.756447 (VIOLATED)
_12673_/B1                              1.500000    5.256439   -3.756440 (VIOLATED)
_12779_/B1                              1.500000    5.256438   -3.756438 (VIOLATED)
_12308_/B1                              1.500000    5.256431   -3.756431 (VIOLATED)
_12880_/B1                              1.500000    5.256430   -3.756430 (VIOLATED)
_12460_/B1                              1.500000    5.256418   -3.756418 (VIOLATED)
_08467_/B                               1.500000    5.256410   -3.756410 (VIOLATED)
_12630_/B1                              1.500000    5.256405   -3.756405 (VIOLATED)
_12396_/B1                              1.500000    5.256397   -3.756397 (VIOLATED)
_12495_/B1                              1.500000    5.256392   -3.756393 (VIOLATED)
_12849_/B1                              1.500000    5.256396   -3.756396 (VIOLATED)
_12627_/B1                              1.500000    5.256382   -3.756382 (VIOLATED)
_12429_/B1                              1.500000    5.256371   -3.756371 (VIOLATED)
_12588_/B1                              1.500000    5.256368   -3.756368 (VIOLATED)
_13015_/B1                              1.500000    5.256363   -3.756363 (VIOLATED)
_12862_/B1                              1.500000    5.256351   -3.756351 (VIOLATED)
_12584_/B1                              1.500000    5.256342   -3.756342 (VIOLATED)
_12750_/B1                              1.500000    5.256330   -3.756330 (VIOLATED)
_12790_/B1                              1.500000    5.256329   -3.756329 (VIOLATED)
_12926_/B1                              1.500000    5.256328   -3.756328 (VIOLATED)
_12978_/B1                              1.500000    5.256330   -3.756330 (VIOLATED)
_14889_/C                               1.500000    5.256331   -3.756331 (VIOLATED)
_12388_/B1                              1.500000    5.256297   -3.756297 (VIOLATED)
_12708_/B1                              1.500000    5.256285   -3.756285 (VIOLATED)
_13417_/B1                              1.500000    5.256278   -3.756278 (VIOLATED)
_08213_/B                               1.500000    5.256272   -3.756272 (VIOLATED)
_12280_/B1                              1.500000    5.256276   -3.756275 (VIOLATED)
_13511_/B1                              1.500000    5.256274   -3.756274 (VIOLATED)
_13599_/B1                              1.500000    5.256277   -3.756277 (VIOLATED)
_13640_/B1                              1.500000    5.256274   -3.756274 (VIOLATED)
_13389_/B1                              1.500000    5.256270   -3.756270 (VIOLATED)
_12266_/B1                              1.500000    5.256260   -3.756260 (VIOLATED)
_13404_/B1                              1.500000    5.256262   -3.756262 (VIOLATED)
_13549_/B1                              1.500000    5.256265   -3.756266 (VIOLATED)
_13366_/B1                              1.500000    5.256256   -3.756256 (VIOLATED)
_13408_/B1                              1.500000    5.256258   -3.756258 (VIOLATED)
_13476_/B1                              1.500000    5.256262   -3.756262 (VIOLATED)
_13482_/B1                              1.500000    5.256258   -3.756258 (VIOLATED)
_13635_/B1                              1.500000    5.256258   -3.756258 (VIOLATED)
_13371_/B1                              1.500000    5.256251   -3.756251 (VIOLATED)
_14520_/B                               1.500000    5.256255   -3.756255 (VIOLATED)
_12288_/B1                              1.500000    5.256244   -3.756243 (VIOLATED)
_14601_/C                               1.500000    5.256219   -3.756219 (VIOLATED)
_13492_/B1                              1.500000    5.256213   -3.756212 (VIOLATED)
_13566_/B1                              1.500000    5.256211   -3.756211 (VIOLATED)
_13615_/B1                              1.500000    5.256213   -3.756213 (VIOLATED)
_13462_/B1                              1.500000    5.256204   -3.756204 (VIOLATED)
_13503_/B1                              1.500000    5.256207   -3.756207 (VIOLATED)
_12448_/B1                              1.500000    5.256190   -3.756190 (VIOLATED)
_12656_/B1                              1.500000    5.256190   -3.756190 (VIOLATED)
_12483_/B1                              1.500000    5.256185   -3.756185 (VIOLATED)
_12533_/B1                              1.500000    5.256186   -3.756186 (VIOLATED)
_12572_/B1                              1.500000    5.256185   -3.756185 (VIOLATED)
_12600_/B1                              1.500000    5.256188   -3.756188 (VIOLATED)
_13277_/B1                              1.500000    5.256185   -3.756185 (VIOLATED)
_12404_/B1                              1.500000    5.256179   -3.756180 (VIOLATED)
_13556_/B1                              1.500000    5.256180   -3.756180 (VIOLATED)
_13591_/B1                              1.500000    5.256181   -3.756180 (VIOLATED)
_13646_/B1                              1.500000    5.256174   -3.756173 (VIOLATED)
_12302_/B1                              1.500000    5.256166   -3.756166 (VIOLATED)
_12415_/B1                              1.500000    5.256159   -3.756159 (VIOLATED)
_12442_/B1                              1.500000    5.256158   -3.756158 (VIOLATED)
_12455_/B1                              1.500000    5.256157   -3.756157 (VIOLATED)
_14799_/B                               1.500000    5.256160   -3.756160 (VIOLATED)
_12476_/B1                              1.500000    5.256148   -3.756148 (VIOLATED)
_12530_/B1                              1.500000    5.256149   -3.756149 (VIOLATED)
_12547_/B1                              1.500000    5.256152   -3.756152 (VIOLATED)
_12560_/B1                              1.500000    5.256155   -3.756155 (VIOLATED)
_12565_/B1                              1.500000    5.256150   -3.756150 (VIOLATED)
_12634_/B1                              1.500000    5.256151   -3.756151 (VIOLATED)
_12668_/B1                              1.500000    5.256145   -3.756145 (VIOLATED)
_12521_/B1                              1.500000    5.256135   -3.756135 (VIOLATED)
_13524_/B1                              1.500000    5.256135   -3.756135 (VIOLATED)
_13596_/B1                              1.500000    5.256135   -3.756134 (VIOLATED)
_13631_/B1                              1.500000    5.256135   -3.756135 (VIOLATED)
_12470_/B1                              1.500000    5.256129   -3.756130 (VIOLATED)
_12567_/B1                              1.500000    5.256129   -3.756130 (VIOLATED)
_12615_/B1                              1.500000    5.256129   -3.756130 (VIOLATED)
_13448_/B1                              1.500000    5.256125   -3.756125 (VIOLATED)
_13561_/B1                              1.500000    5.256125   -3.756125 (VIOLATED)
_08240_/B                               1.500000    5.256120   -3.756120 (VIOLATED)
_12316_/B1                              1.500000    5.256124   -3.756124 (VIOLATED)
_12407_/B1                              1.500000    5.256123   -3.756124 (VIOLATED)
_12434_/B1                              1.500000    5.256125   -3.756125 (VIOLATED)
_12490_/B1                              1.500000    5.256123   -3.756124 (VIOLATED)
_12620_/B1                              1.500000    5.256125   -3.756125 (VIOLATED)
_12649_/B1                              1.500000    5.256128   -3.756128 (VIOLATED)
_14844_/C                               1.500000    5.256122   -3.756122 (VIOLATED)
_12608_/B1                              1.500000    5.256115   -3.756115 (VIOLATED)
_12438_/B1                              1.500000    5.256111   -3.756111 (VIOLATED)
_12486_/B1                              1.500000    5.256112   -3.756112 (VIOLATED)
_14862_/C                               1.500000    5.256112   -3.756112 (VIOLATED)
_12296_/B1                              1.500000    5.256106   -3.756106 (VIOLATED)
_13537_/B1                              1.500000    5.256106   -3.756106 (VIOLATED)
_13660_/B1                              1.500000    5.256105   -3.756106 (VIOLATED)
_14457_/C                               1.500000    5.256106   -3.756107 (VIOLATED)
_12397_/B1                              1.500000    5.256101   -3.756101 (VIOLATED)
_12545_/B1                              1.500000    5.256096   -3.756097 (VIOLATED)
_12679_/B1                              1.500000    5.256100   -3.756099 (VIOLATED)
_13357_/B1                              1.500000    5.256096   -3.756096 (VIOLATED)
_13394_/B1                              1.500000    5.256099   -3.756099 (VIOLATED)
_13473_/B1                              1.500000    5.256103   -3.756102 (VIOLATED)
_13543_/B1                              1.500000    5.256094   -3.756094 (VIOLATED)
_14313_/C                               1.500000    5.256097   -3.756098 (VIOLATED)
_15069_/C                               1.500000    5.256089   -3.756089 (VIOLATED)
_12260_/B1                              1.500000    5.256083   -3.756083 (VIOLATED)
_12322_/B1                              1.500000    5.256078   -3.756078 (VIOLATED)
_12661_/B1                              1.500000    5.256079   -3.756079 (VIOLATED)
_13430_/B1                              1.500000    5.256082   -3.756082 (VIOLATED)
_13230_/B1                              1.500000    5.256077   -3.756077 (VIOLATED)
_12578_/B1                              1.500000    5.256073   -3.756073 (VIOLATED)
_12272_/B1                              1.500000    5.256060   -3.756060 (VIOLATED)
_13383_/B1                              1.500000    5.256062   -3.756061 (VIOLATED)
_13413_/B1                              1.500000    5.256062   -3.756062 (VIOLATED)
_13528_/B1                              1.500000    5.256063   -3.756062 (VIOLATED)
_13581_/B1                              1.500000    5.256061   -3.756060 (VIOLATED)
_13626_/B1                              1.500000    5.256061   -3.756061 (VIOLATED)
_12418_/B1                              1.500000    5.256052   -3.756052 (VIOLATED)
_14655_/B                               1.500000    5.256056   -3.756056 (VIOLATED)
_13093_/B1                              1.500000    5.256049   -3.756049 (VIOLATED)
_13192_/B1                              1.500000    5.256050   -3.756050 (VIOLATED)
_13293_/B1                              1.500000    5.256050   -3.756050 (VIOLATED)
_13067_/B1                              1.500000    5.256043   -3.756044 (VIOLATED)
_13545_/B1                              1.500000    5.256047   -3.756047 (VIOLATED)
_12270_/B1                              1.500000    5.256037   -3.756037 (VIOLATED)
_13467_/B1                              1.500000    5.256039   -3.756039 (VIOLATED)
_13518_/B1                              1.500000    5.256039   -3.756039 (VIOLATED)
_13456_/B1                              1.500000    5.256028   -3.756028 (VIOLATED)
_11361_/B                               1.500000    5.256020   -3.756020 (VIOLATED)
_13379_/B1                              1.500000    5.256010   -3.756010 (VIOLATED)
_13572_/B1                              1.500000    5.256009   -3.756009 (VIOLATED)
_13609_/B1                              1.500000    5.256011   -3.756012 (VIOLATED)
_13651_/B1                              1.500000    5.256003   -3.756004 (VIOLATED)
_13438_/B1                              1.500000    5.255992   -3.755992 (VIOLATED)
_13326_/B1                              1.500000    5.255980   -3.755980 (VIOLATED)
_08058_/C                               1.500000    5.255973   -3.755973 (VIOLATED)
_12311_/B1                              1.500000    5.255974   -3.755974 (VIOLATED)
_12505_/B1                              1.500000    5.255971   -3.755971 (VIOLATED)
_12646_/B1                              1.500000    5.255974   -3.755973 (VIOLATED)
_13158_/B1                              1.500000    5.255961   -3.755962 (VIOLATED)
_13041_/B1                              1.500000    5.255956   -3.755957 (VIOLATED)
_13234_/B1                              1.500000    5.255957   -3.755957 (VIOLATED)
_13281_/B1                              1.500000    5.255957   -3.755957 (VIOLATED)
_13330_/B1                              1.500000    5.255955   -3.755956 (VIOLATED)
_12372_/B1                              1.500000    5.255951   -3.755951 (VIOLATED)
_14826_/B                               1.500000    5.255954   -3.755955 (VIOLATED)
_11352_/B                               1.500000    5.255945   -3.755945 (VIOLATED)
_12524_/B1                              1.500000    5.255944   -3.755944 (VIOLATED)
_13184_/B1                              1.500000    5.255946   -3.755946 (VIOLATED)
_13134_/B1                              1.500000    5.255936   -3.755936 (VIOLATED)
_13056_/B1                              1.500000    5.255925   -3.755925 (VIOLATED)
_13318_/B1                              1.500000    5.255910   -3.755910 (VIOLATED)
_15051_/C                               1.500000    5.255898   -3.755898 (VIOLATED)
_13153_/B1                              1.500000    5.255860   -3.755861 (VIOLATED)
_13099_/B1                              1.500000    5.255845   -3.755846 (VIOLATED)
_13072_/B1                              1.500000    5.255831   -3.755831 (VIOLATED)
_13110_/B1                              1.500000    5.255830   -3.755830 (VIOLATED)
_13203_/B1                              1.500000    5.255831   -3.755831 (VIOLATED)
_13225_/B1                              1.500000    5.255827   -3.755828 (VIOLATED)
_12362_/B1                              1.500000    5.255808   -3.755808 (VIOLATED)
_13146_/B1                              1.500000    5.255796   -3.755797 (VIOLATED)
_13113_/B1                              1.500000    5.255785   -3.755785 (VIOLATED)
_13196_/B1                              1.500000    5.255773   -3.755773 (VIOLATED)
_13224_/B1                              1.500000    5.255775   -3.755775 (VIOLATED)
_13295_/B1                              1.500000    5.255775   -3.755775 (VIOLATED)
_13085_/B1                              1.500000    5.255758   -3.755759 (VIOLATED)
_13050_/B1                              1.500000    5.255733   -3.755733 (VIOLATED)
_12343_/B1                              1.500000    5.255710   -3.755711 (VIOLATED)
_13044_/B1                              1.500000    5.255711   -3.755711 (VIOLATED)
_12358_/B1                              1.500000    5.255706   -3.755706 (VIOLATED)
_13145_/B1                              1.500000    5.255642   -3.755642 (VIOLATED)
_13362_/B1                              1.500000    5.255628   -3.755628 (VIOLATED)
_13452_/B1                              1.500000    5.255631   -3.755631 (VIOLATED)
_12254_/B1                              1.500000    5.255623   -3.755624 (VIOLATED)
_13434_/B1                              1.500000    5.255627   -3.755627 (VIOLATED)
_13508_/B1                              1.500000    5.255631   -3.755630 (VIOLATED)
_13605_/B1                              1.500000    5.255630   -3.755630 (VIOLATED)
_13342_/B1                              1.500000    5.255617   -3.755617 (VIOLATED)
_13586_/B1                              1.500000    5.255620   -3.755620 (VIOLATED)
_13495_/B1                              1.500000    5.255616   -3.755615 (VIOLATED)
_13655_/B1                              1.500000    5.255603   -3.755603 (VIOLATED)
_13313_/B1                              1.500000    5.255591   -3.755591 (VIOLATED)
_12282_/B1                              1.500000    5.255581   -3.755582 (VIOLATED)
_13118_/B1                              1.500000    5.255584   -3.755584 (VIOLATED)
_13057_/B1                              1.500000    5.255580   -3.755580 (VIOLATED)
_13423_/B1                              1.500000    5.255581   -3.755582 (VIOLATED)
_08040_/C                               1.500000    5.255575   -3.755575 (VIOLATED)
_12368_/B1                              1.500000    5.255574   -3.755575 (VIOLATED)
_13162_/B1                              1.500000    5.255579   -3.755578 (VIOLATED)
_12352_/B1                              1.500000    5.255564   -3.755564 (VIOLATED)
_13240_/B1                              1.500000    5.255563   -3.755563 (VIOLATED)
_13246_/B1                              1.500000    5.255561   -3.755561 (VIOLATED)
_13289_/B1                              1.500000    5.255565   -3.755565 (VIOLATED)
_13336_/B1                              1.500000    5.255564   -3.755564 (VIOLATED)
_14277_/C                               1.500000    5.255562   -3.755562 (VIOLATED)
_14502_/B                               1.500000    5.255565   -3.755565 (VIOLATED)
_13065_/B1                              1.500000    5.255555   -3.755555 (VIOLATED)
_13130_/B1                              1.500000    5.255554   -3.755554 (VIOLATED)
_13188_/B1                              1.500000    5.255546   -3.755546 (VIOLATED)
_13266_/B1                              1.500000    5.255543   -3.755543 (VIOLATED)
_13320_/B1                              1.500000    5.255532   -3.755532 (VIOLATED)
_14871_/C                               1.500000    5.255533   -3.755533 (VIOLATED)
_13179_/B1                              1.500000    5.255527   -3.755527 (VIOLATED)
_13088_/B1                              1.500000    5.255500   -3.755500 (VIOLATED)
_13249_/B1                              1.500000    5.255496   -3.755496 (VIOLATED)
_13206_/B1                              1.500000    5.255451   -3.755451 (VIOLATED)
_13262_/B1                              1.500000    5.255453   -3.755453 (VIOLATED)
_13106_/B1                              1.500000    5.255437   -3.755438 (VIOLATED)
_13175_/B1                              1.500000    5.255437   -3.755437 (VIOLATED)
_13307_/B1                              1.500000    5.255438   -3.755438 (VIOLATED)
_13219_/B1                              1.500000    5.255424   -3.755424 (VIOLATED)
_08149_/B                               1.500000    5.255409   -3.755409 (VIOLATED)
_13139_/B1                              1.500000    5.255370   -3.755370 (VIOLATED)
_12337_/B1                              1.500000    5.255200   -3.755201 (VIOLATED)
_12349_/B1                              1.500000    5.255157   -3.755157 (VIOLATED)
_13271_/B1                              1.500000    5.255158   -3.755158 (VIOLATED)
_08039_/X                               1.504883    5.254965   -3.750082 (VIOLATED)
_08403_/Y                               1.493456    3.809559   -2.316103 (VIOLATED)
_08422_/C                               1.500000    3.809656   -2.309656 (VIOLATED)
_08476_/C                               1.500000    3.809655   -2.309655 (VIOLATED)
_12701_/B1                              1.500000    3.809654   -2.309654 (VIOLATED)
_14223_/C                               1.500000    3.809656   -2.309656 (VIOLATED)
_14376_/C                               1.500000    3.809657   -2.309657 (VIOLATED)
_14430_/C                               1.500000    3.809657   -2.309657 (VIOLATED)
_14484_/C                               1.500000    3.809656   -2.309656 (VIOLATED)
_14574_/C                               1.500000    3.809657   -2.309657 (VIOLATED)
_14592_/C                               1.500000    3.809657   -2.309657 (VIOLATED)
_12744_/B1                              1.500000    3.809653   -2.309653 (VIOLATED)
_12893_/B1                              1.500000    3.809654   -2.309654 (VIOLATED)
_12977_/B1                              1.500000    3.809656   -2.309656 (VIOLATED)
_12997_/B1                              1.500000    3.809655   -2.309655 (VIOLATED)
_12944_/A1                              1.500000    3.809645   -2.309645 (VIOLATED)
_12813_/A1                              1.500000    3.809642   -2.309642 (VIOLATED)
_12856_/B2                              1.500000    3.809638   -2.309638 (VIOLATED)
_08404_/C                               1.500000    3.809635   -2.309635 (VIOLATED)
_08458_/C                               1.500000    3.809636   -2.309636 (VIOLATED)
_08512_/C                               1.500000    3.809636   -2.309636 (VIOLATED)
_12291_/A1                              1.500000    3.809635   -2.309635 (VIOLATED)
_13370_/B1                              1.500000    3.809633   -2.309634 (VIOLATED)
_13406_/B1                              1.500000    3.809635   -2.309635 (VIOLATED)
_13484_/B1                              1.500000    3.809636   -2.309636 (VIOLATED)
_13494_/B1                              1.500000    3.809635   -2.309635 (VIOLATED)
_13617_/B1                              1.500000    3.809635   -2.309635 (VIOLATED)
_13637_/B1                              1.500000    3.809634   -2.309634 (VIOLATED)
_13972_/C                               1.500000    3.809636   -2.309636 (VIOLATED)
_14412_/C                               1.500000    3.809636   -2.309636 (VIOLATED)
_14466_/C                               1.500000    3.809636   -2.309636 (VIOLATED)
_14520_/C                               1.500000    3.809636   -2.309636 (VIOLATED)
_14538_/C                               1.500000    3.809635   -2.309635 (VIOLATED)
_13568_/B1                              1.500000    3.809631   -2.309631 (VIOLATED)
_10798_/C                               1.500000    3.809609   -2.309609 (VIOLATED)
_14781_/C                               1.500000    3.809610   -2.309610 (VIOLATED)
_14556_/C                               1.500000    3.809607   -2.309607 (VIOLATED)
_08503_/C                               1.500000    3.809604   -2.309604 (VIOLATED)
_08521_/C                               1.500000    3.809606   -2.309606 (VIOLATED)
_12464_/B1                              1.500000    3.809603   -2.309603 (VIOLATED)
_12633_/B1                              1.500000    3.809603   -2.309603 (VIOLATED)
_12676_/B1                              1.500000    3.809604   -2.309604 (VIOLATED)
_08449_/C                               1.500000    3.809601   -2.309601 (VIOLATED)
_10780_/C                               1.500000    3.809601   -2.309601 (VIOLATED)
_08467_/C                               1.500000    3.809597   -2.309597 (VIOLATED)
_08494_/C                               1.500000    3.809595   -2.309595 (VIOLATED)
_12590_/B1                              1.500000    3.809595   -2.309595 (VIOLATED)
_12498_/B1                              1.500000    3.809592   -2.309592 (VIOLATED)
_14259_/C                               1.500000    3.809592   -2.309592 (VIOLATED)
_14448_/C                               1.500000    3.809594   -2.309594 (VIOLATED)
_08440_/C                               1.500000    3.809589   -2.309589 (VIOLATED)
_08485_/C                               1.500000    3.809589   -2.309589 (VIOLATED)
_12335_/A1                              1.500000    3.809589   -2.309589 (VIOLATED)
_12423_/A1                              1.500000    3.809587   -2.309587 (VIOLATED)
_12517_/B1                              1.500000    3.809589   -2.309589 (VIOLATED)
_13076_/B2                              1.500000    3.809588   -2.309588 (VIOLATED)
_13150_/B1                              1.500000    3.809590   -2.309590 (VIOLATED)
_13205_/B1                              1.500000    3.809590   -2.309590 (VIOLATED)
_13300_/A1                              1.500000    3.809590   -2.309590 (VIOLATED)
_13339_/B1                              1.500000    3.809589   -2.309589 (VIOLATED)
_13243_/B1                              1.500000    3.809586   -2.309586 (VIOLATED)
_14394_/C                               1.500000    3.809587   -2.309587 (VIOLATED)
_14610_/C                               1.500000    3.809590   -2.309590 (VIOLATED)
_14502_/C                               1.500000    3.809586   -2.309586 (VIOLATED)
_12355_/B1                              1.500000    3.809581   -2.309581 (VIOLATED)
_13122_/A1                              1.500000    3.809582   -2.309582 (VIOLATED)
_07927_/Y                               1.491871    3.746635   -2.254765 (VIOLATED)
_12753_/B1                              1.500000    3.746716   -2.246716 (VIOLATED)
_07945_/C                               1.500000    3.746713   -2.246713 (VIOLATED)
_10771_/C                               1.500000    3.746712   -2.246712 (VIOLATED)
_11154_/C                               1.500000    3.746713   -2.246713 (VIOLATED)
_12792_/B1                              1.500000    3.746714   -2.246714 (VIOLATED)
_12855_/A1                              1.500000    3.746716   -2.246716 (VIOLATED)
_12864_/B1                              1.500000    3.746716   -2.246716 (VIOLATED)
_12928_/B1                              1.500000    3.746714   -2.246714 (VIOLATED)
_12982_/B1                              1.500000    3.746715   -2.246715 (VIOLATED)
_13017_/B1                              1.500000    3.746715   -2.246715 (VIOLATED)
_11516_/B                               1.500000    3.746710   -2.246710 (VIOLATED)
_11751_/B                               1.500000    3.746710   -2.246710 (VIOLATED)
_12711_/B1                              1.500000    3.746711   -2.246711 (VIOLATED)
_13710_/C                               1.500000    3.746711   -2.246711 (VIOLATED)
_13525_/B1                              1.500000    3.746708   -2.246708 (VIOLATED)
_14340_/C                               1.500000    3.746710   -2.246710 (VIOLATED)
_14889_/B                               1.500000    3.746710   -2.246710 (VIOLATED)
_08431_/C                               1.500000    3.746706   -2.246706 (VIOLATED)
_11172_/C                               1.500000    3.746706   -2.246706 (VIOLATED)
_11471_/C                               1.500000    3.746706   -2.246706 (VIOLATED)
_12022_/B                               1.500000    3.746707   -2.246707 (VIOLATED)
_12262_/B1                              1.500000    3.746707   -2.246707 (VIOLATED)
_13361_/B1                              1.500000    3.746708   -2.246708 (VIOLATED)
_13432_/B1                              1.500000    3.746706   -2.246706 (VIOLATED)
_13450_/B1                              1.500000    3.746707   -2.246707 (VIOLATED)
_13563_/B1                              1.500000    3.746707   -2.246707 (VIOLATED)
_13597_/B1                              1.500000    3.746708   -2.246708 (VIOLATED)
_13632_/B1                              1.500000    3.746709   -2.246709 (VIOLATED)
_14232_/C                               1.500000    3.746707   -2.246707 (VIOLATED)
_14862_/B                               1.500000    3.746707   -2.246707 (VIOLATED)
_07928_/C                               1.500000    3.746703   -2.246703 (VIOLATED)
_11782_/B                               1.500000    3.746702   -2.246702 (VIOLATED)
_13076_/A1                              1.500000    3.746693   -2.246693 (VIOLATED)
_13131_/B1                              1.500000    3.746686   -2.246686 (VIOLATED)
_13324_/B1                              1.500000    3.746685   -2.246685 (VIOLATED)
_12346_/B1                              1.500000    3.746680   -2.246680 (VIOLATED)
_13210_/A1                              1.500000    3.746680   -2.246680 (VIOLATED)
_07954_/C                               1.500000    3.746677   -2.246677 (VIOLATED)
_11163_/C                               1.500000    3.746676   -2.246676 (VIOLATED)
_11462_/C                               1.500000    3.746677   -2.246677 (VIOLATED)
_11800_/B                               1.500000    3.746676   -2.246676 (VIOLATED)
_12184_/B                               1.500000    3.746676   -2.246676 (VIOLATED)
_13270_/B1                              1.500000    3.746677   -2.246677 (VIOLATED)
_13701_/C                               1.500000    3.746677   -2.246677 (VIOLATED)
_14358_/C                               1.500000    3.746675   -2.246675 (VIOLATED)
_14871_/B                               1.500000    3.746677   -2.246677 (VIOLATED)
_13091_/B1                              1.500000    3.746660   -2.246660 (VIOLATED)
_13253_/B1                              1.500000    3.746662   -2.246662 (VIOLATED)
_08276_/C                               1.500000    3.746649   -2.246649 (VIOLATED)
_11453_/C                               1.500000    3.746649   -2.246649 (VIOLATED)
_12333_/B1                              1.500000    3.746647   -2.246647 (VIOLATED)
_12406_/B1                              1.500000    3.746648   -2.246648 (VIOLATED)
_12449_/B1                              1.500000    3.746647   -2.246647 (VIOLATED)
_12484_/B1                              1.500000    3.746649   -2.246649 (VIOLATED)
_12537_/B1                              1.500000    3.746649   -2.246649 (VIOLATED)
_12575_/B1                              1.500000    3.746649   -2.246649 (VIOLATED)
_13728_/C                               1.500000    3.746649   -2.246649 (VIOLATED)
_14322_/C                               1.500000    3.746649   -2.246649 (VIOLATED)
_12604_/B1                              1.500000    3.746646   -2.246646 (VIOLATED)
_12657_/B1                              1.500000    3.746647   -2.246647 (VIOLATED)
_14349_/B                               1.500000    3.746649   -2.246649 (VIOLATED)
_14529_/C                               1.500000    3.746649   -2.246649 (VIOLATED)
_14646_/B                               1.500000    3.746649   -2.246649 (VIOLATED)
_14691_/B                               1.500000    3.746648   -2.246648 (VIOLATED)
_08203_/Y                               1.493456    3.676811   -2.183355 (VIOLATED)
_11145_/C                               1.500000    3.676899   -2.176899 (VIOLATED)
_11199_/C                               1.500000    3.676899   -2.176899 (VIOLATED)
_11226_/C                               1.500000    3.676898   -2.176898 (VIOLATED)
_11253_/C                               1.500000    3.676899   -2.176899 (VIOLATED)
_11262_/C                               1.500000    3.676898   -2.176898 (VIOLATED)
_13469_/B1                              1.500000    3.676898   -2.176898 (VIOLATED)
_13530_/B1                              1.500000    3.676898   -2.176898 (VIOLATED)
_13583_/B1                              1.500000    3.676898   -2.176898 (VIOLATED)
_14655_/C                               1.500000    3.676899   -2.176899 (VIOLATED)
_13548_/B1                              1.500000    3.676896   -2.176896 (VIOLATED)
_14718_/C                               1.500000    3.676897   -2.176897 (VIOLATED)
_14790_/C                               1.500000    3.676898   -2.176898 (VIOLATED)
_13416_/B1                              1.500000    3.676893   -2.176893 (VIOLATED)
_12292_/A1                              1.500000    3.676891   -2.176891 (VIOLATED)
_13627_/B1                              1.500000    3.676893   -2.176893 (VIOLATED)
_13396_/B2                              1.500000    3.676883   -2.176883 (VIOLATED)
_11181_/C                               1.500000    3.676856   -2.176856 (VIOLATED)
_12691_/B1                              1.500000    3.676857   -2.176858 (VIOLATED)
_12758_/B1                              1.500000    3.676859   -2.176859 (VIOLATED)
_12798_/B1                              1.500000    3.676859   -2.176859 (VIOLATED)
_12856_/A1                              1.500000    3.676860   -2.176860 (VIOLATED)
_12918_/B1                              1.500000    3.676858   -2.176858 (VIOLATED)
_13334_/B1                              1.500000    3.676859   -2.176859 (VIOLATED)
_12972_/B1                              1.500000    3.676856   -2.176856 (VIOLATED)
_13006_/B1                              1.500000    3.676857   -2.176857 (VIOLATED)
_13160_/B1                              1.500000    3.676858   -2.176858 (VIOLATED)
_11190_/C                               1.500000    3.676854   -2.176854 (VIOLATED)
_11208_/C                               1.500000    3.676856   -2.176856 (VIOLATED)
_11235_/C                               1.500000    3.676857   -2.176857 (VIOLATED)
_11271_/C                               1.500000    3.676857   -2.176857 (VIOLATED)
_14664_/C                               1.500000    3.676856   -2.176856 (VIOLATED)
_14808_/C                               1.500000    3.676856   -2.176856 (VIOLATED)
_11217_/C                               1.500000    3.676854   -2.176854 (VIOLATED)
_11244_/C                               1.500000    3.676852   -2.176852 (VIOLATED)
_11280_/C                               1.500000    3.676853   -2.176853 (VIOLATED)
_14673_/C                               1.500000    3.676853   -2.176853 (VIOLATED)
_14682_/C                               1.500000    3.676854   -2.176854 (VIOLATED)
_14700_/C                               1.500000    3.676856   -2.176856 (VIOLATED)
_14736_/C                               1.500000    3.676855   -2.176855 (VIOLATED)
_12883_/B1                              1.500000    3.676851   -2.176851 (VIOLATED)
_13096_/B1                              1.500000    3.676852   -2.176852 (VIOLATED)
_13195_/B1                              1.500000    3.676854   -2.176854 (VIOLATED)
_13285_/B1                              1.500000    3.676853   -2.176853 (VIOLATED)
_13238_/B1                              1.500000    3.676851   -2.176851 (VIOLATED)
_14754_/C                               1.500000    3.676853   -2.176853 (VIOLATED)
_14826_/C                               1.500000    3.676854   -2.176854 (VIOLATED)
_12375_/B1                              1.500000    3.676849   -2.176849 (VIOLATED)
_13077_/A1                              1.500000    3.676849   -2.176849 (VIOLATED)
_08204_/C                               1.500000    3.676838   -2.176838 (VIOLATED)
_12401_/B1                              1.500000    3.676839   -2.176839 (VIOLATED)
_08222_/C                               1.500000    3.676836   -2.176836 (VIOLATED)
_08258_/C                               1.500000    3.676837   -2.176837 (VIOLATED)
_08294_/C                               1.500000    3.676838   -2.176838 (VIOLATED)
_08330_/C                               1.500000    3.676837   -2.176837 (VIOLATED)
_12459_/B1                              1.500000    3.676838   -2.176838 (VIOLATED)
_12474_/B1                              1.500000    3.676837   -2.176837 (VIOLATED)
_12532_/B1                              1.500000    3.676838   -2.176838 (VIOLATED)
_12561_/B1                              1.500000    3.676838   -2.176838 (VIOLATED)
_12623_/B1                              1.500000    3.676837   -2.176837 (VIOLATED)
_14817_/C                               1.500000    3.676837   -2.176837 (VIOLATED)
_08240_/C                               1.500000    3.676835   -2.176835 (VIOLATED)
_08312_/C                               1.500000    3.676835   -2.176835 (VIOLATED)
_12299_/B1                              1.500000    3.676832   -2.176832 (VIOLATED)
_12681_/B1                              1.500000    3.676834   -2.176834 (VIOLATED)
_08339_/Y                               1.493456    3.653150   -2.159694 (VIOLATED)
_12696_/B1                              1.500000    3.653323   -2.153323 (VIOLATED)
_12878_/B1                              1.500000    3.653323   -2.153324 (VIOLATED)
_11316_/C                               1.500000    3.653320   -2.153321 (VIOLATED)
_11343_/C                               1.500000    3.653320   -2.153321 (VIOLATED)
_11397_/C                               1.500000    3.653319   -2.153319 (VIOLATED)
_12735_/B1                              1.500000    3.653321   -2.153321 (VIOLATED)
_12933_/B1                              1.500000    3.653323   -2.153323 (VIOLATED)
_12957_/B1                              1.500000    3.653323   -2.153323 (VIOLATED)
_12778_/B1                              1.500000    3.653320   -2.153320 (VIOLATED)
_11289_/C                               1.500000    3.653316   -2.153316 (VIOLATED)
_11525_/C                               1.500000    3.653318   -2.153318 (VIOLATED)
_12831_/B1                              1.500000    3.653317   -2.153317 (VIOLATED)
_13011_/B1                              1.500000    3.653318   -2.153318 (VIOLATED)
_11370_/C                               1.500000    3.653314   -2.153314 (VIOLATED)
_11426_/C                               1.500000    3.653314   -2.153314 (VIOLATED)
_11773_/C                               1.500000    3.653314   -2.153314 (VIOLATED)
_12454_/B1                              1.500000    3.653294   -2.153294 (VIOLATED)
_08340_/C                               1.500000    3.653290   -2.153290 (VIOLATED)
_08367_/C                               1.500000    3.653290   -2.153290 (VIOLATED)
_08376_/C                               1.500000    3.653291   -2.153291 (VIOLATED)
_08548_/C                               1.500000    3.653290   -2.153290 (VIOLATED)
_08566_/C                               1.500000    3.653292   -2.153292 (VIOLATED)
_08584_/C                               1.500000    3.653293   -2.153293 (VIOLATED)
_11534_/C                               1.500000    3.653291   -2.153291 (VIOLATED)
_12328_/B1                              1.500000    3.653291   -2.153291 (VIOLATED)
_12542_/B1                              1.500000    3.653291   -2.153291 (VIOLATED)
_12666_/B1                              1.500000    3.653291   -2.153291 (VIOLATED)
_14628_/C                               1.500000    3.653287   -2.153287 (VIOLATED)
_12503_/B1                              1.500000    3.653276   -2.153276 (VIOLATED)
_12595_/B1                              1.500000    3.653277   -2.153277 (VIOLATED)
_12614_/B1                              1.500000    3.653276   -2.153276 (VIOLATED)
_12291_/B2                              1.500000    3.653258   -2.153258 (VIOLATED)
_13574_/B2                              1.500000    3.653259   -2.153259 (VIOLATED)
_11307_/C                               1.500000    3.653255   -2.153255 (VIOLATED)
_13380_/B1                              1.500000    3.653257   -2.153257 (VIOLATED)
_13441_/B1                              1.500000    3.653258   -2.153258 (VIOLATED)
_13653_/B1                              1.500000    3.653258   -2.153258 (VIOLATED)
_11334_/C                               1.500000    3.653254   -2.153254 (VIOLATED)
_11417_/C                               1.500000    3.653255   -2.153255 (VIOLATED)
_11361_/C                               1.500000    3.653252   -2.153253 (VIOLATED)
_11388_/C                               1.500000    3.653253   -2.153253 (VIOLATED)
_11444_/C                               1.500000    3.653250   -2.153250 (VIOLATED)
_12422_/A1                              1.500000    3.653252   -2.153252 (VIOLATED)
_13459_/B1                              1.500000    3.653251   -2.153251 (VIOLATED)
_13520_/B1                              1.500000    3.653251   -2.153251 (VIOLATED)
_13612_/B1                              1.500000    3.653251   -2.153251 (VIOLATED)
_14763_/C                               1.500000    3.653247   -2.153247 (VIOLATED)
_12013_/C                               1.500000    3.653244   -2.153244 (VIOLATED)
_13280_/B1                              1.500000    3.653218   -2.153218 (VIOLATED)
_13186_/B1                              1.500000    3.653210   -2.153210 (VIOLATED)
_13319_/B1                              1.500000    3.653209   -2.153209 (VIOLATED)
_11298_/C                               1.500000    3.653204   -2.153204 (VIOLATED)
_11325_/C                               1.500000    3.653205   -2.153205 (VIOLATED)
_11408_/C                               1.500000    3.653207   -2.153207 (VIOLATED)
_13071_/B1                              1.500000    3.653206   -2.153206 (VIOLATED)
_11352_/C                               1.500000    3.653203   -2.153203 (VIOLATED)
_11435_/C                               1.500000    3.653205   -2.153205 (VIOLATED)
_12198_/C                               1.500000    3.653205   -2.153205 (VIOLATED)
_14772_/C                               1.500000    3.653205   -2.153205 (VIOLATED)
_11379_/C                               1.500000    3.653202   -2.153202 (VIOLATED)
_13101_/B1                              1.500000    3.653189   -2.153189 (VIOLATED)
_13155_/B1                              1.500000    3.653184   -2.153184 (VIOLATED)
_13255_/B2                              1.500000    3.653185   -2.153185 (VIOLATED)
_12365_/B1                              1.500000    3.653177   -2.153177 (VIOLATED)
_09565_/A1                              1.500000    3.621145   -2.121145 (VIOLATED)
_09603_/C1                              1.500000    3.621144   -2.121144 (VIOLATED)
_09656_/A1                              1.500000    3.621145   -2.121145 (VIOLATED)
_09643_/C1                              1.500000    3.621142   -2.121142 (VIOLATED)
_09679_/A1                              1.500000    3.621141   -2.121141 (VIOLATED)
_09698_/C1                              1.500000    3.621127   -2.121127 (VIOLATED)
_10722_/A1                              1.500000    3.621068   -2.121068 (VIOLATED)
_10738_/C1                              1.500000    3.621068   -2.121068 (VIOLATED)
_10424_/A1_N                            1.500000    3.621065   -2.121065 (VIOLATED)
_13868_/C                               1.500000    3.621067   -2.121067 (VIOLATED)
_10440_/C1                              1.500000    3.621065   -2.121065 (VIOLATED)
_10619_/C1                              1.500000    3.621067   -2.121067 (VIOLATED)
_10652_/A1                              1.500000    3.621067   -2.121067 (VIOLATED)
_10941_/A                               1.500000    3.621065   -2.121065 (VIOLATED)
_07505_/A                               1.500000    3.621063   -2.121063 (VIOLATED)
_08687_/C1                              1.500000    3.621063   -2.121064 (VIOLATED)
_09040_/A                               1.500000    3.621064   -2.121064 (VIOLATED)
_09061_/A                               1.500000    3.621063   -2.121063 (VIOLATED)
_09065_/C1                              1.500000    3.621062   -2.121062 (VIOLATED)
_09128_/C1                              1.500000    3.621063   -2.121063 (VIOLATED)
_09190_/C1                              1.500000    3.621063   -2.121063 (VIOLATED)
_09245_/S                               1.500000    3.621061   -2.121061 (VIOLATED)
_09261_/A1                              1.500000    3.621063   -2.121063 (VIOLATED)
_09262_/A1                              1.500000    3.621063   -2.121063 (VIOLATED)
_09326_/C1                              1.500000    3.621063   -2.121064 (VIOLATED)
_09333_/A1                              1.500000    3.621063   -2.121063 (VIOLATED)
_10552_/A1                              1.500000    3.621063   -2.121063 (VIOLATED)
_09941_/B1                              1.500000    3.621060   -2.121060 (VIOLATED)
_10363_/B1                              1.500000    3.621060   -2.121060 (VIOLATED)
_10482_/A1                              1.500000    3.621060   -2.121061 (VIOLATED)
_10586_/S                               1.500000    3.621062   -2.121062 (VIOLATED)
_10510_/S                               1.500000    3.621060   -2.121060 (VIOLATED)
_10607_/A1                              1.500000    3.621062   -2.121062 (VIOLATED)
_10676_/A1                              1.500000    3.621063   -2.121063 (VIOLATED)
_11042_/A                               1.500000    3.621062   -2.121062 (VIOLATED)
_13981_/A                               1.500000    3.621059   -2.121059 (VIOLATED)
_09023_/A                               1.500000    3.621057   -2.121057 (VIOLATED)
_09028_/A                               1.500000    3.621057   -2.121057 (VIOLATED)
_09030_/A                               1.500000    3.621057   -2.121057 (VIOLATED)
_09033_/A                               1.500000    3.621057   -2.121057 (VIOLATED)
_09306_/C1                              1.500000    3.621058   -2.121058 (VIOLATED)
_09316_/A                               1.500000    3.621058   -2.121058 (VIOLATED)
_09318_/A                               1.500000    3.621058   -2.121058 (VIOLATED)
_09387_/B1                              1.500000    3.621058   -2.121058 (VIOLATED)
_09434_/S                               1.500000    3.621059   -2.121059 (VIOLATED)
_09449_/B1                              1.500000    3.621058   -2.121058 (VIOLATED)
_09736_/A1                              1.500000    3.621059   -2.121059 (VIOLATED)
_09772_/C1                              1.500000    3.621060   -2.121060 (VIOLATED)
_10217_/A1                              1.500000    3.621060   -2.121060 (VIOLATED)
_09515_/B1                              1.500000    3.621054   -2.121054 (VIOLATED)
_10309_/B2                              1.500000    3.621056   -2.121056 (VIOLATED)
_10337_/A1                              1.500000    3.621057   -2.121057 (VIOLATED)
_09547_/S                               1.500000    3.621052   -2.121052 (VIOLATED)
_10837_/B                               1.500000    3.621053   -2.121053 (VIOLATED)
_09857_/S                               1.500000    3.621050   -2.121050 (VIOLATED)
_09866_/A1                              1.500000    3.621050   -2.121050 (VIOLATED)
_09906_/S                               1.500000    3.621051   -2.121051 (VIOLATED)
_09917_/A1                              1.500000    3.621051   -2.121051 (VIOLATED)
_10012_/S                               1.500000    3.621052   -2.121052 (VIOLATED)
_10022_/A1                              1.500000    3.621051   -2.121051 (VIOLATED)
_10062_/S                               1.500000    3.621052   -2.121052 (VIOLATED)
_10070_/A1                              1.500000    3.621052   -2.121052 (VIOLATED)
_10110_/C1                              1.500000    3.621052   -2.121052 (VIOLATED)
_10127_/A1                              1.500000    3.621053   -2.121053 (VIOLATED)
_10172_/C1                              1.500000    3.621050   -2.121051 (VIOLATED)
_10182_/A1                              1.500000    3.621053   -2.121053 (VIOLATED)
_10279_/S                               1.500000    3.621053   -2.121053 (VIOLATED)
_10287_/A1                              1.500000    3.621053   -2.121053 (VIOLATED)
_11043_/A                               1.500000    3.621051   -2.121051 (VIOLATED)
_08684_/A                               1.500000    3.621046   -2.121046 (VIOLATED)
_09804_/C1                              1.500000    3.621046   -2.121046 (VIOLATED)
_09817_/A1                              1.500000    3.621046   -2.121046 (VIOLATED)
_10942_/A                               1.500000    3.621046   -2.121046 (VIOLATED)
_10943_/A                               1.500000    3.621046   -2.121046 (VIOLATED)
_11044_/A                               1.500000    3.621046   -2.121046 (VIOLATED)
_13984_/A                               1.500000    3.621046   -2.121046 (VIOLATED)
_14085_/A                               1.500000    3.621046   -2.121046 (VIOLATED)
_16822_/Q                               1.503529    3.621046   -2.117517 (VIOLATED)
_11406_/A                               1.500000    3.264549   -1.764549 (VIOLATED)
_11489_/A                               1.500000    3.264548   -1.764548 (VIOLATED)
_11490_/A                               1.500000    3.264549   -1.764549 (VIOLATED)
_11492_/A                               1.500000    3.264549   -1.764549 (VIOLATED)
_11491_/A                               1.500000    3.264545   -1.764545 (VIOLATED)
_12048_/A                               1.500000    3.264544   -1.764544 (VIOLATED)
_12034_/A                               1.500000    3.264542   -1.764542 (VIOLATED)
_12008_/A                               1.500000    3.264540   -1.764540 (VIOLATED)
_12040_/A                               1.500000    3.264539   -1.764539 (VIOLATED)
_09518_/A                               1.500000    3.264532   -1.764532 (VIOLATED)
_09133_/A                               1.500000    3.264527   -1.764527 (VIOLATED)
_09139_/A                               1.500000    3.264527   -1.764527 (VIOLATED)
_09201_/A                               1.500000    3.264526   -1.764526 (VIOLATED)
_09270_/A                               1.500000    3.264524   -1.764524 (VIOLATED)
_11493_/A                               1.500000    3.264518   -1.764518 (VIOLATED)
_07567_/A                               1.500000    3.264514   -1.764515 (VIOLATED)
_11548_/A                               1.500000    3.264514   -1.764514 (VIOLATED)
_11569_/A                               1.500000    3.264515   -1.764515 (VIOLATED)
_11748_/B1                              1.500000    3.264514   -1.764514 (VIOLATED)
_13667_/A                               1.500000    3.264514   -1.764515 (VIOLATED)
_11494_/A                               1.500000    3.264511   -1.764511 (VIOLATED)
_11860_/B                               1.500000    3.264511   -1.764511 (VIOLATED)
_11861_/B                               1.500000    3.264509   -1.764509 (VIOLATED)
_11862_/B                               1.500000    3.264511   -1.764511 (VIOLATED)
_09014_/B                               1.500000    3.264502   -1.764502 (VIOLATED)
_09140_/A1                              1.500000    3.264504   -1.764504 (VIOLATED)
_09210_/A1                              1.500000    3.264503   -1.764503 (VIOLATED)
_09280_/A1                              1.500000    3.264502   -1.764502 (VIOLATED)
_09345_/A1                              1.500000    3.264502   -1.764502 (VIOLATED)
_11496_/A                               1.500000    3.264503   -1.764503 (VIOLATED)
_09567_/B1                              1.500000    3.264500   -1.764500 (VIOLATED)
_11499_/A                               1.500000    3.264501   -1.764501 (VIOLATED)
_11498_/A                               1.500000    3.264497   -1.764497 (VIOLATED)
_11497_/A                               1.500000    3.264493   -1.764493 (VIOLATED)
_11495_/A                               1.500000    3.264487   -1.764487 (VIOLATED)
_11897_/A                               1.500000    3.264479   -1.764480 (VIOLATED)
_11894_/A                               1.500000    3.264462   -1.764463 (VIOLATED)
_11879_/B                               1.500000    3.264448   -1.764448 (VIOLATED)
_11857_/B                               1.500000    3.264446   -1.764446 (VIOLATED)
_11866_/B                               1.500000    3.264446   -1.764447 (VIOLATED)
_11871_/B                               1.500000    3.264448   -1.764448 (VIOLATED)
_11873_/B                               1.500000    3.264446   -1.764446 (VIOLATED)
_11874_/B                               1.500000    3.264447   -1.764447 (VIOLATED)
_11915_/B                               1.500000    3.264447   -1.764447 (VIOLATED)
_11859_/B                               1.500000    3.264444   -1.764444 (VIOLATED)
_11867_/B                               1.500000    3.264446   -1.764446 (VIOLATED)
_11870_/B                               1.500000    3.264445   -1.764445 (VIOLATED)
_11901_/A                               1.500000    3.264446   -1.764446 (VIOLATED)
_11858_/B                               1.500000    3.264443   -1.764443 (VIOLATED)
_11868_/B                               1.500000    3.264442   -1.764442 (VIOLATED)
_11869_/B                               1.500000    3.264441   -1.764441 (VIOLATED)
_11876_/B                               1.500000    3.264441   -1.764441 (VIOLATED)
_11877_/B                               1.500000    3.264441   -1.764441 (VIOLATED)
_11881_/B                               1.500000    3.264442   -1.764442 (VIOLATED)
_11895_/A                               1.500000    3.264437   -1.764437 (VIOLATED)
_11902_/A                               1.500000    3.264437   -1.764437 (VIOLATED)
_11907_/A                               1.500000    3.264435   -1.764435 (VIOLATED)
_11903_/A                               1.500000    3.264432   -1.764432 (VIOLATED)
_11904_/A                               1.500000    3.264433   -1.764433 (VIOLATED)
_11905_/A                               1.500000    3.264432   -1.764432 (VIOLATED)
_11909_/A                               1.500000    3.264432   -1.764432 (VIOLATED)
_12197_/A                               1.500000    3.264422   -1.764422 (VIOLATED)
_11890_/A                               1.500000    3.264418   -1.764418 (VIOLATED)
_11891_/A                               1.500000    3.264418   -1.764418 (VIOLATED)
_11910_/A                               1.500000    3.264418   -1.764418 (VIOLATED)
_12193_/A                               1.500000    3.264419   -1.764419 (VIOLATED)
_12195_/A                               1.500000    3.264419   -1.764419 (VIOLATED)
_09748_/A1                              1.500000    3.264411   -1.764411 (VIOLATED)
_09878_/A1                              1.500000    3.264412   -1.764412 (VIOLATED)
_09929_/B1                              1.500000    3.264413   -1.764413 (VIOLATED)
_09955_/A1                              1.500000    3.264413   -1.764413 (VIOLATED)
_10035_/A1                              1.500000    3.264413   -1.764413 (VIOLATED)
_10839_/A2                              1.500000    3.264413   -1.764413 (VIOLATED)
_10840_/A2                              1.500000    3.264413   -1.764413 (VIOLATED)
_11892_/A                               1.500000    3.264414   -1.764414 (VIOLATED)
_09017_/A1                              1.500000    3.264408   -1.764408 (VIOLATED)
_09407_/A1                              1.500000    3.264408   -1.764408 (VIOLATED)
_09465_/A1                              1.500000    3.264408   -1.764408 (VIOLATED)
_09829_/A1                              1.500000    3.264409   -1.764409 (VIOLATED)
_12196_/A                               1.500000    3.264409   -1.764409 (VIOLATED)
_09522_/A1                              1.500000    3.264407   -1.764407 (VIOLATED)
_09667_/A1                              1.500000    3.264406   -1.764406 (VIOLATED)
_09692_/A1                              1.500000    3.264405   -1.764405 (VIOLATED)
_12194_/A                               1.500000    3.264405   -1.764406 (VIOLATED)
_11500_/A                               1.500000    3.264402   -1.764402 (VIOLATED)
_10141_/A1                              1.500000    3.264400   -1.764400 (VIOLATED)
_11501_/A                               1.500000    3.264401   -1.764401 (VIOLATED)
_11504_/A                               1.500000    3.264400   -1.764400 (VIOLATED)
_11899_/A                               1.500000    3.264401   -1.764401 (VIOLATED)
_09037_/B1                              1.500000    3.264398   -1.764398 (VIOLATED)
_10185_/C1                              1.500000    3.264400   -1.764400 (VIOLATED)
_09058_/B1                              1.500000    3.264397   -1.764397 (VIOLATED)
_11502_/A                               1.500000    3.264398   -1.764398 (VIOLATED)
_11888_/A                               1.500000    3.264397   -1.764397 (VIOLATED)
_11889_/A                               1.500000    3.264398   -1.764398 (VIOLATED)
_10083_/A1                              1.500000    3.264395   -1.764395 (VIOLATED)
_10229_/A1                              1.500000    3.264395   -1.764394 (VIOLATED)
_10298_/A1                              1.500000    3.264395   -1.764394 (VIOLATED)
_11503_/A                               1.500000    3.264395   -1.764395 (VIOLATED)
_10366_/B1                              1.500000    3.264392   -1.764392 (VIOLATED)
_10375_/A1                              1.500000    3.264394   -1.764394 (VIOLATED)
_11505_/A                               1.500000    3.264392   -1.764392 (VIOLATED)
_07557_/A                               1.500000    3.264388   -1.764388 (VIOLATED)
_10485_/A                               1.500000    3.264388   -1.764388 (VIOLATED)
_10556_/A                               1.500000    3.264388   -1.764388 (VIOLATED)
_10609_/A                               1.500000    3.264388   -1.764388 (VIOLATED)
_10614_/A1                              1.500000    3.264388   -1.764388 (VIOLATED)
_10664_/A1                              1.500000    3.264388   -1.764388 (VIOLATED)
_10687_/A1                              1.500000    3.264388   -1.764388 (VIOLATED)
_10723_/A                               1.500000    3.264388   -1.764388 (VIOLATED)
_10724_/A                               1.500000    3.264388   -1.764388 (VIOLATED)
_10735_/A1                              1.500000    3.264388   -1.764388 (VIOLATED)
_11506_/A                               1.500000    3.264388   -1.764388 (VIOLATED)
_11507_/A                               1.500000    3.264388   -1.764388 (VIOLATED)
_11508_/A                               1.500000    3.264388   -1.764388 (VIOLATED)
_11509_/A                               1.500000    3.264388   -1.764388 (VIOLATED)
_11510_/A                               1.500000    3.264388   -1.764388 (VIOLATED)
_11511_/A                               1.500000    3.264388   -1.764388 (VIOLATED)
_11512_/A                               1.500000    3.264388   -1.764388 (VIOLATED)
_11513_/A                               1.500000    3.264388   -1.764388 (VIOLATED)
_07556_/X                               1.508913    3.264388   -1.755475 (VIOLATED)
_08677_/Y                               1.495257    3.088163   -1.592906 (VIOLATED)
_09859_/B1_N                            1.500000    3.088430   -1.588430 (VIOLATED)
_09860_/A1                              1.500000    3.088430   -1.588430 (VIOLATED)
_09910_/S                               1.500000    3.088429   -1.588429 (VIOLATED)
_09981_/S                               1.500000    3.088428   -1.588428 (VIOLATED)
_10016_/S                               1.500000    3.088424   -1.588424 (VIOLATED)
_10064_/S                               1.500000    3.088425   -1.588425 (VIOLATED)
_10175_/S                               1.500000    3.088421   -1.588421 (VIOLATED)
_10119_/S                               1.500000    3.088416   -1.588416 (VIOLATED)
_09312_/B1                              1.500000    3.088405   -1.588405 (VIOLATED)
_09313_/A1                              1.500000    3.088405   -1.588405 (VIOLATED)
_09375_/A1                              1.500000    3.088405   -1.588405 (VIOLATED)
_09436_/B1_N                            1.500000    3.088405   -1.588405 (VIOLATED)
_09437_/A1                              1.500000    3.088405   -1.588405 (VIOLATED)
_09493_/B1_N                            1.500000    3.088404   -1.588404 (VIOLATED)
_09182_/A1                              1.500000    3.088402   -1.588402 (VIOLATED)
_09247_/B1_N                            1.500000    3.088403   -1.588403 (VIOLATED)
_09248_/A1                              1.500000    3.088403   -1.588403 (VIOLATED)
_09494_/A1                              1.500000    3.088403   -1.588403 (VIOLATED)
_08681_/A1                              1.500000    3.088398   -1.588398 (VIOLATED)
_08682_/S                               1.500000    3.088399   -1.588399 (VIOLATED)
_09610_/B1                              1.500000    3.088397   -1.588397 (VIOLATED)
_10834_/A1                              1.500000    3.088398   -1.588398 (VIOLATED)
_10835_/A1                              1.500000    3.088399   -1.588399 (VIOLATED)
_09775_/S                               1.500000    3.088395   -1.588395 (VIOLATED)
_09811_/A1                              1.500000    3.088396   -1.588396 (VIOLATED)
_08680_/S                               1.500000    3.088392   -1.588392 (VIOLATED)
_09801_/A_N                             1.500000    3.088393   -1.588393 (VIOLATED)
_09181_/A_N                             1.500000    3.088390   -1.588390 (VIOLATED)
_09551_/S                               1.500000    3.088389   -1.588389 (VIOLATED)
_09611_/B2                              1.500000    3.088390   -1.588390 (VIOLATED)
_09649_/B1_N                            1.500000    3.088391   -1.588391 (VIOLATED)
_09650_/A1                              1.500000    3.088390   -1.588390 (VIOLATED)
_09703_/B                               1.500000    3.088389   -1.588390 (VIOLATED)
_09722_/B2                              1.500000    3.088391   -1.588391 (VIOLATED)
_09369_/A_N                             1.500000    3.088384   -1.588384 (VIOLATED)
_09119_/S                               1.500000    3.088362   -1.588362 (VIOLATED)
_10256_/A1                              1.500000    3.088355   -1.588355 (VIOLATED)
_10281_/S                               1.500000    3.088355   -1.588355 (VIOLATED)
_10403_/S                               1.500000    3.088353   -1.588353 (VIOLATED)
_10330_/S                               1.500000    3.088350   -1.588350 (VIOLATED)
_09009_/S                               1.500000    3.088346   -1.588346 (VIOLATED)
_10513_/A                               1.500000    3.088346   -1.588346 (VIOLATED)
_10514_/A1                              1.500000    3.088347   -1.588347 (VIOLATED)
_10537_/S                               1.500000    3.088344   -1.588344 (VIOLATED)
_10590_/B1                              1.500000    3.088343   -1.588343 (VIOLATED)
_10591_/A1                              1.500000    3.088343   -1.588343 (VIOLATED)
_10627_/B1                              1.500000    3.088332   -1.588332 (VIOLATED)
_10713_/A                               1.500000    3.088328   -1.588328 (VIOLATED)
_10255_/A_N                             1.500000    3.088322   -1.588322 (VIOLATED)
_10464_/S                               1.500000    3.088323   -1.588323 (VIOLATED)
_10645_/A1                              1.500000    3.088324   -1.588324 (VIOLATED)
_10714_/A1                              1.500000    3.088323   -1.588323 (VIOLATED)
_10755_/A                               1.500000    3.088312   -1.588312 (VIOLATED)
_10756_/A1                              1.500000    3.088304   -1.588304 (VIOLATED)
_09187_/A_N                             1.500000    3.073691   -1.573691 (VIOLATED)
_09188_/A1                              1.500000    3.073691   -1.573691 (VIOLATED)
_09189_/S                               1.500000    3.073691   -1.573691 (VIOLATED)
_09191_/S0                              1.500000    3.073691   -1.573691 (VIOLATED)
_09125_/A_N                             1.500000    3.073689   -1.573689 (VIOLATED)
_09126_/A1                              1.500000    3.073689   -1.573689 (VIOLATED)
_09127_/S                               1.500000    3.073689   -1.573689 (VIOLATED)
_09129_/S0                              1.500000    3.073687   -1.573687 (VIOLATED)
_09560_/S0                              1.500000    3.073677   -1.573677 (VIOLATED)
_09563_/S                               1.500000    3.073673   -1.573673 (VIOLATED)
_09561_/S                               1.500000    3.073671   -1.573671 (VIOLATED)
_09652_/B                               1.500000    3.073664   -1.573664 (VIOLATED)
_09653_/A1                              1.500000    3.073664   -1.573664 (VIOLATED)
_09655_/S0                              1.500000    3.073665   -1.573665 (VIOLATED)
_09651_/S                               1.500000    3.073660   -1.573660 (VIOLATED)
_09674_/S                               1.500000    3.073649   -1.573649 (VIOLATED)
_09678_/S0                              1.500000    3.073650   -1.573650 (VIOLATED)
_09675_/B                               1.500000    3.073648   -1.573648 (VIOLATED)
_09676_/A1                              1.500000    3.073648   -1.573648 (VIOLATED)
_09323_/A_N                             1.500000    3.073642   -1.573642 (VIOLATED)
_09324_/A1                              1.500000    3.073642   -1.573643 (VIOLATED)
_09325_/S                               1.500000    3.073642   -1.573642 (VIOLATED)
_09327_/S0                              1.500000    3.073643   -1.573643 (VIOLATED)
_09257_/B                               1.500000    3.073639   -1.573639 (VIOLATED)
_09258_/A1                              1.500000    3.073639   -1.573640 (VIOLATED)
_09260_/S0                              1.500000    3.073638   -1.573639 (VIOLATED)
_09256_/S                               1.500000    3.073637   -1.573637 (VIOLATED)
_09039_/S0                              1.500000    3.073629   -1.573629 (VIOLATED)
_09446_/S                               1.500000    3.073628   -1.573628 (VIOLATED)
_09448_/S                               1.500000    3.073628   -1.573628 (VIOLATED)
_09384_/S                               1.500000    3.073626   -1.573626 (VIOLATED)
_09386_/S                               1.500000    3.073627   -1.573627 (VIOLATED)
_09450_/S0                              1.500000    3.073626   -1.573626 (VIOLATED)
_09038_/S0                              1.500000    3.073624   -1.573624 (VIOLATED)
_09388_/S0                              1.500000    3.073622   -1.573622 (VIOLATED)
_09060_/S0                              1.500000    3.073600   -1.573600 (VIOLATED)
_09735_/S0                              1.500000    3.073599   -1.573599 (VIOLATED)
_09731_/S                               1.500000    3.073593   -1.573593 (VIOLATED)
_09732_/B                               1.500000    3.073593   -1.573593 (VIOLATED)
_09733_/A1                              1.500000    3.073593   -1.573593 (VIOLATED)
_09059_/S0                              1.500000    3.073581   -1.573581 (VIOLATED)
_09938_/S                               1.500000    3.073572   -1.573572 (VIOLATED)
_09940_/S                               1.500000    3.073572   -1.573572 (VIOLATED)
_10419_/S0                              1.500000    3.073568   -1.573568 (VIOLATED)
_10422_/S                               1.500000    3.073569   -1.573569 (VIOLATED)
_10420_/S                               1.500000    3.073567   -1.573567 (VIOLATED)
_09942_/S0                              1.500000    3.073560   -1.573560 (VIOLATED)
_09913_/B                               1.500000    3.073538   -1.573538 (VIOLATED)
_09914_/A1                              1.500000    3.073537   -1.573537 (VIOLATED)
_10717_/S                               1.500000    3.073538   -1.573538 (VIOLATED)
_10718_/B                               1.500000    3.073537   -1.573537 (VIOLATED)
_10719_/A1                              1.500000    3.073537   -1.573537 (VIOLATED)
_10721_/S0                              1.500000    3.073538   -1.573538 (VIOLATED)
_10647_/S                               1.500000    3.073535   -1.573535 (VIOLATED)
_09512_/S                               1.500000    3.073533   -1.573533 (VIOLATED)
_09514_/S                               1.500000    3.073533   -1.573533 (VIOLATED)
_09516_/S0                              1.500000    3.073533   -1.573533 (VIOLATED)
_09912_/S                               1.500000    3.073534   -1.573534 (VIOLATED)
_10648_/A                               1.500000    3.073534   -1.573534 (VIOLATED)
_10649_/A1                              1.500000    3.073533   -1.573533 (VIOLATED)
_10651_/S0                              1.500000    3.073529   -1.573530 (VIOLATED)
_09865_/S0                              1.500000    3.073528   -1.573528 (VIOLATED)
_09916_/S0                              1.500000    3.073526   -1.573526 (VIOLATED)
_09861_/S                               1.500000    3.073522   -1.573522 (VIOLATED)
_09862_/B                               1.500000    3.073522   -1.573522 (VIOLATED)
_09863_/A1                              1.500000    3.073522   -1.573522 (VIOLATED)
_10839_/A1                              1.500000    3.073515   -1.573515 (VIOLATED)
_10840_/A1                              1.500000    3.073515   -1.573515 (VIOLATED)
_10017_/S0                              1.500000    3.073512   -1.573512 (VIOLATED)
_10018_/S                               1.500000    3.073512   -1.573512 (VIOLATED)
_10020_/S                               1.500000    3.073510   -1.573511 (VIOLATED)
_10069_/S0                              1.500000    3.073502   -1.573502 (VIOLATED)
_09812_/S                               1.500000    3.073487   -1.573487 (VIOLATED)
_09813_/B                               1.500000    3.073488   -1.573488 (VIOLATED)
_09814_/A1                              1.500000    3.073488   -1.573488 (VIOLATED)
_10177_/S                               1.500000    3.073488   -1.573488 (VIOLATED)
_09816_/S0                              1.500000    3.073487   -1.573487 (VIOLATED)
_09011_/A                               1.500000    3.073485   -1.573485 (VIOLATED)
_10675_/S0                              1.500000    3.073484   -1.573484 (VIOLATED)
_10122_/S                               1.500000    3.073480   -1.573480 (VIOLATED)
_10123_/B                               1.500000    3.073480   -1.573480 (VIOLATED)
_10065_/S                               1.500000    3.073478   -1.573478 (VIOLATED)
_10066_/B                               1.500000    3.073478   -1.573478 (VIOLATED)
_10124_/A1                              1.500000    3.073480   -1.573480 (VIOLATED)
_10126_/S0                              1.500000    3.073481   -1.573481 (VIOLATED)
_10178_/B                               1.500000    3.073481   -1.573481 (VIOLATED)
_10067_/A1                              1.500000    3.073478   -1.573478 (VIOLATED)
_10179_/A1                              1.500000    3.073477   -1.573477 (VIOLATED)
_10332_/S                               1.500000    3.073475   -1.573475 (VIOLATED)
_10333_/B                               1.500000    3.073474   -1.573474 (VIOLATED)
_10334_/A1                              1.500000    3.073473   -1.573473 (VIOLATED)
_10336_/S0                              1.500000    3.073469   -1.573469 (VIOLATED)
_10181_/S0                              1.500000    3.073467   -1.573467 (VIOLATED)
_10671_/S                               1.500000    3.073465   -1.573465 (VIOLATED)
_10672_/B                               1.500000    3.073464   -1.573465 (VIOLATED)
_10477_/S                               1.500000    3.073462   -1.573462 (VIOLATED)
_10478_/B                               1.500000    3.073462   -1.573462 (VIOLATED)
_10479_/A1                              1.500000    3.073462   -1.573462 (VIOLATED)
_10673_/A1                              1.500000    3.073463   -1.573463 (VIOLATED)
_10481_/S0                              1.500000    3.073453   -1.573453 (VIOLATED)
_10282_/S                               1.500000    3.073443   -1.573443 (VIOLATED)
_10286_/S0                              1.500000    3.073444   -1.573444 (VIOLATED)
_10603_/B                               1.500000    3.073444   -1.573444 (VIOLATED)
_10604_/A1                              1.500000    3.073444   -1.573444 (VIOLATED)
_10283_/B                               1.500000    3.073442   -1.573442 (VIOLATED)
_10284_/A1                              1.500000    3.073441   -1.573441 (VIOLATED)
_10602_/S                               1.500000    3.073438   -1.573438 (VIOLATED)
_10606_/S0                              1.500000    3.073435   -1.573435 (VIOLATED)
_10216_/S0                              1.500000    3.073428   -1.573428 (VIOLATED)
_10362_/S                               1.500000    3.073419   -1.573419 (VIOLATED)
_10360_/S                               1.500000    3.073416   -1.573416 (VIOLATED)
_10364_/S0                              1.500000    3.073416   -1.573416 (VIOLATED)
_10212_/S                               1.500000    3.073413   -1.573413 (VIOLATED)
_10213_/B                               1.500000    3.073412   -1.573413 (VIOLATED)
_10214_/A1                              1.500000    3.073411   -1.573411 (VIOLATED)
_10548_/B                               1.500000    3.073407   -1.573407 (VIOLATED)
_10549_/A1                              1.500000    3.073407   -1.573407 (VIOLATED)
_10551_/S0                              1.500000    3.073407   -1.573407 (VIOLATED)
_10547_/S                               1.500000    3.073402   -1.573403 (VIOLATED)
_12248_/B                               1.500000    3.073402   -1.573403 (VIOLATED)
_12249_/A1                              1.500000    3.073402   -1.573403 (VIOLATED)
_12250_/A1                              1.500000    3.073402   -1.573403 (VIOLATED)
_16820_/Q                               1.503529    3.073402   -1.569874 (VIOLATED)
_11673_/A1                              1.500000    2.746558   -1.246558 (VIOLATED)
_11675_/A1                              1.500000    2.746557   -1.246557 (VIOLATED)
_11669_/A1                              1.500000    2.746556   -1.246556 (VIOLATED)
_11679_/A1                              1.500000    2.746550   -1.246550 (VIOLATED)
_11651_/A1                              1.500000    2.746533   -1.246533 (VIOLATED)
_11665_/A1                              1.500000    2.746499   -1.246499 (VIOLATED)
_11677_/A1                              1.500000    2.746486   -1.246486 (VIOLATED)
_11657_/A1                              1.500000    2.746434   -1.246435 (VIOLATED)
_11659_/A1                              1.500000    2.746372   -1.246373 (VIOLATED)
_11729_/A1                              1.500000    2.746312   -1.246312 (VIOLATED)
_11671_/A1                              1.500000    2.746286   -1.246286 (VIOLATED)
_11739_/A1                              1.500000    2.746274   -1.246274 (VIOLATED)
_11747_/A1                              1.500000    2.746272   -1.246272 (VIOLATED)
_11741_/A1                              1.500000    2.746257   -1.246257 (VIOLATED)
_11727_/A1                              1.500000    2.746252   -1.246252 (VIOLATED)
_11735_/A1                              1.500000    2.746237   -1.246237 (VIOLATED)
_11737_/A1                              1.500000    2.746208   -1.246208 (VIOLATED)
_11745_/A1                              1.500000    2.746184   -1.246184 (VIOLATED)
_11743_/A1                              1.500000    2.746167   -1.246167 (VIOLATED)
_11733_/A1                              1.500000    2.746147   -1.246147 (VIOLATED)
_11721_/A1                              1.500000    2.746032   -1.246032 (VIOLATED)
_11619_/A1                              1.500000    2.745886   -1.245886 (VIOLATED)
_11717_/A1                              1.500000    2.745775   -1.245775 (VIOLATED)
_11663_/A1                              1.500000    2.745727   -1.245727 (VIOLATED)
_11681_/A1                              1.500000    2.745717   -1.245717 (VIOLATED)
_11661_/A1                              1.500000    2.745707   -1.245707 (VIOLATED)
_11637_/A1                              1.500000    2.745688   -1.245688 (VIOLATED)
_11715_/A1                              1.500000    2.745560   -1.245561 (VIOLATED)
_11725_/A1                              1.500000    2.745562   -1.245562 (VIOLATED)
_11697_/A1                              1.500000    2.745549   -1.245549 (VIOLATED)
_11687_/A1                              1.500000    2.745538   -1.245538 (VIOLATED)
_11719_/A1                              1.500000    2.745538   -1.245538 (VIOLATED)
_11693_/A1                              1.500000    2.745522   -1.245522 (VIOLATED)
_11691_/A1                              1.500000    2.745479   -1.245479 (VIOLATED)
_11695_/A1                              1.500000    2.745475   -1.245475 (VIOLATED)
_11699_/A1                              1.500000    2.745469   -1.245469 (VIOLATED)
_11621_/A1                              1.500000    2.745461   -1.245461 (VIOLATED)
_11723_/A1                              1.500000    2.745456   -1.245456 (VIOLATED)
_11667_/A1                              1.500000    2.745450   -1.245450 (VIOLATED)
_11629_/A1                              1.500000    2.745445   -1.245445 (VIOLATED)
_11653_/A1                              1.500000    2.745435   -1.245435 (VIOLATED)
_11703_/A1                              1.500000    2.745427   -1.245427 (VIOLATED)
_11635_/A1                              1.500000    2.745421   -1.245421 (VIOLATED)
_11645_/A1                              1.500000    2.745418   -1.245418 (VIOLATED)
_11641_/A1                              1.500000    2.745412   -1.245412 (VIOLATED)
_11649_/A1                              1.500000    2.745397   -1.245397 (VIOLATED)
_11633_/A1                              1.500000    2.745396   -1.245396 (VIOLATED)
_11647_/A1                              1.500000    2.745390   -1.245390 (VIOLATED)
_11709_/A1                              1.500000    2.745377   -1.245377 (VIOLATED)
_11701_/A1                              1.500000    2.745364   -1.245364 (VIOLATED)
_11643_/A1                              1.500000    2.745304   -1.245304 (VIOLATED)
_11639_/A1                              1.500000    2.745300   -1.245300 (VIOLATED)
_11707_/A1                              1.500000    2.745290   -1.245290 (VIOLATED)
_11713_/A1                              1.500000    2.745268   -1.245268 (VIOLATED)
_11711_/A1                              1.500000    2.745260   -1.245260 (VIOLATED)
_11623_/A1                              1.500000    2.745227   -1.245227 (VIOLATED)
_11689_/A1                              1.500000    2.745213   -1.245213 (VIOLATED)
_11685_/A1                              1.500000    2.745139   -1.245139 (VIOLATED)
_11705_/A1                              1.500000    2.745128   -1.245128 (VIOLATED)
_11631_/A1                              1.500000    2.745042   -1.245042 (VIOLATED)
_11655_/A1                              1.500000    2.744762   -1.244762 (VIOLATED)
_11731_/A1                              1.500000    2.744545   -1.244545 (VIOLATED)
_11627_/A1                              1.500000    2.744540   -1.244540 (VIOLATED)
_11625_/A1                              1.500000    2.744534   -1.244534 (VIOLATED)
_07612_/A                               1.500000    2.740348   -1.240348 (VIOLATED)
_07611_/A                               1.500000    2.739081   -1.239081 (VIOLATED)
_07506_/Y                               1.497817    2.735949   -1.238132 (VIOLATED)
_07610_/A                               1.500000    2.737895   -1.237895 (VIOLATED)
_07609_/A                               1.500000    2.737719   -1.237719 (VIOLATED)
_07608_/A                               1.500000    2.736943   -1.236943 (VIOLATED)
_09012_/A1                              1.500000    2.736355   -1.236355 (VIOLATED)
_09013_/A1                              1.500000    2.736355   -1.236355 (VIOLATED)
_09806_/A1                              1.500000    2.736354   -1.236354 (VIOLATED)
_10306_/A1                              1.500000    2.736356   -1.236356 (VIOLATED)
_10109_/A1                              1.500000    2.736354   -1.236354 (VIOLATED)
_10112_/A1                              1.500000    2.736354   -1.236354 (VIOLATED)
_09803_/A1                              1.500000    2.736352   -1.236352 (VIOLATED)
_10838_/A                               1.500000    2.736351   -1.236351 (VIOLATED)
_10737_/A1                              1.500000    2.736338   -1.236338 (VIOLATED)
_07605_/A                               1.500000    2.736336   -1.236336 (VIOLATED)
_08686_/A1                              1.500000    2.736333   -1.236333 (VIOLATED)
_08689_/A1                              1.500000    2.736333   -1.236333 (VIOLATED)
_09697_/A1                              1.500000    2.736332   -1.236332 (VIOLATED)
_09694_/A1                              1.500000    2.736327   -1.236327 (VIOLATED)
_09606_/A                               1.500000    2.736321   -1.236321 (VIOLATED)
_09645_/A1                              1.500000    2.736320   -1.236320 (VIOLATED)
_07604_/A                               1.500000    2.736191   -1.236191 (VIOLATED)
_07598_/B                               1.500000    2.735949   -1.235949 (VIOLATED)
_08974_/S                               1.500000    2.708356   -1.208356 (VIOLATED)
_08975_/S                               1.500000    2.708357   -1.208357 (VIOLATED)
_09083_/S                               1.500000    2.708357   -1.208357 (VIOLATED)
_10745_/A3                              1.500000    2.708357   -1.208357 (VIOLATED)
_08972_/S                               1.500000    2.708354   -1.208354 (VIOLATED)
_09080_/S                               1.500000    2.708355   -1.208355 (VIOLATED)
_10522_/S                               1.500000    2.708354   -1.208355 (VIOLATED)
_10573_/S                               1.500000    2.708354   -1.208355 (VIOLATED)
_10634_/S                               1.500000    2.708356   -1.208356 (VIOLATED)
_10698_/S                               1.500000    2.708356   -1.208356 (VIOLATED)
_09079_/S                               1.500000    2.708351   -1.208351 (VIOLATED)
_08971_/S                               1.500000    2.708350   -1.208350 (VIOLATED)
_09075_/S                               1.500000    2.708346   -1.208346 (VIOLATED)
_10322_/S                               1.500000    2.708347   -1.208347 (VIOLATED)
_10451_/S                               1.500000    2.708347   -1.208347 (VIOLATED)
_10498_/S1                              1.500000    2.708347   -1.208347 (VIOLATED)
_10574_/S1                              1.500000    2.708347   -1.208347 (VIOLATED)
_08968_/S                               1.500000    2.708344   -1.208344 (VIOLATED)
_10386_/S0                              1.500000    2.708338   -1.208338 (VIOLATED)
_09074_/S                               1.500000    2.708337   -1.208337 (VIOLATED)
_10244_/S                               1.500000    2.708333   -1.208333 (VIOLATED)
_10267_/S1                              1.500000    2.708332   -1.208332 (VIOLATED)
_08967_/S                               1.500000    2.708330   -1.208330 (VIOLATED)
_10097_/S                               1.500000    2.708328   -1.208328 (VIOLATED)
_09072_/S                               1.500000    2.708326   -1.208326 (VIOLATED)
_08965_/S                               1.500000    2.708324   -1.208324 (VIOLATED)
_09071_/S                               1.500000    2.708319   -1.208319 (VIOLATED)
_09995_/S                               1.500000    2.708319   -1.208319 (VIOLATED)
_10052_/S1                              1.500000    2.708319   -1.208319 (VIOLATED)
_10162_/S0                              1.500000    2.708319   -1.208319 (VIOLATED)
_08964_/S                               1.500000    2.708316   -1.208316 (VIOLATED)
_09096_/S                               1.500000    2.708314   -1.208314 (VIOLATED)
_08745_/B                               1.500000    2.708313   -1.208313 (VIOLATED)
_08996_/A                               1.500000    2.708312   -1.208312 (VIOLATED)
_08997_/C1                              1.500000    2.708312   -1.208312 (VIOLATED)
_08999_/B1                              1.500000    2.708312   -1.208312 (VIOLATED)
_09175_/S1                              1.500000    2.708311   -1.208311 (VIOLATED)
_08979_/S                               1.500000    2.708309   -1.208309 (VIOLATED)
_08980_/S1                              1.500000    2.708309   -1.208310 (VIOLATED)
_08981_/A2                              1.500000    2.708309   -1.208309 (VIOLATED)
_08990_/S1                              1.500000    2.708309   -1.208309 (VIOLATED)
_09095_/S1                              1.500000    2.708309   -1.208309 (VIOLATED)
_09099_/S0                              1.500000    2.708309   -1.208309 (VIOLATED)
_09101_/A1                              1.500000    2.708309   -1.208310 (VIOLATED)
_09102_/S                               1.500000    2.708309   -1.208310 (VIOLATED)
_09162_/S                               1.500000    2.708309   -1.208310 (VIOLATED)
_09172_/S0                              1.500000    2.708311   -1.208311 (VIOLATED)
_09176_/S1                              1.500000    2.708310   -1.208310 (VIOLATED)
_09235_/S0                              1.500000    2.708309   -1.208309 (VIOLATED)
_09421_/S0                              1.500000    2.708309   -1.208309 (VIOLATED)
_09892_/S                               1.500000    2.708309   -1.208309 (VIOLATED)
_09969_/S0                              1.500000    2.708309   -1.208309 (VIOLATED)
_09236_/S0                              1.500000    2.708307   -1.208307 (VIOLATED)
_08991_/S                               1.500000    2.708306   -1.208306 (VIOLATED)
_08992_/S0                              1.500000    2.708306   -1.208306 (VIOLATED)
_09281_/S1                              1.500000    2.708307   -1.208307 (VIOLATED)
_09097_/S1                              1.500000    2.708306   -1.208306 (VIOLATED)
_09211_/S1                              1.500000    2.708306   -1.208306 (VIOLATED)
_09232_/S0                              1.500000    2.708306   -1.208306 (VIOLATED)
_09359_/S0                              1.500000    2.708306   -1.208306 (VIOLATED)
_09792_/S                               1.500000    2.708307   -1.208307 (VIOLATED)
_09845_/S0                              1.500000    2.708306   -1.208306 (VIOLATED)
_09478_/S0                              1.500000    2.708304   -1.208304 (VIOLATED)
_09534_/S1                              1.500000    2.708305   -1.208305 (VIOLATED)
_09629_/S1                              1.500000    2.708304   -1.208304 (VIOLATED)
_09713_/S                               1.500000    2.708303   -1.208303 (VIOLATED)
_09759_/S0                              1.500000    2.708304   -1.208304 (VIOLATED)
_09477_/S                               1.500000    2.708299   -1.208300 (VIOLATED)
_09591_/S                               1.500000    2.708298   -1.208299 (VIOLATED)
_08742_/X                               1.504232    2.708293   -1.204061 (VIOLATED)
_07557_/Y                               1.497817    2.333203   -0.835386 (VIOLATED)
_11617_/B1                              1.500000    2.333887   -0.833887 (VIOLATED)
_11683_/B1                              1.500000    2.333886   -0.833886 (VIOLATED)
_11851_/B                               1.500000    2.333885   -0.833885 (VIOLATED)
_11853_/B                               1.500000    2.333884   -0.833884 (VIOLATED)
_11854_/B                               1.500000    2.333883   -0.833883 (VIOLATED)
_11850_/B                               1.500000    2.333882   -0.833882 (VIOLATED)
_11550_/B                               1.500000    2.333880   -0.833880 (VIOLATED)
_11554_/B                               1.500000    2.333879   -0.833879 (VIOLATED)
_11589_/B                               1.500000    2.333877   -0.833877 (VIOLATED)
_11591_/B                               1.500000    2.333877   -0.833877 (VIOLATED)
_11556_/B                               1.500000    2.333875   -0.833875 (VIOLATED)
_11566_/B                               1.500000    2.333876   -0.833876 (VIOLATED)
_11588_/B                               1.500000    2.333876   -0.833876 (VIOLATED)
_11592_/B                               1.500000    2.333876   -0.833876 (VIOLATED)
_16770_/D                               1.500000    2.333873   -0.833873 (VIOLATED)
_11587_/B                               1.500000    2.333870   -0.833870 (VIOLATED)
_11590_/B                               1.500000    2.333864   -0.833864 (VIOLATED)
_12179_/A1                              1.500000    2.333863   -0.833863 (VIOLATED)
_11593_/B                               1.500000    2.333854   -0.833854 (VIOLATED)
_11586_/B                               1.500000    2.333849   -0.833849 (VIOLATED)
_12057_/A1                              1.500000    2.333850   -0.833850 (VIOLATED)
_12090_/B1                              1.500000    2.333850   -0.833850 (VIOLATED)
_11594_/B                               1.500000    2.333846   -0.833846 (VIOLATED)
_11597_/B                               1.500000    2.333305   -0.833305 (VIOLATED)
_11595_/B                               1.500000    2.333303   -0.833303 (VIOLATED)
_07579_/B                               1.500000    2.333296   -0.833296 (VIOLATED)
_11549_/A1                              1.500000    2.333296   -0.833296 (VIOLATED)
_11552_/B                               1.500000    2.333297   -0.833297 (VIOLATED)
_13668_/B1                              1.500000    2.333296   -0.833296 (VIOLATED)
_11543_/B                               1.500000    2.333295   -0.833295 (VIOLATED)
_11558_/B                               1.500000    2.333296   -0.833296 (VIOLATED)
_11559_/B                               1.500000    2.333296   -0.833296 (VIOLATED)
_11562_/B                               1.500000    2.333296   -0.833296 (VIOLATED)
_11567_/A2                              1.500000    2.333297   -0.833297 (VIOLATED)
_11598_/B                               1.500000    2.333296   -0.833296 (VIOLATED)
_07558_/C                               1.500000    2.333295   -0.833295 (VIOLATED)
_07572_/B                               1.500000    2.333294   -0.833294 (VIOLATED)
_11544_/A                               1.500000    2.333294   -0.833294 (VIOLATED)
_11583_/A2                              1.500000    2.333290   -0.833290 (VIOLATED)
_11584_/A2                              1.500000    2.333289   -0.833289 (VIOLATED)
_09335_/A                               1.500000    2.333288   -0.833288 (VIOLATED)
_09397_/A                               1.500000    2.333288   -0.833288 (VIOLATED)
_09519_/A                               1.500000    2.333288   -0.833288 (VIOLATED)
_11560_/B                               1.500000    2.333287   -0.833287 (VIOLATED)
_11596_/B                               1.500000    2.333287   -0.833287 (VIOLATED)
_11599_/B                               1.500000    2.333287   -0.833287 (VIOLATED)
_11921_/B                               1.500000    2.333288   -0.833288 (VIOLATED)
_11763_/B                               1.500000    2.333287   -0.833287 (VIOLATED)
_11820_/B                               1.500000    2.333288   -0.833288 (VIOLATED)
_09455_/A                               1.500000    2.333285   -0.833285 (VIOLATED)
_11579_/A2                              1.500000    2.333286   -0.833286 (VIOLATED)
_11852_/B                               1.500000    2.333286   -0.833286 (VIOLATED)
_11578_/A2                              1.500000    2.333285   -0.833285 (VIOLATED)
_11580_/A2                              1.500000    2.333285   -0.833285 (VIOLATED)
_11581_/A2                              1.500000    2.333285   -0.833285 (VIOLATED)
_11582_/A2                              1.500000    2.333285   -0.833285 (VIOLATED)
_11585_/A2                              1.500000    2.333285   -0.833285 (VIOLATED)
_11515_/B                               1.500000    2.333284   -0.833284 (VIOLATED)
_11600_/B                               1.500000    2.333282   -0.833283 (VIOLATED)
_15096_/B                               1.500000    2.333280   -0.833280 (VIOLATED)
_09659_/A                               1.500000    2.333278   -0.833278 (VIOLATED)
_11922_/B                               1.500000    2.333274   -0.833274 (VIOLATED)
_11924_/B                               1.500000    2.333267   -0.833267 (VIOLATED)
_11923_/B                               1.500000    2.333264   -0.833264 (VIOLATED)
_09578_/A1                              1.500000    2.333262   -0.833262 (VIOLATED)
_09682_/A                               1.500000    2.333261   -0.833261 (VIOLATED)
_11896_/A                               1.500000    2.333260   -0.833260 (VIOLATED)
_11925_/B                               1.500000    2.333251   -0.833251 (VIOLATED)
_11601_/B                               1.500000    2.333248   -0.833248 (VIOLATED)
_11927_/B                               1.500000    2.333246   -0.833246 (VIOLATED)
_11604_/B                               1.500000    2.333242   -0.833242 (VIOLATED)
_11926_/B                               1.500000    2.333241   -0.833241 (VIOLATED)
_09041_/C1                              1.500000    2.333237   -0.833237 (VIOLATED)
_11920_/B                               1.500000    2.333236   -0.833236 (VIOLATED)
_11602_/B                               1.500000    2.333233   -0.833233 (VIOLATED)
_11821_/B                               1.500000    2.333228   -0.833228 (VIOLATED)
_11919_/B                               1.500000    2.333229   -0.833229 (VIOLATED)
_11929_/B                               1.500000    2.333225   -0.833225 (VIOLATED)
_11822_/B                               1.500000    2.333222   -0.833222 (VIOLATED)
_11928_/B                               1.500000    2.333215   -0.833216 (VIOLATED)
_11930_/B                               1.500000    2.333215   -0.833216 (VIOLATED)
_08593_/B                               1.500000    2.333212   -0.833212 (VIOLATED)
_11749_/B                               1.500000    2.333213   -0.833213 (VIOLATED)
_11750_/B                               1.500000    2.333213   -0.833213 (VIOLATED)
_11917_/B                               1.500000    2.333212   -0.833212 (VIOLATED)
_08676_/C1                              1.500000    2.333210   -0.833211 (VIOLATED)
_11863_/B                               1.500000    2.333211   -0.833211 (VIOLATED)
_11855_/B                               1.500000    2.333210   -0.833210 (VIOLATED)
_11856_/B                               1.500000    2.333210   -0.833210 (VIOLATED)
_11865_/B                               1.500000    2.333210   -0.833210 (VIOLATED)
_11872_/B                               1.500000    2.333210   -0.833210 (VIOLATED)
_11875_/B                               1.500000    2.333210   -0.833210 (VIOLATED)
_11878_/B                               1.500000    2.333210   -0.833210 (VIOLATED)
_11880_/B                               1.500000    2.333210   -0.833210 (VIOLATED)
_11882_/B                               1.500000    2.333210   -0.833210 (VIOLATED)
_11883_/B                               1.500000    2.333210   -0.833210 (VIOLATED)
_11884_/B                               1.500000    2.333210   -0.833210 (VIOLATED)
_11885_/B                               1.500000    2.333210   -0.833210 (VIOLATED)
_11819_/B                               1.500000    2.333208   -0.833208 (VIOLATED)
_11823_/B                               1.500000    2.333209   -0.833209 (VIOLATED)
_11864_/B                               1.500000    2.333208   -0.833208 (VIOLATED)
_11886_/B                               1.500000    2.333209   -0.833209 (VIOLATED)
_11906_/A                               1.500000    2.333209   -0.833209 (VIOLATED)
_11914_/B                               1.500000    2.333208   -0.833208 (VIOLATED)
_11916_/B                               1.500000    2.333208   -0.833208 (VIOLATED)
_11824_/B                               1.500000    2.333207   -0.833207 (VIOLATED)
_11918_/B                               1.500000    2.333208   -0.833208 (VIOLATED)
_11900_/A                               1.500000    2.333205   -0.833206 (VIOLATED)
_11603_/B                               1.500000    2.333204   -0.833204 (VIOLATED)
_11826_/B                               1.500000    2.333204   -0.833204 (VIOLATED)
_09011_/B                               1.500000    2.333203   -0.833203 (VIOLATED)
_09062_/C1                              1.500000    2.333203   -0.833203 (VIOLATED)
_09737_/B1                              1.500000    2.333203   -0.833203 (VIOLATED)
_09820_/A                               1.500000    2.333203   -0.833203 (VIOLATED)
_09867_/B1                              1.500000    2.333203   -0.833203 (VIOLATED)
_09920_/A                               1.500000    2.333203   -0.833203 (VIOLATED)
_09946_/A                               1.500000    2.333203   -0.833203 (VIOLATED)
_10025_/A                               1.500000    2.333203   -0.833203 (VIOLATED)
_10073_/A                               1.500000    2.333203   -0.833203 (VIOLATED)
_10131_/A                               1.500000    2.333203   -0.833203 (VIOLATED)
_10195_/A1                              1.500000    2.333203   -0.833203 (VIOLATED)
_10223_/A                               1.500000    2.333203   -0.833203 (VIOLATED)
_10290_/A                               1.500000    2.333203   -0.833203 (VIOLATED)
_10341_/A                               1.500000    2.333203   -0.833203 (VIOLATED)
_10351_/A1                              1.500000    2.333203   -0.833203 (VIOLATED)
_10428_/A                               1.500000    2.333203   -0.833203 (VIOLATED)
_10433_/B1                              1.500000    2.333203   -0.833203 (VIOLATED)
_10491_/A1                              1.500000    2.333203   -0.833203 (VIOLATED)
_10563_/A1                              1.500000    2.333203   -0.833203 (VIOLATED)
_10655_/A                               1.500000    2.333203   -0.833203 (VIOLATED)
_10679_/A                               1.500000    2.333203   -0.833203 (VIOLATED)
_11514_/B                               1.500000    2.333203   -0.833203 (VIOLATED)
_11605_/B                               1.500000    2.333203   -0.833203 (VIOLATED)
_11606_/B                               1.500000    2.333203   -0.833203 (VIOLATED)
_11607_/B                               1.500000    2.333203   -0.833203 (VIOLATED)
_11608_/B                               1.500000    2.333203   -0.833203 (VIOLATED)
_11609_/B                               1.500000    2.333203   -0.833203 (VIOLATED)
_11610_/B                               1.500000    2.333203   -0.833203 (VIOLATED)
_11611_/B                               1.500000    2.333203   -0.833203 (VIOLATED)
_11612_/B                               1.500000    2.333203   -0.833203 (VIOLATED)
_11613_/B                               1.500000    2.333203   -0.833203 (VIOLATED)
_11614_/B                               1.500000    2.333203   -0.833203 (VIOLATED)
_11615_/B                               1.500000    2.333203   -0.833203 (VIOLATED)
_11762_/B                               1.500000    2.333203   -0.833203 (VIOLATED)
_11818_/B                               1.500000    2.333203   -0.833203 (VIOLATED)
_11825_/B                               1.500000    2.333204   -0.833204 (VIOLATED)
_11827_/B                               1.500000    2.333203   -0.833203 (VIOLATED)
_11828_/B                               1.500000    2.333203   -0.833203 (VIOLATED)
_11829_/B                               1.500000    2.333203   -0.833203 (VIOLATED)
_11830_/B                               1.500000    2.333203   -0.833203 (VIOLATED)
_11831_/B                               1.500000    2.333203   -0.833203 (VIOLATED)
_11832_/B                               1.500000    2.333203   -0.833203 (VIOLATED)
_11833_/B                               1.500000    2.333203   -0.833203 (VIOLATED)
_11834_/B                               1.500000    2.333203   -0.833203 (VIOLATED)
_11835_/B                               1.500000    2.333203   -0.833203 (VIOLATED)
_11836_/B                               1.500000    2.333203   -0.833203 (VIOLATED)
_11837_/B                               1.500000    2.333203   -0.833203 (VIOLATED)
_11838_/B                               1.500000    2.333203   -0.833203 (VIOLATED)
_11839_/B                               1.500000    2.333203   -0.833203 (VIOLATED)
_11840_/B                               1.500000    2.333203   -0.833203 (VIOLATED)
_11841_/B                               1.500000    2.333203   -0.833203 (VIOLATED)
_11842_/B                               1.500000    2.333203   -0.833203 (VIOLATED)
_11843_/B                               1.500000    2.333203   -0.833203 (VIOLATED)
_11844_/B                               1.500000    2.333203   -0.833203 (VIOLATED)
_11845_/B                               1.500000    2.333203   -0.833203 (VIOLATED)
_11846_/B                               1.500000    2.333203   -0.833203 (VIOLATED)
_11847_/B                               1.500000    2.333203   -0.833203 (VIOLATED)
_11848_/B                               1.500000    2.333203   -0.833203 (VIOLATED)
_11849_/B                               1.500000    2.333203   -0.833203 (VIOLATED)
_11887_/A                               1.500000    2.333203   -0.833203 (VIOLATED)
_11893_/A                               1.500000    2.333203   -0.833203 (VIOLATED)
_11898_/A                               1.500000    2.333204   -0.833204 (VIOLATED)
_11908_/A                               1.500000    2.333203   -0.833203 (VIOLATED)
_11911_/B1                              1.500000    2.333203   -0.833203 (VIOLATED)
_11912_/B1                              1.500000    2.333203   -0.833203 (VIOLATED)
_11913_/B1                              1.500000    2.333203   -0.833203 (VIOLATED)
_11931_/B                               1.500000    2.333203   -0.833203 (VIOLATED)
_11932_/B                               1.500000    2.333203   -0.833203 (VIOLATED)
_11933_/B                               1.500000    2.333203   -0.833203 (VIOLATED)
_11934_/B                               1.500000    2.333203   -0.833203 (VIOLATED)
_11935_/B                               1.500000    2.333203   -0.833203 (VIOLATED)
_11936_/B                               1.500000    2.333203   -0.833203 (VIOLATED)
_11937_/B                               1.500000    2.333203   -0.833203 (VIOLATED)
_11938_/B                               1.500000    2.333203   -0.833203 (VIOLATED)
_11939_/B                               1.500000    2.333203   -0.833203 (VIOLATED)
_11940_/B                               1.500000    2.333203   -0.833203 (VIOLATED)
_11941_/B                               1.500000    2.333203   -0.833203 (VIOLATED)
_11942_/B                               1.500000    2.333203   -0.833203 (VIOLATED)
_11943_/B                               1.500000    2.333203   -0.833203 (VIOLATED)
_11944_/B                               1.500000    2.333203   -0.833203 (VIOLATED)
_11945_/B                               1.500000    2.333203   -0.833203 (VIOLATED)
_11946_/B                               1.500000    2.333203   -0.833203 (VIOLATED)
_11947_/B                               1.500000    2.333203   -0.833203 (VIOLATED)
_11948_/B                               1.500000    2.333203   -0.833203 (VIOLATED)
_11949_/B                               1.500000    2.333203   -0.833203 (VIOLATED)
_11950_/B                               1.500000    2.333203   -0.833203 (VIOLATED)
_12251_/A0                              1.500000    2.333203   -0.833203 (VIOLATED)
_08976_/S                               1.500000    2.192461   -0.692461 (VIOLATED)
_09148_/S                               1.500000    2.192461   -0.692461 (VIOLATED)
_09221_/S                               1.500000    2.192461   -0.692461 (VIOLATED)
_10746_/A1                              1.500000    2.192461   -0.692461 (VIOLATED)
_08973_/S                               1.500000    2.192458   -0.692458 (VIOLATED)
_09081_/S                               1.500000    2.192458   -0.692459 (VIOLATED)
_09145_/S                               1.500000    2.192458   -0.692459 (VIOLATED)
_09218_/S                               1.500000    2.192456   -0.692456 (VIOLATED)
_10498_/S0                              1.500000    2.192454   -0.692454 (VIOLATED)
_10574_/S0                              1.500000    2.192455   -0.692455 (VIOLATED)
_09076_/S                               1.500000    2.192451   -0.692451 (VIOLATED)
_08969_/S                               1.500000    2.192448   -0.692448 (VIOLATED)
_09217_/S                               1.500000    2.192445   -0.692445 (VIOLATED)
_09144_/S                               1.500000    2.192440   -0.692440 (VIOLATED)
_10267_/S0                              1.500000    2.192438   -0.692438 (VIOLATED)
_10386_/S1                              1.500000    2.192438   -0.692438 (VIOLATED)
_09073_/S                               1.500000    2.192436   -0.692436 (VIOLATED)
_08966_/S                               1.500000    2.192431   -0.692431 (VIOLATED)
_10052_/S0                              1.500000    2.192418   -0.692418 (VIOLATED)
_10162_/S1                              1.500000    2.192419   -0.692419 (VIOLATED)
_09969_/S1                              1.500000    2.192416   -0.692416 (VIOLATED)
_08740_/A_N                             1.500000    2.192415   -0.692415 (VIOLATED)
_08746_/A                               1.500000    2.192415   -0.692415 (VIOLATED)
_09158_/B1                              1.500000    2.192414   -0.692414 (VIOLATED)
_09097_/S0                              1.500000    2.192413   -0.692413 (VIOLATED)
_09109_/B2                              1.500000    2.192412   -0.692412 (VIOLATED)
_09175_/S0                              1.500000    2.192410   -0.692411 (VIOLATED)
_09110_/A2                              1.500000    2.192409   -0.692409 (VIOLATED)
_09172_/S1                              1.500000    2.192410   -0.692409 (VIOLATED)
_09113_/B1                              1.500000    2.192408   -0.692408 (VIOLATED)
_09845_/S1                              1.500000    2.192409   -0.692409 (VIOLATED)
_09103_/S                               1.500000    2.192407   -0.692407 (VIOLATED)
_08981_/B1                              1.500000    2.192406   -0.692406 (VIOLATED)
_08992_/S1                              1.500000    2.192405   -0.692405 (VIOLATED)
_09164_/A1                              1.500000    2.192406   -0.692406 (VIOLATED)
_09232_/S1                              1.500000    2.192405   -0.692405 (VIOLATED)
_09421_/S1                              1.500000    2.192405   -0.692405 (VIOLATED)
_08980_/S0                              1.500000    2.192403   -0.692403 (VIOLATED)
_08990_/S0                              1.500000    2.192402   -0.692402 (VIOLATED)
_09095_/S0                              1.500000    2.192402   -0.692402 (VIOLATED)
_09099_/S1                              1.500000    2.192403   -0.692403 (VIOLATED)
_09176_/S0                              1.500000    2.192403   -0.692403 (VIOLATED)
_09235_/S1                              1.500000    2.192403   -0.692403 (VIOLATED)
_09759_/S1                              1.500000    2.192401   -0.692401 (VIOLATED)
_09236_/S1                              1.500000    2.192400   -0.692400 (VIOLATED)
_09478_/S1                              1.500000    2.192400   -0.692400 (VIOLATED)
_09629_/S0                              1.500000    2.192400   -0.692401 (VIOLATED)
_09281_/S0                              1.500000    2.192398   -0.692398 (VIOLATED)
_09359_/S1                              1.500000    2.192397   -0.692397 (VIOLATED)
_09211_/S0                              1.500000    2.192395   -0.692395 (VIOLATED)
_09534_/S0                              1.500000    2.192393   -0.692393 (VIOLATED)
_08737_/X                               1.504232    2.192358   -0.688126 (VIOLATED)
_15177_/CLK                             1.500000    2.168868   -0.668868 (VIOLATED)
_15169_/CLK                             1.500000    2.168866   -0.668866 (VIOLATED)
_15121_/CLK                             1.500000    2.168844   -0.668844 (VIOLATED)
_17859_/CLK                             1.500000    2.168841   -0.668841 (VIOLATED)
_17811_/CLK                             1.500000    2.168772   -0.668772 (VIOLATED)
_15124_/CLK                             1.500000    2.168749   -0.668749 (VIOLATED)
_17835_/CLK                             1.500000    2.168750   -0.668750 (VIOLATED)
_15172_/CLK                             1.500000    2.168746   -0.668746 (VIOLATED)
_17814_/CLK                             1.500000    2.168746   -0.668746 (VIOLATED)
_17838_/CLK                             1.500000    2.168744   -0.668744 (VIOLATED)
_17862_/CLK                             1.500000    2.168742   -0.668742 (VIOLATED)
_15132_/CLK                             1.500000    2.168733   -0.668734 (VIOLATED)
_15180_/CLK                             1.500000    2.168734   -0.668734 (VIOLATED)
_15128_/CLK                             1.500000    2.168723   -0.668723 (VIOLATED)
_17842_/CLK                             1.500000    2.168723   -0.668723 (VIOLATED)
_15184_/CLK                             1.500000    2.168712   -0.668712 (VIOLATED)
_15136_/CLK                             1.500000    2.168697   -0.668697 (VIOLATED)
_15125_/CLK                             1.500000    2.168687   -0.668687 (VIOLATED)
_17886_/CLK                             1.500000    2.168684   -0.668684 (VIOLATED)
_15181_/CLK                             1.500000    2.168680   -0.668680 (VIOLATED)
_15173_/CLK                             1.500000    2.168666   -0.668666 (VIOLATED)
_17863_/CLK                             1.500000    2.168655   -0.668655 (VIOLATED)
_15176_/CLK                             1.500000    2.168637   -0.668637 (VIOLATED)
_17815_/CLK                             1.500000    2.168634   -0.668634 (VIOLATED)
_17839_/CLK                             1.500000    2.168632   -0.668632 (VIOLATED)
_17818_/CLK                             1.500000    2.168587   -0.668587 (VIOLATED)
_15122_/CLK                             1.500000    2.168563   -0.668563 (VIOLATED)
_15170_/CLK                             1.500000    2.168554   -0.668554 (VIOLATED)
_15131_/CLK                             1.500000    2.168525   -0.668525 (VIOLATED)
_15123_/CLK                             1.500000    2.168518   -0.668518 (VIOLATED)
_17885_/CLK                             1.500000    2.168493   -0.668493 (VIOLATED)
_15171_/CLK                             1.500000    2.168487   -0.668487 (VIOLATED)
_15179_/CLK                             1.500000    2.168445   -0.668445 (VIOLATED)
_17861_/CLK                             1.500000    2.168432   -0.668432 (VIOLATED)
_15126_/CLK                             1.500000    2.168427   -0.668427 (VIOLATED)
_17813_/CLK                             1.500000    2.168420   -0.668420 (VIOLATED)
_17837_/CLK                             1.500000    2.168415   -0.668415 (VIOLATED)
_17816_/CLK                             1.500000    2.168340   -0.668340 (VIOLATED)
_15127_/CLK                             1.500000    2.168255   -0.668255 (VIOLATED)
_15135_/CLK                             1.500000    2.168224   -0.668224 (VIOLATED)
_15175_/CLK                             1.500000    2.168197   -0.668198 (VIOLATED)
_17841_/CLK                             1.500000    2.168183   -0.668183 (VIOLATED)
_17865_/CLK                             1.500000    2.168181   -0.668181 (VIOLATED)
_15183_/CLK                             1.500000    2.168138   -0.668138 (VIOLATED)
_17866_/CLK                             1.500000    2.167883   -0.667883 (VIOLATED)
_17889_/CLK                             1.500000    2.167819   -0.667819 (VIOLATED)
_17890_/CLK                             1.500000    2.167742   -0.667743 (VIOLATED)
_17817_/CLK                             1.500000    2.167704   -0.667704 (VIOLATED)
_17445_/CLK                             1.500000    2.167460   -0.667461 (VIOLATED)
_17301_/CLK                             1.500000    2.167453   -0.667453 (VIOLATED)
_17429_/CLK                             1.500000    2.167448   -0.667448 (VIOLATED)
_17450_/CLK                             1.500000    2.167442   -0.667442 (VIOLATED)
_17306_/CLK                             1.500000    2.167416   -0.667416 (VIOLATED)
_17300_/CLK                             1.500000    2.167401   -0.667401 (VIOLATED)
_17252_/CLK                             1.500000    2.167400   -0.667400 (VIOLATED)
_17303_/CLK                             1.500000    2.167391   -0.667391 (VIOLATED)
_17447_/CLK                             1.500000    2.167379   -0.667379 (VIOLATED)
_17302_/CLK                             1.500000    2.167359   -0.667359 (VIOLATED)
_15628_/CLK                             1.500000    2.167356   -0.667356 (VIOLATED)
_17446_/CLK                             1.500000    2.167341   -0.667341 (VIOLATED)
_17443_/CLK                             1.500000    2.167334   -0.667334 (VIOLATED)
_17444_/CLK                             1.500000    2.167334   -0.667334 (VIOLATED)
_17118_/CLK                             1.500000    2.167306   -0.667306 (VIOLATED)
_17254_/CLK                             1.500000    2.167259   -0.667259 (VIOLATED)
_17430_/CLK                             1.500000    2.167209   -0.667209 (VIOLATED)
_15676_/CLK                             1.500000    2.167179   -0.667179 (VIOLATED)
_15626_/CLK                             1.500000    2.167174   -0.667174 (VIOLATED)
_17434_/CLK                             1.500000    2.167146   -0.667146 (VIOLATED)
_17258_/CLK                             1.500000    2.167140   -0.667140 (VIOLATED)
_15627_/CLK                             1.500000    2.167120   -0.667121 (VIOLATED)
_17350_/CLK                             1.500000    2.167112   -0.667112 (VIOLATED)
_17117_/CLK                             1.500000    2.167083   -0.667083 (VIOLATED)
_17428_/CLK                             1.500000    2.167070   -0.667070 (VIOLATED)
_15674_/CLK                             1.500000    2.167052   -0.667052 (VIOLATED)
_17427_/CLK                             1.500000    2.167030   -0.667030 (VIOLATED)
_17299_/CLK                             1.500000    2.167025   -0.667025 (VIOLATED)
_15625_/CLK                             1.500000    2.167015   -0.667015 (VIOLATED)
_17251_/CLK                             1.500000    2.166991   -0.666992 (VIOLATED)
_17431_/CLK                             1.500000    2.166967   -0.666967 (VIOLATED)
_15675_/CLK                             1.500000    2.166956   -0.666956 (VIOLATED)
_15673_/CLK                             1.500000    2.166936   -0.666936 (VIOLATED)
_17347_/CLK                             1.500000    2.166921   -0.666921 (VIOLATED)
_17115_/CLK                             1.500000    2.166908   -0.666908 (VIOLATED)
_17449_/CLK                             1.500000    2.166859   -0.666859 (VIOLATED)
_17351_/CLK                             1.500000    2.166848   -0.666849 (VIOLATED)
_15632_/CLK                             1.500000    2.166839   -0.666839 (VIOLATED)
_17253_/CLK                             1.500000    2.166819   -0.666819 (VIOLATED)
_17257_/CLK                             1.500000    2.166810   -0.666810 (VIOLATED)
_17106_/CLK                             1.500000    2.166789   -0.666789 (VIOLATED)
_15680_/CLK                             1.500000    2.166788   -0.666788 (VIOLATED)
_17349_/CLK                             1.500000    2.166773   -0.666773 (VIOLATED)
_17433_/CLK                             1.500000    2.166749   -0.666749 (VIOLATED)
_17122_/CLK                             1.500000    2.166635   -0.666635 (VIOLATED)
_15460_/CLK                             1.500000    2.166582   -0.666582 (VIOLATED)
_15508_/CLK                             1.500000    2.166574   -0.666574 (VIOLATED)
_15464_/CLK                             1.500000    2.166559   -0.666559 (VIOLATED)
_17354_/CLK                             1.500000    2.166466   -0.666466 (VIOLATED)
_15679_/CLK                             1.500000    2.166257   -0.666258 (VIOLATED)
_15677_/CLK                             1.500000    2.166251   -0.666251 (VIOLATED)
_17119_/CLK                             1.500000    2.166178   -0.666178 (VIOLATED)
_17432_/CLK                             1.500000    2.166050   -0.666051 (VIOLATED)
_15678_/CLK                             1.500000    2.165927   -0.665928 (VIOLATED)
_15512_/CLK                             1.500000    2.165854   -0.665854 (VIOLATED)
_15328_/CLK                             1.500000    2.165395   -0.665395 (VIOLATED)
_15812_/CLK                             1.500000    2.165210   -0.665210 (VIOLATED)
_15868_/CLK                             1.500000    2.165206   -0.665206 (VIOLATED)
_15872_/CLK                             1.500000    2.165195   -0.665195 (VIOLATED)
_17162_/CLK                             1.500000    2.165190   -0.665190 (VIOLATED)
_15816_/CLK                             1.500000    2.165151   -0.665151 (VIOLATED)
_15814_/CLK                             1.500000    2.165133   -0.665134 (VIOLATED)
_17160_/CLK                             1.500000    2.165132   -0.665132 (VIOLATED)
_15462_/CLK                             1.500000    2.165110   -0.665110 (VIOLATED)
_15424_/CLK                             1.500000    2.165099   -0.665099 (VIOLATED)
_15326_/CLK                             1.500000    2.165023   -0.665023 (VIOLATED)
_17448_/CLK                             1.500000    2.164938   -0.664939 (VIOLATED)
_15510_/CLK                             1.500000    2.164937   -0.664937 (VIOLATED)
_17256_/CLK                             1.500000    2.164934   -0.664934 (VIOLATED)
_17255_/CLK                             1.500000    2.164906   -0.664906 (VIOLATED)
_17304_/CLK                             1.500000    2.164879   -0.664879 (VIOLATED)
_17352_/CLK                             1.500000    2.164873   -0.664873 (VIOLATED)
_17116_/CLK                             1.500000    2.164871   -0.664871 (VIOLATED)
_15629_/CLK                             1.500000    2.164868   -0.664868 (VIOLATED)
_17348_/CLK                             1.500000    2.164816   -0.664816 (VIOLATED)
_17305_/CLK                             1.500000    2.164701   -0.664701 (VIOLATED)
_15630_/CLK                             1.500000    2.164684   -0.664684 (VIOLATED)
_17120_/CLK                             1.500000    2.164682   -0.664682 (VIOLATED)
_17121_/CLK                             1.500000    2.164675   -0.664675 (VIOLATED)
_15368_/CLK                             1.500000    2.164660   -0.664660 (VIOLATED)
_15322_/CLK                             1.500000    2.164490   -0.664490 (VIOLATED)
_15274_/CLK                             1.500000    2.164441   -0.664441 (VIOLATED)
_15280_/CLK                             1.500000    2.164363   -0.664363 (VIOLATED)
_15256_/CLK                             1.500000    2.164344   -0.664344 (VIOLATED)
_15398_/CLK                             1.500000    2.164178   -0.664178 (VIOLATED)
_15726_/CLK                             1.500000    2.164168   -0.664168 (VIOLATED)
_17102_/CLK                             1.500000    2.164126   -0.664126 (VIOLATED)
_17158_/CLK                             1.500000    2.164121   -0.664121 (VIOLATED)
_15568_/CLK                             1.500000    2.164101   -0.664101 (VIOLATED)
_15254_/CLK                             1.500000    2.164089   -0.664089 (VIOLATED)
_15736_/CLK                             1.500000    2.164088   -0.664089 (VIOLATED)
_15815_/CLK                             1.500000    2.164077   -0.664077 (VIOLATED)
_15463_/CLK                             1.500000    2.164075   -0.664075 (VIOLATED)
_15813_/CLK                             1.500000    2.164074   -0.664074 (VIOLATED)
_15278_/CLK                             1.500000    2.164057   -0.664057 (VIOLATED)
_15566_/CLK                             1.500000    2.163998   -0.663998 (VIOLATED)
_15734_/CLK                             1.500000    2.163990   -0.663991 (VIOLATED)
_15870_/CLK                             1.500000    2.163957   -0.663957 (VIOLATED)
_17104_/CLK                             1.500000    2.163934   -0.663934 (VIOLATED)
_17161_/CLK                             1.500000    2.163925   -0.663925 (VIOLATED)
_15631_/CLK                             1.500000    2.163839   -0.663839 (VIOLATED)
_17353_/CLK                             1.500000    2.163838   -0.663838 (VIOLATED)
_15418_/CLK                             1.500000    2.163820   -0.663820 (VIOLATED)
_15400_/CLK                             1.500000    2.163810   -0.663810 (VIOLATED)
_17105_/CLK                             1.500000    2.163805   -0.663805 (VIOLATED)
_15728_/CLK                             1.500000    2.163787   -0.663787 (VIOLATED)
_15327_/CLK                             1.500000    2.163785   -0.663785 (VIOLATED)
_15394_/CLK                             1.500000    2.163764   -0.663764 (VIOLATED)
_15722_/CLK                             1.500000    2.163718   -0.663718 (VIOLATED)
_15325_/CLK                             1.500000    2.163646   -0.663646 (VIOLATED)
_15298_/CLK                             1.500000    2.163631   -0.663631 (VIOLATED)
_15725_/CLK                             1.500000    2.163532   -0.663532 (VIOLATED)
_15324_/CLK                             1.500000    2.163453   -0.663453 (VIOLATED)
_17836_/CLK                             1.500000    2.163285   -0.663285 (VIOLATED)
_15134_/CLK                             1.500000    2.163279   -0.663279 (VIOLATED)
_15174_/CLK                             1.500000    2.163255   -0.663255 (VIOLATED)
_17864_/CLK                             1.500000    2.163255   -0.663255 (VIOLATED)
_15182_/CLK                             1.500000    2.163253   -0.663253 (VIOLATED)
_17888_/CLK                             1.500000    2.163245   -0.663245 (VIOLATED)
_17840_/CLK                             1.500000    2.163232   -0.663232 (VIOLATED)
_15564_/CLK                             1.500000    2.163144   -0.663144 (VIOLATED)
_15732_/CLK                             1.500000    2.163143   -0.663144 (VIOLATED)
_15461_/CLK                             1.500000    2.163073   -0.663073 (VIOLATED)
_17156_/CLK                             1.500000    2.163071   -0.663071 (VIOLATED)
_17159_/CLK                             1.500000    2.163048   -0.663048 (VIOLATED)
_15304_/CLK                             1.500000    2.162933   -0.662933 (VIOLATED)
_15422_/CLK                             1.500000    2.162932   -0.662932 (VIOLATED)
_15302_/CLK                             1.500000    2.162918   -0.662918 (VIOLATED)
_15421_/CLK                             1.500000    2.162900   -0.662900 (VIOLATED)
_15869_/CLK                             1.500000    2.162876   -0.662876 (VIOLATED)
_15397_/CLK                             1.500000    2.162861   -0.662861 (VIOLATED)
_15811_/CLK                             1.500000    2.162787   -0.662787 (VIOLATED)
_17155_/CLK                             1.500000    2.162784   -0.662784 (VIOLATED)
_15810_/CLK                             1.500000    2.162781   -0.662781 (VIOLATED)
_15809_/CLK                             1.500000    2.162779   -0.662779 (VIOLATED)
_15871_/CLK                             1.500000    2.162619   -0.662619 (VIOLATED)
_15511_/CLK                             1.500000    2.162593   -0.662593 (VIOLATED)
_15420_/CLK                             1.500000    2.162574   -0.662574 (VIOLATED)
_15507_/CLK                             1.500000    2.162318   -0.662318 (VIOLATED)
_17157_/CLK                             1.500000    2.162162   -0.662162 (VIOLATED)
_15323_/CLK                             1.500000    2.162144   -0.662144 (VIOLATED)
_15563_/CLK                             1.500000    2.162063   -0.662063 (VIOLATED)
_15561_/CLK                             1.500000    2.161950   -0.661950 (VIOLATED)
_15232_/CLK                             1.500000    2.161947   -0.661947 (VIOLATED)
_15865_/CLK                             1.500000    2.161865   -0.661865 (VIOLATED)
_15231_/CLK                             1.500000    2.161501   -0.661501 (VIOLATED)
_17721_/CLK                             1.500000    2.161330   -0.661330 (VIOLATED)
_16707_/CLK                             1.500000    2.161148   -0.661148 (VIOLATED)
_15419_/CLK                             1.500000    2.160583   -0.660583 (VIOLATED)
_15321_/CLK                             1.500000    2.160578   -0.660578 (VIOLATED)
_17770_/CLK                             1.500000    2.160443   -0.660443 (VIOLATED)
_17794_/CLK                             1.500000    2.160427   -0.660427 (VIOLATED)
_15395_/CLK                             1.500000    2.160075   -0.660076 (VIOLATED)
_15363_/CLK                             1.500000    2.160066   -0.660066 (VIOLATED)
_15275_/CLK                             1.500000    2.160064   -0.660064 (VIOLATED)
_15301_/CLK                             1.500000    2.160023   -0.660024 (VIOLATED)
_15723_/CLK                             1.500000    2.159985   -0.659985 (VIOLATED)
_15393_/CLK                             1.500000    2.159774   -0.659774 (VIOLATED)
_17767_/CLK                             1.500000    2.159651   -0.659651 (VIOLATED)
_16145_/CLK                             1.500000    2.159570   -0.659570 (VIOLATED)
_16359_/CLK                             1.500000    2.159570   -0.659570 (VIOLATED)
_16121_/CLK                             1.500000    2.159559   -0.659559 (VIOLATED)
_16221_/CLK                             1.500000    2.159527   -0.659527 (VIOLATED)
_16172_/CLK                             1.500000    2.159522   -0.659522 (VIOLATED)
_16225_/CLK                             1.500000    2.159479   -0.659479 (VIOLATED)
_16528_/CLK                             1.500000    2.159464   -0.659464 (VIOLATED)
_16196_/CLK                             1.500000    2.159430   -0.659430 (VIOLATED)
_16128_/CLK                             1.500000    2.159385   -0.659385 (VIOLATED)
_16200_/CLK                             1.500000    2.159248   -0.659248 (VIOLATED)
_16148_/CLK                             1.500000    2.159203   -0.659203 (VIOLATED)
_16124_/CLK                             1.500000    2.159201   -0.659201 (VIOLATED)
_16362_/CLK                             1.500000    2.159193   -0.659193 (VIOLATED)
_16100_/CLK                             1.500000    2.159186   -0.659186 (VIOLATED)
_16218_/CLK                             1.500000    2.159170   -0.659171 (VIOLATED)
_16220_/CLK                             1.500000    2.159158   -0.659158 (VIOLATED)
_16099_/CLK                             1.500000    2.159140   -0.659140 (VIOLATED)
_16527_/CLK                             1.500000    2.159097   -0.659097 (VIOLATED)
_16152_/CLK                             1.500000    2.159067   -0.659067 (VIOLATED)
_16361_/CLK                             1.500000    2.159059   -0.659059 (VIOLATED)
_16123_/CLK                             1.500000    2.159027   -0.659027 (VIOLATED)
_16171_/CLK                             1.500000    2.159009   -0.659009 (VIOLATED)
_17743_/CLK                             1.500000    2.158994   -0.658994 (VIOLATED)
_16147_/CLK                             1.500000    2.158992   -0.658992 (VIOLATED)
_16526_/CLK                             1.500000    2.158985   -0.658985 (VIOLATED)
_16195_/CLK                             1.500000    2.158923   -0.658923 (VIOLATED)
_16122_/CLK                             1.500000    2.158864   -0.658864 (VIOLATED)
_15297_/CLK                             1.500000    2.158659   -0.658659 (VIOLATED)
_16360_/CLK                             1.500000    2.158613   -0.658613 (VIOLATED)
_16366_/CLK                             1.500000    2.158421   -0.658421 (VIOLATED)
_16532_/CLK                             1.500000    2.158412   -0.658412 (VIOLATED)
_16219_/CLK                             1.500000    2.158406   -0.658406 (VIOLATED)
_16125_/CLK                             1.500000    2.158404   -0.658404 (VIOLATED)
_16170_/CLK                             1.500000    2.158397   -0.658397 (VIOLATED)
_16149_/CLK                             1.500000    2.158386   -0.658386 (VIOLATED)
_16194_/CLK                             1.500000    2.158355   -0.658356 (VIOLATED)
_16102_/CLK                             1.500000    2.158329   -0.658329 (VIOLATED)
_16176_/CLK                             1.500000    2.158288   -0.658288 (VIOLATED)
_16104_/CLK                             1.500000    2.158284   -0.658284 (VIOLATED)
_16126_/CLK                             1.500000    2.158259   -0.658259 (VIOLATED)
_16098_/CLK                             1.500000    2.158211   -0.658211 (VIOLATED)
_16146_/CLK                             1.500000    2.158199   -0.658199 (VIOLATED)
_16364_/CLK                             1.500000    2.158181   -0.658181 (VIOLATED)
_16150_/CLK                             1.500000    2.158165   -0.658165 (VIOLATED)
_16531_/CLK                             1.500000    2.158122   -0.658122 (VIOLATED)
_16127_/CLK                             1.500000    2.158048   -0.658048 (VIOLATED)
_16199_/CLK                             1.500000    2.157945   -0.657946 (VIOLATED)
_16151_/CLK                             1.500000    2.157868   -0.657868 (VIOLATED)
_16548_/CLK                             1.500000    2.157655   -0.657655 (VIOLATED)
_15226_/CLK                             1.500000    2.157470   -0.657470 (VIOLATED)
_16008_/CLK                             1.500000    2.157248   -0.657248 (VIOLATED)
_16088_/CLK                             1.500000    2.157232   -0.657232 (VIOLATED)
_17514_/CLK                             1.500000    2.157055   -0.657055 (VIOLATED)
_17788_/CLK                             1.500000    2.156939   -0.656939 (VIOLATED)
_17716_/CLK                             1.500000    2.156883   -0.656883 (VIOLATED)
_17740_/CLK                             1.500000    2.156882   -0.656882 (VIOLATED)
_16223_/CLK                             1.500000    2.156881   -0.656881 (VIOLATED)
_16530_/CLK                             1.500000    2.156881   -0.656881 (VIOLATED)
_16174_/CLK                             1.500000    2.156880   -0.656880 (VIOLATED)
_16198_/CLK                             1.500000    2.156880   -0.656880 (VIOLATED)
_16224_/CLK                             1.500000    2.156838   -0.656838 (VIOLATED)
_16365_/CLK                             1.500000    2.156805   -0.656805 (VIOLATED)
_16175_/CLK                             1.500000    2.156773   -0.656773 (VIOLATED)
_16103_/CLK                             1.500000    2.156742   -0.656742 (VIOLATED)
_17635_/CLK                             1.500000    2.156700   -0.656700 (VIOLATED)
_16025_/CLK                             1.500000    2.156700   -0.656700 (VIOLATED)
_17507_/CLK                             1.500000    2.156689   -0.656689 (VIOLATED)
_16001_/CLK                             1.500000    2.156682   -0.656682 (VIOLATED)
_16056_/CLK                             1.500000    2.156671   -0.656671 (VIOLATED)
_15228_/CLK                             1.500000    2.156657   -0.656657 (VIOLATED)
_16081_/CLK                             1.500000    2.156590   -0.656589 (VIOLATED)
_16049_/CLK                             1.500000    2.156564   -0.656564 (VIOLATED)
_15423_/CLK                             1.500000    2.156457   -0.656457 (VIOLATED)
_15303_/CLK                             1.500000    2.156455   -0.656455 (VIOLATED)
_15300_/CLK                             1.500000    2.156435   -0.656434 (VIOLATED)
_15396_/CLK                             1.500000    2.156433   -0.656433 (VIOLATED)
_16032_/CLK                             1.500000    2.156407   -0.656407 (VIOLATED)
_17546_/CLK                             1.500000    2.156396   -0.656396 (VIOLATED)
_17741_/CLK                             1.500000    2.156377   -0.656377 (VIOLATED)
_17722_/CLK                             1.500000    2.156366   -0.656366 (VIOLATED)
_17661_/CLK                             1.500000    2.156363   -0.656363 (VIOLATED)
_15227_/CLK                             1.500000    2.156337   -0.656337 (VIOLATED)
_17666_/CLK                             1.500000    2.156251   -0.656251 (VIOLATED)
_17578_/CLK                             1.500000    2.156230   -0.656230 (VIOLATED)
_17642_/CLK                             1.500000    2.156206   -0.656206 (VIOLATED)
_17717_/CLK                             1.500000    2.156191   -0.656191 (VIOLATED)
_17746_/CLK                             1.500000    2.156160   -0.656160 (VIOLATED)
_17764_/CLK                             1.500000    2.156061   -0.656061 (VIOLATED)
_16053_/CLK                             1.500000    2.156021   -0.656021 (VIOLATED)
_16542_/CLK                             1.500000    2.155903   -0.655903 (VIOLATED)
_16005_/CLK                             1.500000    2.155812   -0.655812 (VIOLATED)
_16085_/CLK                             1.500000    2.155775   -0.655775 (VIOLATED)
_17718_/CLK                             1.500000    2.155623   -0.655624 (VIOLATED)
_17639_/CLK                             1.500000    2.155565   -0.655565 (VIOLATED)
_17742_/CLK                             1.500000    2.155356   -0.655356 (VIOLATED)
_17662_/CLK                             1.500000    2.155256   -0.655256 (VIOLATED)
_16002_/CLK                             1.500000    2.154698   -0.654698 (VIOLATED)
_16050_/CLK                             1.500000    2.154692   -0.654692 (VIOLATED)
_17511_/CLK                             1.500000    2.154679   -0.654679 (VIOLATED)
_16029_/CLK                             1.500000    2.154675   -0.654675 (VIOLATED)
_17543_/CLK                             1.500000    2.154660   -0.654660 (VIOLATED)
_17575_/CLK                             1.500000    2.154651   -0.654651 (VIOLATED)
_17544_/CLK                             1.500000    2.154584   -0.654584 (VIOLATED)
_16030_/CLK                             1.500000    2.154577   -0.654577 (VIOLATED)
_16006_/CLK                             1.500000    2.154562   -0.654563 (VIOLATED)
_17640_/CLK                             1.500000    2.154250   -0.654250 (VIOLATED)
_16701_/CLK                             1.500000    2.154005   -0.654005 (VIOLATED)
_17660_/CLK                             1.500000    2.153855   -0.653855 (VIOLATED)
_17512_/CLK                             1.500000    2.153663   -0.653663 (VIOLATED)
_16054_/CLK                             1.500000    2.153059   -0.653059 (VIOLATED)
_17745_/CLK                             1.500000    2.153014   -0.653014 (VIOLATED)
_17769_/CLK                             1.500000    2.152950   -0.652950 (VIOLATED)
_17576_/CLK                             1.500000    2.152850   -0.652850 (VIOLATED)
_16086_/CLK                             1.500000    2.152843   -0.652843 (VIOLATED)
_16031_/CLK                             1.500000    2.151577   -0.651577 (VIOLATED)
_16083_/CLK                             1.500000    2.151437   -0.651437 (VIOLATED)
_16003_/CLK                             1.500000    2.151434   -0.651434 (VIOLATED)
_17541_/CLK                             1.500000    2.151434   -0.651434 (VIOLATED)
_16027_/CLK                             1.500000    2.151423   -0.651423 (VIOLATED)
_16087_/CLK                             1.500000    2.151421   -0.651421 (VIOLATED)
_17513_/CLK                             1.500000    2.151326   -0.651326 (VIOLATED)
_16007_/CLK                             1.500000    2.151222   -0.651222 (VIOLATED)
_17739_/CLK                             1.500000    2.150947   -0.650947 (VIOLATED)
_16055_/CLK                             1.500000    2.150469   -0.650469 (VIOLATED)
_17509_/CLK                             1.500000    2.150416   -0.650416 (VIOLATED)
_17637_/CLK                             1.500000    2.150414   -0.650414 (VIOLATED)
_17573_/CLK                             1.500000    2.150408   -0.650408 (VIOLATED)
_16051_/CLK                             1.500000    2.150392   -0.650392 (VIOLATED)
_17545_/CLK                             1.500000    2.150366   -0.650366 (VIOLATED)
_17577_/CLK                             1.500000    2.150358   -0.650358 (VIOLATED)
_17641_/CLK                             1.500000    2.150269   -0.650268 (VIOLATED)
_15982_/CLK                             1.500000    2.149322   -0.649322 (VIOLATED)
_16237_/CLK                             1.500000    2.148634   -0.648634 (VIOLATED)
_15362_/CLK                             1.500000    2.148354   -0.648354 (VIOLATED)
_15250_/CLK                             1.500000    2.148352   -0.648352 (VIOLATED)
_15366_/CLK                             1.500000    2.148333   -0.648333 (VIOLATED)
_15364_/CLK                             1.500000    2.148309   -0.648309 (VIOLATED)
_15252_/CLK                             1.500000    2.148289   -0.648289 (VIOLATED)
_15724_/CLK                             1.500000    2.148261   -0.648261 (VIOLATED)
_15276_/CLK                             1.500000    2.148244   -0.648244 (VIOLATED)
_16721_/CLK                             1.500000    2.148209   -0.648209 (VIOLATED)
_15727_/CLK                             1.500000    2.148182   -0.648182 (VIOLATED)
_15399_/CLK                             1.500000    2.148160   -0.648160 (VIOLATED)
_15367_/CLK                             1.500000    2.148035   -0.648035 (VIOLATED)
_15255_/CLK                             1.500000    2.148033   -0.648033 (VIOLATED)
_15253_/CLK                             1.500000    2.148006   -0.648006 (VIOLATED)
_15277_/CLK                             1.500000    2.147973   -0.647973 (VIOLATED)
_15983_/CLK                             1.500000    2.147910   -0.647910 (VIOLATED)
_15279_/CLK                             1.500000    2.147896   -0.647896 (VIOLATED)
_15365_/CLK                             1.500000    2.147883   -0.647884 (VIOLATED)
_15251_/CLK                             1.500000    2.147792   -0.647792 (VIOLATED)
_15215_/CLK                             1.500000    2.147741   -0.647741 (VIOLATED)
_15129_/CLK                             1.500000    2.147646   -0.647646 (VIOLATED)
_17883_/CLK                             1.500000    2.147643   -0.647643 (VIOLATED)
_15133_/CLK                             1.500000    2.147625   -0.647625 (VIOLATED)
_17887_/CLK                             1.500000    2.147621   -0.647621 (VIOLATED)
_15721_/CLK                             1.500000    2.147603   -0.647603 (VIOLATED)
_15417_/CLK                             1.500000    2.147603   -0.647603 (VIOLATED)
_15299_/CLK                             1.500000    2.147597   -0.647597 (VIOLATED)
_15273_/CLK                             1.500000    2.147593   -0.647593 (VIOLATED)
_15178_/CLK                             1.500000    2.147585   -0.647585 (VIOLATED)
_15130_/CLK                             1.500000    2.147565   -0.647565 (VIOLATED)
_15361_/CLK                             1.500000    2.147528   -0.647528 (VIOLATED)
_17860_/CLK                             1.500000    2.147520   -0.647520 (VIOLATED)
_15249_/CLK                             1.500000    2.147479   -0.647479 (VIOLATED)
_17812_/CLK                             1.500000    2.147453   -0.647453 (VIOLATED)
_17884_/CLK                             1.500000    2.147437   -0.647437 (VIOLATED)
_17103_/CLK                             1.500000    2.147341   -0.647341 (VIOLATED)
_15565_/CLK                             1.500000    2.147317   -0.647317 (VIOLATED)
_15562_/CLK                             1.500000    2.147254   -0.647254 (VIOLATED)
_15509_/CLK                             1.500000    2.147178   -0.647178 (VIOLATED)
_15972_/CLK                             1.500000    2.147160   -0.647160 (VIOLATED)
_16068_/CLK                             1.500000    2.147157   -0.647157 (VIOLATED)
_15733_/CLK                             1.500000    2.147147   -0.647147 (VIOLATED)
_16021_/CLK                             1.500000    2.147137   -0.647137 (VIOLATED)
_15973_/CLK                             1.500000    2.147121   -0.647121 (VIOLATED)
_16045_/CLK                             1.500000    2.147081   -0.647081 (VIOLATED)
_15506_/CLK                             1.500000    2.146996   -0.646996 (VIOLATED)
_17100_/CLK                             1.500000    2.146930   -0.646930 (VIOLATED)
_15866_/CLK                             1.500000    2.146833   -0.646833 (VIOLATED)
_16044_/CLK                             1.500000    2.146655   -0.646655 (VIOLATED)
_15458_/CLK                             1.500000    2.146647   -0.646647 (VIOLATED)
_16076_/CLK                             1.500000    2.146603   -0.646603 (VIOLATED)
_15730_/CLK                             1.500000    2.146569   -0.646569 (VIOLATED)
_15735_/CLK                             1.500000    2.146471   -0.646471 (VIOLATED)
_15567_/CLK                             1.500000    2.146420   -0.646420 (VIOLATED)
_17558_/CLK                             1.500000    2.146361   -0.646361 (VIOLATED)
_17622_/CLK                             1.500000    2.146315   -0.646315 (VIOLATED)
_15212_/CLK                             1.500000    2.146106   -0.646106 (VIOLATED)
_15459_/CLK                             1.500000    2.146044   -0.646045 (VIOLATED)
_16077_/CLK                             1.500000    2.145994   -0.645994 (VIOLATED)
_15867_/CLK                             1.500000    2.145989   -0.645989 (VIOLATED)
_17503_/CLK                             1.500000    2.145904   -0.645904 (VIOLATED)
_17623_/CLK                             1.500000    2.145867   -0.645867 (VIOLATED)
_15731_/CLK                             1.500000    2.145772   -0.645773 (VIOLATED)
_17101_/CLK                             1.500000    2.145773   -0.645773 (VIOLATED)
_15729_/CLK                             1.500000    2.145755   -0.645755 (VIOLATED)
_15505_/CLK                             1.500000    2.145752   -0.645753 (VIOLATED)
_15457_/CLK                             1.500000    2.145679   -0.645679 (VIOLATED)
_17099_/CLK                             1.500000    2.145669   -0.645670 (VIOLATED)
_16188_/CLK                             1.500000    2.145639   -0.645640 (VIOLATED)
_17559_/CLK                             1.500000    2.145609   -0.645609 (VIOLATED)
_15820_/CLK                             1.500000    2.145490   -0.645490 (VIOLATED)
_15230_/CLK                             1.500000    2.145311   -0.645311 (VIOLATED)
_16546_/CLK                             1.500000    2.145231   -0.645231 (VIOLATED)
_17598_/CLK                             1.500000    2.145065   -0.645065 (VIOLATED)
_16543_/CLK                             1.500000    2.144918   -0.644918 (VIOLATED)
_17765_/CLK                             1.500000    2.144847   -0.644847 (VIOLATED)
_17789_/CLK                             1.500000    2.144847   -0.644847 (VIOLATED)
_16164_/CLK                             1.500000    2.144843   -0.644843 (VIOLATED)
_16702_/CLK                             1.500000    2.144827   -0.644827 (VIOLATED)
_16905_/CLK                             1.500000    2.144689   -0.644689 (VIOLATED)
_16140_/CLK                             1.500000    2.144556   -0.644556 (VIOLATED)
_17720_/CLK                             1.500000    2.144428   -0.644428 (VIOLATED)
_17768_/CLK                             1.500000    2.144420   -0.644420 (VIOLATED)
_15225_/CLK                             1.500000    2.144402   -0.644402 (VIOLATED)
_17763_/CLK                             1.500000    2.144135   -0.644135 (VIOLATED)
_17713_/CLK                             1.500000    2.144109   -0.644109 (VIOLATED)
_17766_/CLK                             1.500000    2.143929   -0.643928 (VIOLATED)
_16703_/CLK                             1.500000    2.143650   -0.643650 (VIOLATED)
_15213_/CLK                             1.500000    2.142749   -0.642749 (VIOLATED)
_16903_/CLK                             1.500000    2.142145   -0.642145 (VIOLATED)
_15209_/CLK                             1.500000    2.140870   -0.640870 (VIOLATED)
_15977_/CLK                             1.500000    2.140254   -0.640254 (VIOLATED)
_16214_/CLK                             1.500000    2.139703   -0.639703 (VIOLATED)
_16165_/CLK                             1.500000    2.139701   -0.639701 (VIOLATED)
_15981_/CLK                             1.500000    2.139041   -0.639041 (VIOLATED)
_16189_/CLK                             1.500000    2.138716   -0.638716 (VIOLATED)
_15821_/CLK                             1.500000    2.138084   -0.638084 (VIOLATED)
_17663_/CLK                             1.500000    2.138066   -0.638066 (VIOLATED)
_16547_/CLK                             1.500000    2.138065   -0.638065 (VIOLATED)
_17719_/CLK                             1.500000    2.138061   -0.638061 (VIOLATED)
_16706_/CLK                             1.500000    2.138058   -0.638058 (VIOLATED)
_15979_/CLK                             1.500000    2.138049   -0.638049 (VIOLATED)
_15211_/CLK                             1.500000    2.138047   -0.638047 (VIOLATED)
_15819_/CLK                             1.500000    2.138044   -0.638044 (VIOLATED)
_17221_/CLK                             1.500000    2.138043   -0.638043 (VIOLATED)
_15822_/CLK                             1.500000    2.138009   -0.638009 (VIOLATED)
_16705_/CLK                             1.500000    2.138002   -0.638002 (VIOLATED)
_17744_/CLK                             1.500000    2.137983   -0.637983 (VIOLATED)
_17712_/CLK                             1.500000    2.137979   -0.637979 (VIOLATED)
_17709_/CLK                             1.500000    2.137948   -0.637948 (VIOLATED)
_17715_/CLK                             1.500000    2.137936   -0.637936 (VIOLATED)
_16508_/CLK                             1.500000    2.137934   -0.637934 (VIOLATED)
_17665_/CLK                             1.500000    2.137924   -0.637924 (VIOLATED)
_17787_/CLK                             1.500000    2.137920   -0.637920 (VIOLATED)
_17793_/CLK                             1.500000    2.137903   -0.637903 (VIOLATED)
_17224_/CLK                             1.500000    2.137888   -0.637888 (VIOLATED)
_16904_/CLK                             1.500000    2.137882   -0.637882 (VIOLATED)
_16345_/CLK                             1.500000    2.137865   -0.637865 (VIOLATED)
_16511_/CLK                             1.500000    2.137861   -0.637861 (VIOLATED)
_17659_/CLK                             1.500000    2.137861   -0.637861 (VIOLATED)
_15980_/CLK                             1.500000    2.137850   -0.637850 (VIOLATED)
_16902_/CLK                             1.500000    2.137836   -0.637836 (VIOLATED)
_15214_/CLK                             1.500000    2.137818   -0.637818 (VIOLATED)
_17225_/CLK                             1.500000    2.137764   -0.637764 (VIOLATED)
_15823_/CLK                             1.500000    2.137751   -0.637751 (VIOLATED)
_16346_/CLK                             1.500000    2.137748   -0.637748 (VIOLATED)
_16241_/CLK                             1.500000    2.137695   -0.637695 (VIOLATED)
_16238_/CLK                             1.500000    2.137629   -0.637629 (VIOLATED)
_16192_/CLK                             1.500000    2.137598   -0.637598 (VIOLATED)
_16725_/CLK                             1.500000    2.137596   -0.637596 (VIOLATED)
_16512_/CLK                             1.500000    2.137556   -0.637556 (VIOLATED)
_16117_/CLK                             1.500000    2.137461   -0.637461 (VIOLATED)
_17223_/CLK                             1.500000    2.137409   -0.637409 (VIOLATED)
_16343_/CLK                             1.500000    2.137377   -0.637377 (VIOLATED)
_16899_/CLK                             1.500000    2.137221   -0.637221 (VIOLATED)
_17710_/CLK                             1.500000    2.137162   -0.637163 (VIOLATED)
_17707_/CLK                             1.500000    2.137115   -0.637115 (VIOLATED)
_17711_/CLK                             1.500000    2.136917   -0.636917 (VIOLATED)
_15817_/CLK                             1.500000    2.136840   -0.636840 (VIOLATED)
_17219_/CLK                             1.500000    2.136810   -0.636810 (VIOLATED)
_16340_/CLK                             1.500000    2.136802   -0.636802 (VIOLATED)
_16506_/CLK                             1.500000    2.136757   -0.636757 (VIOLATED)
_17599_/CLK                             1.500000    2.136689   -0.636689 (VIOLATED)
_16510_/CLK                             1.500000    2.136275   -0.636275 (VIOLATED)
_16344_/CLK                             1.500000    2.136160   -0.636160 (VIOLATED)
_16036_/CLK                             1.500000    2.134169   -0.634169 (VIOLATED)
_17526_/CLK                             1.500000    2.134167   -0.634167 (VIOLATED)
_16034_/CLK                             1.500000    2.133193   -0.633193 (VIOLATED)
_17601_/CLK                             1.500000    2.133099   -0.633099 (VIOLATED)
_16724_/CLK                             1.500000    2.133097   -0.633097 (VIOLATED)
_16010_/CLK                             1.500000    2.132156   -0.632156 (VIOLATED)
_17524_/CLK                             1.500000    2.129175   -0.629175 (VIOLATED)
_16211_/CLK                             1.500000    2.128667   -0.628667 (VIOLATED)
_17652_/CLK                             1.500000    2.128495   -0.628496 (VIOLATED)
_17593_/CLK                             1.500000    2.128053   -0.628053 (VIOLATED)
_17529_/CLK                             1.500000    2.127120   -0.627119 (VIOLATED)
_16718_/CLK                             1.500000    2.126078   -0.626078 (VIOLATED)
_16015_/CLK                             1.500000    2.125883   -0.625883 (VIOLATED)
_16090_/CLK                             1.500000    2.125520   -0.625521 (VIOLATED)
_16092_/CLK                             1.500000    2.125516   -0.625516 (VIOLATED)
_17516_/CLK                             1.500000    2.125513   -0.625513 (VIOLATED)
_16038_/CLK                             1.500000    2.125484   -0.625485 (VIOLATED)
_16012_/CLK                             1.500000    2.125460   -0.625460 (VIOLATED)
_16014_/CLK                             1.500000    2.125438   -0.625439 (VIOLATED)
_17517_/CLK                             1.500000    2.125395   -0.625395 (VIOLATED)
_15229_/CLK                             1.500000    2.125385   -0.625385 (VIOLATED)
_16704_/CLK                             1.500000    2.125380   -0.625380 (VIOLATED)
_16545_/CLK                             1.500000    2.125380   -0.625380 (VIOLATED)
_17589_/CLK                             1.500000    2.125370   -0.625370 (VIOLATED)
_16541_/CLK                             1.500000    2.125352   -0.625352 (VIOLATED)
_16700_/CLK                             1.500000    2.125347   -0.625347 (VIOLATED)
_16544_/CLK                             1.500000    2.125320   -0.625320 (VIOLATED)
_16234_/CLK                             1.500000    2.125315   -0.625315 (VIOLATED)
_17790_/CLK                             1.500000    2.125312   -0.625313 (VIOLATED)
_17791_/CLK                             1.500000    2.125297   -0.625297 (VIOLATED)
_17653_/CLK                             1.500000    2.125275   -0.625275 (VIOLATED)
_16011_/CLK                             1.500000    2.125254   -0.625254 (VIOLATED)
_17664_/CLK                             1.500000    2.125236   -0.625236 (VIOLATED)
_17792_/CLK                             1.500000    2.125228   -0.625228 (VIOLATED)
_17521_/CLK                             1.500000    2.125179   -0.625179 (VIOLATED)
_16039_/CLK                             1.500000    2.125144   -0.625145 (VIOLATED)
_16719_/CLK                             1.500000    2.125099   -0.625099 (VIOLATED)
_17596_/CLK                             1.500000    2.125082   -0.625082 (VIOLATED)
_16722_/CLK                             1.500000    2.125016   -0.625017 (VIOLATED)
_17657_/CLK                             1.500000    2.124950   -0.624950 (VIOLATED)
_17602_/CLK                             1.500000    2.124907   -0.624907 (VIOLATED)
_16141_/CLK                             1.500000    2.124820   -0.624820 (VIOLATED)
_16186_/CLK                             1.500000    2.124660   -0.624660 (VIOLATED)
_16114_/CLK                             1.500000    2.124611   -0.624611 (VIOLATED)
_16235_/CLK                             1.500000    2.124495   -0.624495 (VIOLATED)
_16138_/CLK                             1.500000    2.124365   -0.624365 (VIOLATED)
_16723_/CLK                             1.500000    2.124278   -0.624278 (VIOLATED)
_17600_/CLK                             1.500000    2.124276   -0.624276 (VIOLATED)
_16162_/CLK                             1.500000    2.124170   -0.624170 (VIOLATED)
_17595_/CLK                             1.500000    2.123988   -0.623988 (VIOLATED)
_16161_/CLK                             1.500000    2.123754   -0.623754 (VIOLATED)
_17587_/CLK                             1.500000    2.123600   -0.623601 (VIOLATED)
_15970_/CLK                             1.500000    2.123213   -0.623213 (VIOLATED)
_16018_/CLK                             1.500000    2.123214   -0.623214 (VIOLATED)
_16022_/CLK                             1.500000    2.123206   -0.623206 (VIOLATED)
_16020_/CLK                             1.500000    2.123181   -0.623181 (VIOLATED)
_17502_/CLK                             1.500000    2.123177   -0.623177 (VIOLATED)
_17504_/CLK                             1.500000    2.123174   -0.623174 (VIOLATED)
_16078_/CLK                             1.500000    2.123170   -0.623170 (VIOLATED)
_17624_/CLK                             1.500000    2.123111   -0.623111 (VIOLATED)
_17500_/CLK                             1.500000    2.123049   -0.623049 (VIOLATED)
_15976_/CLK                             1.500000    2.123014   -0.623014 (VIOLATED)
_16024_/CLK                             1.500000    2.123013   -0.623013 (VIOLATED)
_16066_/CLK                             1.500000    2.123003   -0.623003 (VIOLATED)
_15974_/CLK                             1.500000    2.123002   -0.623002 (VIOLATED)
_16046_/CLK                             1.500000    2.122989   -0.622989 (VIOLATED)
_16070_/CLK                             1.500000    2.122986   -0.622986 (VIOLATED)
_16080_/CLK                             1.500000    2.122947   -0.622947 (VIOLATED)
_17560_/CLK                             1.500000    2.122922   -0.622922 (VIOLATED)
_16048_/CLK                             1.500000    2.122869   -0.622869 (VIOLATED)
_16072_/CLK                             1.500000    2.122816   -0.622816 (VIOLATED)
_17506_/CLK                             1.500000    2.122798   -0.622798 (VIOLATED)
_16069_/CLK                             1.500000    2.122775   -0.622775 (VIOLATED)
_15971_/CLK                             1.500000    2.122759   -0.622759 (VIOLATED)
_16019_/CLK                             1.500000    2.122757   -0.622757 (VIOLATED)
_17626_/CLK                             1.500000    2.122675   -0.622675 (VIOLATED)
_17562_/CLK                             1.500000    2.122670   -0.622670 (VIOLATED)
_16067_/CLK                             1.500000    2.122623   -0.622624 (VIOLATED)
_16042_/CLK                             1.500000    2.122574   -0.622574 (VIOLATED)
_16043_/CLK                             1.500000    2.122571   -0.622571 (VIOLATED)
_15969_/CLK                             1.500000    2.122322   -0.622322 (VIOLATED)
_16017_/CLK                             1.500000    2.122322   -0.622322 (VIOLATED)
_16074_/CLK                             1.500000    2.122318   -0.622318 (VIOLATED)
_16023_/CLK                             1.500000    2.122315   -0.622316 (VIOLATED)
_17620_/CLK                             1.500000    2.122310   -0.622310 (VIOLATED)
_17499_/CLK                             1.500000    2.122281   -0.622281 (VIOLATED)
_17556_/CLK                             1.500000    2.122268   -0.622268 (VIOLATED)
_17619_/CLK                             1.500000    2.122257   -0.622257 (VIOLATED)
_17505_/CLK                             1.500000    2.122249   -0.622249 (VIOLATED)
_16071_/CLK                             1.500000    2.122245   -0.622245 (VIOLATED)
_16047_/CLK                             1.500000    2.122241   -0.622240 (VIOLATED)
_15975_/CLK                             1.500000    2.122140   -0.622140 (VIOLATED)
_16065_/CLK                             1.500000    2.122104   -0.622104 (VIOLATED)
_16041_/CLK                             1.500000    2.122066   -0.622066 (VIOLATED)
_17625_/CLK                             1.500000    2.122028   -0.622028 (VIOLATED)
_17501_/CLK                             1.500000    2.121914   -0.621915 (VIOLATED)
_16073_/CLK                             1.500000    2.121882   -0.621883 (VIOLATED)
_17621_/CLK                             1.500000    2.121877   -0.621877 (VIOLATED)
_16075_/CLK                             1.500000    2.121873   -0.621873 (VIOLATED)
_16079_/CLK                             1.500000    2.121783   -0.621783 (VIOLATED)
_17557_/CLK                             1.500000    2.121624   -0.621625 (VIOLATED)
_17651_/CLK                             1.500000    2.121110   -0.621110 (VIOLATED)
_17555_/CLK                             1.500000    2.121109   -0.621110 (VIOLATED)
_17561_/CLK                             1.500000    2.121102   -0.621102 (VIOLATED)
_16217_/CLK                             1.500000    2.120895   -0.620895 (VIOLATED)
_16120_/CLK                             1.500000    2.120795   -0.620796 (VIOLATED)
_16216_/CLK                             1.500000    2.120551   -0.620551 (VIOLATED)
_17515_/CLK                             1.500000    2.120159   -0.620159 (VIOLATED)
_16143_/CLK                             1.500000    2.120133   -0.620133 (VIOLATED)
_16009_/CLK                             1.500000    2.119494   -0.619494 (VIOLATED)
_16187_/CLK                             1.500000    2.119017   -0.619017 (VIOLATED)
_16115_/CLK                             1.500000    2.118984   -0.618984 (VIOLATED)
_16139_/CLK                             1.500000    2.118982   -0.618982 (VIOLATED)
_16212_/CLK                             1.500000    2.118963   -0.618963 (VIOLATED)
_16239_/CLK                             1.500000    2.118631   -0.618631 (VIOLATED)
_16166_/CLK                             1.500000    2.118624   -0.618625 (VIOLATED)
_16236_/CLK                             1.500000    2.118603   -0.618603 (VIOLATED)
_16190_/CLK                             1.500000    2.118601   -0.618601 (VIOLATED)
_16142_/CLK                             1.500000    2.118595   -0.618595 (VIOLATED)
_16118_/CLK                             1.500000    2.118592   -0.618592 (VIOLATED)
_16215_/CLK                             1.500000    2.118202   -0.618202 (VIOLATED)
_16213_/CLK                             1.500000    2.118097   -0.618097 (VIOLATED)
_16116_/CLK                             1.500000    2.118090   -0.618090 (VIOLATED)
_16168_/CLK                             1.500000    2.118082   -0.618082 (VIOLATED)
_16144_/CLK                             1.500000    2.118077   -0.618077 (VIOLATED)
_16240_/CLK                             1.500000    2.118034   -0.618034 (VIOLATED)
_16167_/CLK                             1.500000    2.118027   -0.618027 (VIOLATED)
_16119_/CLK                             1.500000    2.117971   -0.617971 (VIOLATED)
_16191_/CLK                             1.500000    2.117901   -0.617901 (VIOLATED)
_17597_/CLK                             1.500000    2.117803   -0.617803 (VIOLATED)
_16163_/CLK                             1.500000    2.117787   -0.617787 (VIOLATED)
_16720_/CLK                             1.500000    2.117779   -0.617780 (VIOLATED)
_17523_/CLK                             1.500000    2.117456   -0.617457 (VIOLATED)
_16033_/CLK                             1.500000    2.116919   -0.616919 (VIOLATED)
_16185_/CLK                             1.500000    2.116790   -0.616790 (VIOLATED)
_16137_/CLK                             1.500000    2.116783   -0.616783 (VIOLATED)
_16210_/CLK                             1.500000    2.116782   -0.616782 (VIOLATED)
_16113_/CLK                             1.500000    2.116781   -0.616781 (VIOLATED)
_17123_/CLK                             1.500000    2.116002   -0.616002 (VIOLATED)
_16258_/CLK                             1.500000    2.115995   -0.615995 (VIOLATED)
_17124_/CLK                             1.500000    2.115590   -0.615590 (VIOLATED)
_16057_/CLK                             1.500000    2.115348   -0.615348 (VIOLATED)
_16089_/CLK                             1.500000    2.115347   -0.615347 (VIOLATED)
_17530_/CLK                             1.500000    2.115341   -0.615341 (VIOLATED)
_17522_/CLK                             1.500000    2.115336   -0.615336 (VIOLATED)
_16016_/CLK                             1.500000    2.115335   -0.615335 (VIOLATED)
_17658_/CLK                             1.500000    2.115297   -0.615297 (VIOLATED)
_16261_/CLK                             1.500000    2.115001   -0.615001 (VIOLATED)
_16259_/CLK                             1.500000    2.114583   -0.614583 (VIOLATED)
_15636_/CLK                             1.500000    2.114412   -0.614412 (VIOLATED)
_16037_/CLK                             1.500000    2.114105   -0.614105 (VIOLATED)
_16013_/CLK                             1.500000    2.113900   -0.613900 (VIOLATED)
_17527_/CLK                             1.500000    2.113900   -0.613900 (VIOLATED)
_17129_/CLK                             1.500000    2.113568   -0.613568 (VIOLATED)
_17655_/CLK                             1.500000    2.113488   -0.613488 (VIOLATED)
_17390_/CLK                             1.500000    2.111025   -0.611025 (VIOLATED)
_17494_/CLK                             1.500000    2.111024   -0.611024 (VIOLATED)
_17206_/CLK                             1.500000    2.111018   -0.611018 (VIOLATED)
_15500_/CLK                             1.500000    2.111000   -0.611000 (VIOLATED)
_16918_/CLK                             1.500000    2.110977   -0.610977 (VIOLATED)
_17394_/CLK                             1.500000    2.110926   -0.610926 (VIOLATED)
_15504_/CLK                             1.500000    2.110904   -0.610904 (VIOLATED)
_17208_/CLK                             1.500000    2.110865   -0.610865 (VIOLATED)
_17387_/CLK                             1.500000    2.110860   -0.610860 (VIOLATED)
_17496_/CLK                             1.500000    2.110854   -0.610854 (VIOLATED)
_17210_/CLK                             1.500000    2.110723   -0.610723 (VIOLATED)
_17207_/CLK                             1.500000    2.110679   -0.610680 (VIOLATED)
_15501_/CLK                             1.500000    2.110674   -0.610674 (VIOLATED)
_17534_/CLK                             1.500000    2.110670   -0.610670 (VIOLATED)
_17231_/CLK                             1.500000    2.110661   -0.610661 (VIOLATED)
_16919_/CLK                             1.500000    2.110637   -0.610637 (VIOLATED)
_16922_/CLK                             1.500000    2.110628   -0.610628 (VIOLATED)
_17204_/CLK                             1.500000    2.110595   -0.610595 (VIOLATED)
_17228_/CLK                             1.500000    2.110571   -0.610571 (VIOLATED)
_15503_/CLK                             1.500000    2.110566   -0.610566 (VIOLATED)
_17209_/CLK                             1.500000    2.110565   -0.610565 (VIOLATED)
_17388_/CLK                             1.500000    2.110356   -0.610356 (VIOLATED)
_17234_/CLK                             1.500000    2.110071   -0.610071 (VIOLATED)
_16243_/CLK                             1.500000    2.109972   -0.609972 (VIOLATED)
_17498_/CLK                             1.500000    2.109971   -0.609971 (VIOLATED)
_16915_/CLK                             1.500000    2.109792   -0.609792 (VIOLATED)
_17392_/CLK                             1.500000    2.109790   -0.609790 (VIOLATED)
_17203_/CLK                             1.500000    2.109786   -0.609786 (VIOLATED)
_16920_/CLK                             1.500000    2.109763   -0.609763 (VIOLATED)
_15502_/CLK                             1.500000    2.109739   -0.609739 (VIOLATED)
_17491_/CLK                             1.500000    2.109731   -0.609731 (VIOLATED)
_17232_/CLK                             1.500000    2.109711   -0.609711 (VIOLATED)
_16247_/CLK                             1.500000    2.109671   -0.609671 (VIOLATED)
_17227_/CLK                             1.500000    2.109627   -0.609627 (VIOLATED)
_15497_/CLK                             1.500000    2.109626   -0.609626 (VIOLATED)
_17536_/CLK                             1.500000    2.109613   -0.609613 (VIOLATED)
_17492_/CLK                             1.500000    2.109570   -0.609570 (VIOLATED)
_15756_/CLK                             1.500000    2.109534   -0.609534 (VIOLATED)
_16370_/CLK                             1.500000    2.109528   -0.609528 (VIOLATED)
_15580_/CLK                             1.500000    2.109515   -0.609515 (VIOLATED)
_15556_/CLK                             1.500000    2.109512   -0.609512 (VIOLATED)
_15772_/CLK                             1.500000    2.109507   -0.609507 (VIOLATED)
_15498_/CLK                             1.500000    2.109498   -0.609498 (VIOLATED)
_16539_/CLK                             1.500000    2.109491   -0.609491 (VIOLATED)
_15588_/CLK                             1.500000    2.109463   -0.609463 (VIOLATED)
_15740_/CLK                             1.500000    2.109458   -0.609458 (VIOLATED)
_17478_/CLK                             1.500000    2.109433   -0.609433 (VIOLATED)
_15578_/CLK                             1.500000    2.109370   -0.609370 (VIOLATED)
_15738_/CLK                             1.500000    2.109366   -0.609366 (VIOLATED)
_15770_/CLK                             1.500000    2.109359   -0.609359 (VIOLATED)
_16368_/CLK                             1.500000    2.109323   -0.609323 (VIOLATED)
_15586_/CLK                             1.500000    2.108969   -0.608969 (VIOLATED)
_17476_/CLK                             1.500000    2.108951   -0.608951 (VIOLATED)
_15754_/CLK                             1.500000    2.108557   -0.608557 (VIOLATED)
_16536_/CLK                             1.500000    2.108531   -0.608531 (VIOLATED)
_15554_/CLK                             1.500000    2.108395   -0.608395 (VIOLATED)
_16921_/CLK                             1.500000    2.108298   -0.608298 (VIOLATED)
_17497_/CLK                             1.500000    2.108290   -0.608291 (VIOLATED)
_16248_/CLK                             1.500000    2.108278   -0.608278 (VIOLATED)
_17537_/CLK                             1.500000    2.108254   -0.608255 (VIOLATED)
_16249_/CLK                             1.500000    2.108186   -0.608186 (VIOLATED)
_17538_/CLK                             1.500000    2.108178   -0.608178 (VIOLATED)
_15204_/CLK                             1.500000    2.108164   -0.608164 (VIOLATED)
_16242_/CLK                             1.500000    2.108105   -0.608105 (VIOLATED)
_17531_/CLK                             1.500000    2.108101   -0.608101 (VIOLATED)
_16916_/CLK                             1.500000    2.108084   -0.608084 (VIOLATED)
_17532_/CLK                             1.500000    2.108083   -0.608083 (VIOLATED)
_15741_/CLK                             1.500000    2.107880   -0.607880 (VIOLATED)
_15589_/CLK                             1.500000    2.107872   -0.607873 (VIOLATED)
_16371_/CLK                             1.500000    2.107715   -0.607715 (VIOLATED)
_16534_/CLK                             1.500000    2.107173   -0.607173 (VIOLATED)
_15557_/CLK                             1.500000    2.107068   -0.607068 (VIOLATED)
_17479_/CLK                             1.500000    2.106919   -0.606919 (VIOLATED)
_15757_/CLK                             1.500000    2.105916   -0.605916 (VIOLATED)
_15773_/CLK                             1.500000    2.105913   -0.605913 (VIOLATED)
_15581_/CLK                             1.500000    2.105658   -0.605658 (VIOLATED)
_15202_/CLK                             1.500000    2.105655   -0.605655 (VIOLATED)
_15760_/CLK                             1.500000    2.105407   -0.605407 (VIOLATED)
_15744_/CLK                             1.500000    2.105394   -0.605394 (VIOLATED)
_15584_/CLK                             1.500000    2.105387   -0.605387 (VIOLATED)
_17482_/CLK                             1.500000    2.105387   -0.605387 (VIOLATED)
_15769_/CLK                             1.500000    2.105373   -0.605374 (VIOLATED)
_15585_/CLK                             1.500000    2.105351   -0.605351 (VIOLATED)
_15737_/CLK                             1.500000    2.105250   -0.605250 (VIOLATED)
_15553_/CLK                             1.500000    2.105227   -0.605227 (VIOLATED)
_15577_/CLK                             1.500000    2.105197   -0.605197 (VIOLATED)
_15207_/CLK                             1.500000    2.105171   -0.605171 (VIOLATED)
_17475_/CLK                             1.500000    2.105151   -0.605151 (VIOLATED)
_15559_/CLK                             1.500000    2.104378   -0.604377 (VIOLATED)
_15743_/CLK                             1.500000    2.104376   -0.604376 (VIOLATED)
_17414_/CLK                             1.500000    2.103297   -0.603297 (VIOLATED)
_15700_/CLK                             1.500000    2.103292   -0.603292 (VIOLATED)
_15844_/CLK                             1.500000    2.103270   -0.603270 (VIOLATED)
_17614_/CLK                             1.500000    2.103264   -0.603264 (VIOLATED)
_17411_/CLK                             1.500000    2.103197   -0.603197 (VIOLATED)
_17412_/CLK                             1.500000    2.102401   -0.602401 (VIOLATED)
_15697_/CLK                             1.500000    2.101687   -0.601687 (VIOLATED)
_15826_/CLK                             1.500000    2.101290   -0.601291 (VIOLATED)
_15848_/CLK                             1.500000    2.100157   -0.600157 (VIOLATED)
_15704_/CLK                             1.500000    2.099930   -0.599930 (VIOLATED)
_16537_/CLK                             1.500000    2.099853   -0.599853 (VIOLATED)
_15698_/CLK                             1.500000    2.099458   -0.599458 (VIOLATED)
_15650_/CLK                             1.500000    2.098909   -0.598909 (VIOLATED)
_17615_/CLK                             1.500000    2.097771   -0.597771 (VIOLATED)
_15666_/CLK                             1.500000    2.097721   -0.597721 (VIOLATED)
_15845_/CLK                             1.500000    2.097714   -0.597714 (VIOLATED)
_16367_/CLK                             1.500000    2.097582   -0.597582 (VIOLATED)
_16374_/CLK                             1.500000    2.097581   -0.597581 (VIOLATED)
_15753_/CLK                             1.500000    2.097580   -0.597580 (VIOLATED)
_15592_/CLK                             1.500000    2.097572   -0.597572 (VIOLATED)
_15560_/CLK                             1.500000    2.097524   -0.597524 (VIOLATED)
_15776_/CLK                             1.500000    2.097509   -0.597509 (VIOLATED)
_15714_/CLK                             1.500000    2.097444   -0.597444 (VIOLATED)
_15774_/CLK                             1.500000    2.097428   -0.597428 (VIOLATED)
_16097_/CLK                             1.500000    2.097423   -0.597423 (VIOLATED)
_16372_/CLK                             1.500000    2.097422   -0.597422 (VIOLATED)
_16169_/CLK                             1.500000    2.097420   -0.597420 (VIOLATED)
_16193_/CLK                             1.500000    2.097412   -0.597412 (VIOLATED)
_15582_/CLK                             1.500000    2.097406   -0.597406 (VIOLATED)
_15590_/CLK                             1.500000    2.097404   -0.597404 (VIOLATED)
_16525_/CLK                             1.500000    2.097397   -0.597397 (VIOLATED)
_15758_/CLK                             1.500000    2.097389   -0.597389 (VIOLATED)
_16173_/CLK                             1.500000    2.097347   -0.597347 (VIOLATED)
_16363_/CLK                             1.500000    2.097346   -0.597346 (VIOLATED)
_16222_/CLK                             1.500000    2.097336   -0.597336 (VIOLATED)
_16101_/CLK                             1.500000    2.097302   -0.597302 (VIOLATED)
_16529_/CLK                             1.500000    2.097279   -0.597279 (VIOLATED)
_16197_/CLK                             1.500000    2.097262   -0.597262 (VIOLATED)
_17480_/CLK                             1.500000    2.097237   -0.597237 (VIOLATED)
_15558_/CLK                             1.500000    2.097234   -0.597234 (VIOLATED)
_15742_/CLK                             1.500000    2.097228   -0.597228 (VIOLATED)
_15759_/CLK                             1.500000    2.097081   -0.597081 (VIOLATED)
_16373_/CLK                             1.500000    2.097069   -0.597069 (VIOLATED)
_15775_/CLK                             1.500000    2.097064   -0.597064 (VIOLATED)
_15583_/CLK                             1.500000    2.097004   -0.597004 (VIOLATED)
_15591_/CLK                             1.500000    2.096881   -0.596881 (VIOLATED)
_17481_/CLK                             1.500000    2.096871   -0.596871 (VIOLATED)
_15755_/CLK                             1.500000    2.096673   -0.596673 (VIOLATED)
_15579_/CLK                             1.500000    2.096456   -0.596456 (VIOLATED)
_15771_/CLK                             1.500000    2.096226   -0.596226 (VIOLATED)
_15587_/CLK                             1.500000    2.096222   -0.596222 (VIOLATED)
_15828_/CLK                             1.500000    2.096195   -0.596195 (VIOLATED)
_15668_/CLK                             1.500000    2.096187   -0.596187 (VIOLATED)
_15716_/CLK                             1.500000    2.096162   -0.596162 (VIOLATED)
_15652_/CLK                             1.500000    2.096159   -0.596158 (VIOLATED)
_15825_/CLK                             1.500000    2.096149   -0.596150 (VIOLATED)
_17477_/CLK                             1.500000    2.096142   -0.596142 (VIOLATED)
_15665_/CLK                             1.500000    2.096133   -0.596133 (VIOLATED)
_15832_/CLK                             1.500000    2.096071   -0.596071 (VIOLATED)
_15703_/CLK                             1.500000    2.096069   -0.596069 (VIOLATED)
_15672_/CLK                             1.500000    2.096003   -0.596003 (VIOLATED)
_15654_/CLK                             1.500000    2.095968   -0.595968 (VIOLATED)
_15702_/CLK                             1.500000    2.095968   -0.595969 (VIOLATED)
_15830_/CLK                             1.500000    2.095958   -0.595958 (VIOLATED)
_15670_/CLK                             1.500000    2.095851   -0.595851 (VIOLATED)
_15829_/CLK                             1.500000    2.095670   -0.595670 (VIOLATED)
_15842_/CLK                             1.500000    2.095664   -0.595664 (VIOLATED)
_17612_/CLK                             1.500000    2.095627   -0.595627 (VIOLATED)
_15671_/CLK                             1.500000    2.095623   -0.595623 (VIOLATED)
_15669_/CLK                             1.500000    2.095601   -0.595601 (VIOLATED)
_17415_/CLK                             1.500000    2.095583   -0.595584 (VIOLATED)
_15717_/CLK                             1.500000    2.095370   -0.595370 (VIOLATED)
_15701_/CLK                             1.500000    2.095320   -0.595320 (VIOLATED)
_17616_/CLK                             1.500000    2.095264   -0.595264 (VIOLATED)
_15655_/CLK                             1.500000    2.095225   -0.595225 (VIOLATED)
_16369_/CLK                             1.500000    2.095140   -0.595140 (VIOLATED)
_15739_/CLK                             1.500000    2.095139   -0.595139 (VIOLATED)
_15555_/CLK                             1.500000    2.095133   -0.595133 (VIOLATED)
_17416_/CLK                             1.500000    2.095095   -0.595095 (VIOLATED)
_15841_/CLK                             1.500000    2.095086   -0.595086 (VIOLATED)
_17611_/CLK                             1.500000    2.095081   -0.595081 (VIOLATED)
_15713_/CLK                             1.500000    2.094997   -0.594997 (VIOLATED)
_15846_/CLK                             1.500000    2.094931   -0.594931 (VIOLATED)
_15653_/CLK                             1.500000    2.094874   -0.594874 (VIOLATED)
_17418_/CLK                             1.500000    2.094604   -0.594605 (VIOLATED)
_17618_/CLK                             1.500000    2.094434   -0.594434 (VIOLATED)
_15649_/CLK                             1.500000    2.094103   -0.594103 (VIOLATED)
_15718_/CLK                             1.500000    2.094081   -0.594081 (VIOLATED)
_15656_/CLK                             1.500000    2.094076   -0.594076 (VIOLATED)
_15720_/CLK                             1.500000    2.094065   -0.594065 (VIOLATED)
_15847_/CLK                             1.500000    2.093595   -0.593595 (VIOLATED)
_17617_/CLK                             1.500000    2.093333   -0.593333 (VIOLATED)
_15310_/CLK                             1.500000    2.093066   -0.593066 (VIOLATED)
_15331_/CLK                             1.500000    2.093061   -0.593062 (VIOLATED)
_15283_/CLK                             1.500000    2.093060   -0.593060 (VIOLATED)
_15831_/CLK                             1.500000    2.093058   -0.593058 (VIOLATED)
_15606_/CLK                             1.500000    2.093055   -0.593056 (VIOLATED)
_15719_/CLK                             1.500000    2.092888   -0.592888 (VIOLATED)
_17613_/CLK                             1.500000    2.092515   -0.592515 (VIOLATED)
_17417_/CLK                             1.500000    2.092470   -0.592470 (VIOLATED)
_15843_/CLK                             1.500000    2.092411   -0.592411 (VIOLATED)
_15286_/CLK                             1.500000    2.092399   -0.592399 (VIOLATED)
_15622_/CLK                             1.500000    2.091881   -0.591881 (VIOLATED)
_15699_/CLK                             1.500000    2.091644   -0.591644 (VIOLATED)
_15651_/CLK                             1.500000    2.091189   -0.591189 (VIOLATED)
_17413_/CLK                             1.500000    2.091022   -0.591022 (VIOLATED)
_15715_/CLK                             1.500000    2.091019   -0.591019 (VIOLATED)
_15827_/CLK                             1.500000    2.091007   -0.591007 (VIOLATED)
_15607_/CLK                             1.500000    2.090813   -0.590813 (VIOLATED)
_15667_/CLK                             1.500000    2.090793   -0.590793 (VIOLATED)
_17148_/CLK                             1.500000    2.089437   -0.589437 (VIOLATED)
_17268_/CLK                             1.500000    2.089436   -0.589436 (VIOLATED)
_17316_/CLK                             1.500000    2.089408   -0.589408 (VIOLATED)
_15690_/CLK                             1.500000    2.089373   -0.589373 (VIOLATED)
_17152_/CLK                             1.500000    2.089364   -0.589364 (VIOLATED)
_15694_/CLK                             1.500000    2.089356   -0.589356 (VIOLATED)
_17320_/CLK                             1.500000    2.089327   -0.589327 (VIOLATED)
_15187_/CLK                             1.500000    2.089292   -0.589292 (VIOLATED)
_17833_/CLK                             1.500000    2.089288   -0.589288 (VIOLATED)
_17857_/CLK                             1.500000    2.089277   -0.589277 (VIOLATED)
_15287_/CLK                             1.500000    2.089213   -0.589213 (VIOLATED)
_17809_/CLK                             1.500000    2.089154   -0.589154 (VIOLATED)
_15191_/CLK                             1.500000    2.089004   -0.589004 (VIOLATED)
_17851_/CLK                             1.500000    2.088958   -0.588958 (VIOLATED)
_17875_/CLK                             1.500000    2.088881   -0.588881 (VIOLATED)
_17803_/CLK                             1.500000    2.088796   -0.588796 (VIOLATED)
_15335_/CLK                             1.500000    2.088781   -0.588781 (VIOLATED)
_15623_/CLK                             1.500000    2.087814   -0.587814 (VIOLATED)
_17827_/CLK                             1.500000    2.087329   -0.587329 (VIOLATED)
_15137_/CLK                             1.500000    2.086617   -0.586617 (VIOLATED)
_15351_/CLK                             1.500000    2.085837   -0.585837 (VIOLATED)
_16262_/CLK                             1.500000    2.085121   -0.585121 (VIOLATED)
_15639_/CLK                             1.500000    2.085119   -0.585120 (VIOLATED)
_15997_/CLK                             1.500000    2.085115   -0.585115 (VIOLATED)
_15205_/CLK                             1.500000    2.085091   -0.585091 (VIOLATED)
_16000_/CLK                             1.500000    2.085075   -0.585075 (VIOLATED)
_15263_/CLK                             1.500000    2.084817   -0.584817 (VIOLATED)
_17137_/CLK                             1.500000    2.082951   -0.582951 (VIOLATED)
_15311_/CLK                             1.500000    2.082774   -0.582775 (VIOLATED)
_15185_/CLK                             1.500000    2.082333   -0.582333 (VIOLATED)
_15334_/CLK                             1.500000    2.082059   -0.582060 (VIOLATED)
_15262_/CLK                             1.500000    2.082050   -0.582050 (VIOLATED)
_15347_/CLK                             1.500000    2.080922   -0.580922 (VIOLATED)
_15259_/CLK                             1.500000    2.080609   -0.580609 (VIOLATED)
_15603_/CLK                             1.500000    2.079718   -0.579718 (VIOLATED)
_15307_/CLK                             1.500000    2.079712   -0.579712 (VIOLATED)
_15350_/CLK                             1.500000    2.079701   -0.579701 (VIOLATED)
_17136_/CLK                             1.500000    2.079688   -0.579688 (VIOLATED)
_15346_/CLK                             1.500000    2.079646   -0.579646 (VIOLATED)
_15258_/CLK                             1.500000    2.079621   -0.579621 (VIOLATED)
_17133_/CLK                             1.500000    2.079571   -0.579571 (VIOLATED)
_15619_/CLK                             1.500000    2.079521   -0.579521 (VIOLATED)
_16154_/CLK                             1.500000    2.077775   -0.577775 (VIOLATED)
_16772_/CLK                             1.500000    2.077360   -0.577360 (VIOLATED)
_16178_/CLK                             1.500000    2.077356   -0.577356 (VIOLATED)
_16106_/CLK                             1.500000    2.077346   -0.577346 (VIOLATED)
_16245_/CLK                             1.500000    2.075379   -0.575379 (VIOLATED)
_17230_/CLK                             1.500000    2.075377   -0.575377 (VIOLATED)
_16917_/CLK                             1.500000    2.075367   -0.575367 (VIOLATED)
_17389_/CLK                             1.500000    2.075364   -0.575364 (VIOLATED)
_15499_/CLK                             1.500000    2.075324   -0.575324 (VIOLATED)
_17205_/CLK                             1.500000    2.075301   -0.575301 (VIOLATED)
_17229_/CLK                             1.500000    2.075252   -0.575252 (VIOLATED)
_16244_/CLK                             1.500000    2.075249   -0.575249 (VIOLATED)
_17493_/CLK                             1.500000    2.075243   -0.575243 (VIOLATED)
_17533_/CLK                             1.500000    2.075113   -0.575113 (VIOLATED)
_17391_/CLK                             1.500000    2.074967   -0.574967 (VIOLATED)
_17393_/CLK                             1.500000    2.074948   -0.574948 (VIOLATED)
_15860_/CLK                             1.500000    2.074907   -0.574907 (VIOLATED)
_17110_/CLK                             1.500000    2.074902   -0.574902 (VIOLATED)
_15428_/CLK                             1.500000    2.074891   -0.574891 (VIOLATED)
_17233_/CLK                             1.500000    2.074890   -0.574890 (VIOLATED)
_16942_/CLK                             1.500000    2.074884   -0.574884 (VIOLATED)
_17495_/CLK                             1.500000    2.074875   -0.574875 (VIOLATED)
_17535_/CLK                             1.500000    2.074875   -0.574875 (VIOLATED)
_16246_/CLK                             1.500000    2.074854   -0.574854 (VIOLATED)
_16926_/CLK                             1.500000    2.074844   -0.574844 (VIOLATED)
_15430_/CLK                             1.500000    2.074786   -0.574786 (VIOLATED)
_16205_/CLK                             1.500000    2.074781   -0.574781 (VIOLATED)
_15432_/CLK                             1.500000    2.074761   -0.574761 (VIOLATED)
_17098_/CLK                             1.500000    2.074724   -0.574724 (VIOLATED)
_16944_/CLK                             1.500000    2.074639   -0.574639 (VIOLATED)
_17831_/CLK                             1.500000    2.074511   -0.574511 (VIOLATED)
_17094_/CLK                             1.500000    2.074445   -0.574445 (VIOLATED)
_16941_/CLK                             1.500000    2.074437   -0.574437 (VIOLATED)
_16946_/CLK                             1.500000    2.074437   -0.574437 (VIOLATED)
_17114_/CLK                             1.500000    2.074435   -0.574435 (VIOLATED)
_15427_/CLK                             1.500000    2.074419   -0.574419 (VIOLATED)
_17630_/CLK                             1.500000    2.074418   -0.574418 (VIOLATED)
_15862_/CLK                             1.500000    2.074414   -0.574414 (VIOLATED)
_17109_/CLK                             1.500000    2.074409   -0.574409 (VIOLATED)
_17096_/CLK                             1.500000    2.074396   -0.574396 (VIOLATED)
_17093_/CLK                             1.500000    2.074390   -0.574391 (VIOLATED)
_17108_/CLK                             1.500000    2.074352   -0.574352 (VIOLATED)
_15426_/CLK                             1.500000    2.074321   -0.574321 (VIOLATED)
_16229_/CLK                             1.500000    2.074279   -0.574279 (VIOLATED)
_16132_/CLK                             1.500000    2.074275   -0.574275 (VIOLATED)
_17606_/CLK                             1.500000    2.074265   -0.574265 (VIOLATED)
_17092_/CLK                             1.500000    2.074250   -0.574250 (VIOLATED)
_15858_/CLK                             1.500000    2.074247   -0.574247 (VIOLATED)
_17628_/CLK                             1.500000    2.074237   -0.574237 (VIOLATED)
_15429_/CLK                             1.500000    2.074226   -0.574226 (VIOLATED)
_15484_/CLK                             1.500000    2.074217   -0.574217 (VIOLATED)
_15548_/CLK                             1.500000    2.074217   -0.574217 (VIOLATED)
_17142_/CLK                             1.500000    2.074215   -0.574216 (VIOLATED)
_16924_/CLK                             1.500000    2.074212   -0.574212 (VIOLATED)
_15516_/CLK                             1.500000    2.074207   -0.574207 (VIOLATED)
_15859_/CLK                             1.500000    2.074204   -0.574205 (VIOLATED)
_16940_/CLK                             1.500000    2.074205   -0.574205 (VIOLATED)
_15436_/CLK                             1.500000    2.074197   -0.574197 (VIOLATED)
_17095_/CLK                             1.500000    2.074195   -0.574195 (VIOLATED)
_17629_/CLK                             1.500000    2.074167   -0.574167 (VIOLATED)
_15547_/CLK                             1.500000    2.074165   -0.574165 (VIOLATED)
_15550_/CLK                             1.500000    2.074160   -0.574160 (VIOLATED)
_17645_/CLK                             1.500000    2.074161   -0.574161 (VIOLATED)
_15515_/CLK                             1.500000    2.074150   -0.574150 (VIOLATED)
_15425_/CLK                             1.500000    2.074135   -0.574135 (VIOLATED)
_17648_/CLK                             1.500000    2.074123   -0.574123 (VIOLATED)
_16925_/CLK                             1.500000    2.074116   -0.574116 (VIOLATED)
_15517_/CLK                             1.500000    2.074090   -0.574091 (VIOLATED)
_15437_/CLK                             1.500000    2.074077   -0.574077 (VIOLATED)
_17647_/CLK                             1.500000    2.074074   -0.574074 (VIOLATED)
_15454_/CLK                             1.500000    2.074061   -0.574061 (VIOLATED)
_17140_/CLK                             1.500000    2.074057   -0.574057 (VIOLATED)
_15485_/CLK                             1.500000    2.074054   -0.574054 (VIOLATED)
_15431_/CLK                             1.500000    2.074038   -0.574038 (VIOLATED)
_15486_/CLK                             1.500000    2.074028   -0.574027 (VIOLATED)
_15518_/CLK                             1.500000    2.074025   -0.574025 (VIOLATED)
_15438_/CLK                             1.500000    2.074021   -0.574021 (VIOLATED)
_17141_/CLK                             1.500000    2.074005   -0.574005 (VIOLATED)
_15857_/CLK                             1.500000    2.073986   -0.573986 (VIOLATED)
_17113_/CLK                             1.500000    2.073850   -0.573850 (VIOLATED)
_15482_/CLK                             1.500000    2.073843   -0.573843 (VIOLATED)
_15434_/CLK                             1.500000    2.073803   -0.573803 (VIOLATED)
_17644_/CLK                             1.500000    2.073793   -0.573793 (VIOLATED)
_15514_/CLK                             1.500000    2.073760   -0.573760 (VIOLATED)
_16939_/CLK                             1.500000    2.073532   -0.573532 (VIOLATED)
_15863_/CLK                             1.500000    2.073523   -0.573523 (VIOLATED)
_16923_/CLK                             1.500000    2.073429   -0.573429 (VIOLATED)
_15487_/CLK                             1.500000    2.073372   -0.573372 (VIOLATED)
_17633_/CLK                             1.500000    2.073205   -0.573205 (VIOLATED)
_15439_/CLK                             1.500000    2.073151   -0.573151 (VIOLATED)
_15519_/CLK                             1.500000    2.072982   -0.572982 (VIOLATED)
_15520_/CLK                             1.500000    2.072751   -0.572751 (VIOLATED)
_15552_/CLK                             1.500000    2.072654   -0.572655 (VIOLATED)
_15551_/CLK                             1.500000    2.072601   -0.572601 (VIOLATED)
_17649_/CLK                             1.500000    2.072598   -0.572598 (VIOLATED)
_15535_/CLK                             1.500000    2.072579   -0.572579 (VIOLATED)
_16930_/CLK                             1.500000    2.072531   -0.572531 (VIOLATED)
_17650_/CLK                             1.500000    2.072530   -0.572530 (VIOLATED)
_17146_/CLK                             1.500000    2.072523   -0.572523 (VIOLATED)
_15440_/CLK                             1.500000    2.072520   -0.572520 (VIOLATED)
_15864_/CLK                             1.500000    2.072510   -0.572510 (VIOLATED)
_17634_/CLK                             1.500000    2.072492   -0.572492 (VIOLATED)
_16928_/CLK                             1.500000    2.072451   -0.572451 (VIOLATED)
_17112_/CLK                             1.500000    2.072438   -0.572438 (VIOLATED)
_16929_/CLK                             1.500000    2.072341   -0.572342 (VIOLATED)
_16945_/CLK                             1.500000    2.072316   -0.572316 (VIOLATED)
_17144_/CLK                             1.500000    2.072225   -0.572225 (VIOLATED)
_17632_/CLK                             1.500000    2.072172   -0.572173 (VIOLATED)
_15608_/CLK                             1.500000    2.072064   -0.572064 (VIOLATED)
_17091_/CLK                             1.500000    2.071975   -0.571974 (VIOLATED)
_17111_/CLK                             1.500000    2.071968   -0.571968 (VIOLATED)
_16927_/CLK                             1.500000    2.071956   -0.571956 (VIOLATED)
_15336_/CLK                             1.500000    2.071926   -0.571926 (VIOLATED)
_17097_/CLK                             1.500000    2.071917   -0.571917 (VIOLATED)
_17145_/CLK                             1.500000    2.071916   -0.571916 (VIOLATED)
_17107_/CLK                             1.500000    2.071904   -0.571905 (VIOLATED)
_17139_/CLK                             1.500000    2.071878   -0.571878 (VIOLATED)
_15165_/CLK                             1.500000    2.071654   -0.571654 (VIOLATED)
_16155_/CLK                             1.500000    2.071468   -0.571468 (VIOLATED)
_15282_/CLK                             1.500000    2.071306   -0.571307 (VIOLATED)
_15602_/CLK                             1.500000    2.071305   -0.571305 (VIOLATED)
_15306_/CLK                             1.500000    2.071298   -0.571298 (VIOLATED)
_17132_/CLK                             1.500000    2.071115   -0.571115 (VIOLATED)
_15288_/CLK                             1.500000    2.070966   -0.570966 (VIOLATED)
_17778_/CLK                             1.500000    2.070863   -0.570863 (VIOLATED)
_15352_/CLK                             1.500000    2.070825   -0.570825 (VIOLATED)
_15240_/CLK                             1.500000    2.070681   -0.570681 (VIOLATED)
_16711_/CLK                             1.500000    2.070221   -0.570221 (VIOLATED)
_16943_/CLK                             1.500000    2.070094   -0.570094 (VIOLATED)
_15330_/CLK                             1.500000    2.070091   -0.570091 (VIOLATED)
_15235_/CLK                             1.500000    2.070089   -0.570089 (VIOLATED)
_15861_/CLK                             1.500000    2.070088   -0.570088 (VIOLATED)
_17798_/CLK                             1.500000    2.070086   -0.570086 (VIOLATED)
_17631_/CLK                             1.500000    2.070083   -0.570083 (VIOLATED)
_17774_/CLK                             1.500000    2.070083   -0.570083 (VIOLATED)
_17143_/CLK                             1.500000    2.070071   -0.570070 (VIOLATED)
_17726_/CLK                             1.500000    2.070068   -0.570068 (VIOLATED)
_15236_/CLK                             1.500000    2.070034   -0.570034 (VIOLATED)
_17627_/CLK                             1.500000    2.070012   -0.570012 (VIOLATED)
_15618_/CLK                             1.500000    2.069940   -0.569940 (VIOLATED)
_17772_/CLK                             1.500000    2.069932   -0.569931 (VIOLATED)
_17749_/CLK                             1.500000    2.069837   -0.569837 (VIOLATED)
_16710_/CLK                             1.500000    2.069831   -0.569831 (VIOLATED)
_17748_/CLK                             1.500000    2.069812   -0.569812 (VIOLATED)
_15329_/CLK                             1.500000    2.069730   -0.569730 (VIOLATED)
_15617_/CLK                             1.500000    2.069722   -0.569722 (VIOLATED)
_17135_/CLK                             1.500000    2.069708   -0.569708 (VIOLATED)
_15281_/CLK                             1.500000    2.069689   -0.569689 (VIOLATED)
_15305_/CLK                             1.500000    2.069685   -0.569685 (VIOLATED)
_15349_/CLK                             1.500000    2.069683   -0.569683 (VIOLATED)
_17605_/CLK                             1.500000    2.069637   -0.569637 (VIOLATED)
_17802_/CLK                             1.500000    2.069589   -0.569589 (VIOLATED)
_16268_/CLK                             1.500000    2.069545   -0.569545 (VIOLATED)
_15624_/CLK                             1.500000    2.069543   -0.569543 (VIOLATED)
_17777_/CLK                             1.500000    2.069529   -0.569529 (VIOLATED)
_15239_/CLK                             1.500000    2.069523   -0.569523 (VIOLATED)
_17801_/CLK                             1.500000    2.069509   -0.569509 (VIOLATED)
_16272_/CLK                             1.500000    2.069450   -0.569450 (VIOLATED)
_17730_/CLK                             1.500000    2.069367   -0.569367 (VIOLATED)
_15264_/CLK                             1.500000    2.069181   -0.569182 (VIOLATED)
_17670_/CLK                             1.500000    2.069134   -0.569134 (VIOLATED)
_17750_/CLK                             1.500000    2.069071   -0.569071 (VIOLATED)
_16269_/CLK                             1.500000    2.068823   -0.568823 (VIOLATED)
_15621_/CLK                             1.500000    2.068758   -0.568758 (VIOLATED)
_15333_/CLK                             1.500000    2.068754   -0.568754 (VIOLATED)
_15309_/CLK                             1.500000    2.068753   -0.568753 (VIOLATED)
_15345_/CLK                             1.500000    2.068734   -0.568734 (VIOLATED)
_15261_/CLK                             1.500000    2.068727   -0.568727 (VIOLATED)
_15481_/CLK                             1.500000    2.068715   -0.568715 (VIOLATED)
_15545_/CLK                             1.500000    2.068705   -0.568705 (VIOLATED)
_15449_/CLK                             1.500000    2.068704   -0.568704 (VIOLATED)
_17643_/CLK                             1.500000    2.068694   -0.568694 (VIOLATED)
_16179_/CLK                             1.500000    2.068690   -0.568690 (VIOLATED)
_16107_/CLK                             1.500000    2.068684   -0.568684 (VIOLATED)
_15455_/CLK                             1.500000    2.068683   -0.568683 (VIOLATED)
_16159_/CLK                             1.500000    2.068662   -0.568662 (VIOLATED)
_16111_/CLK                             1.500000    2.068641   -0.568641 (VIOLATED)
_15488_/CLK                             1.500000    2.068639   -0.568639 (VIOLATED)
_15471_/CLK                             1.500000    2.068624   -0.568624 (VIOLATED)
_15513_/CLK                             1.500000    2.068537   -0.568537 (VIOLATED)
_15257_/CLK                             1.500000    2.068523   -0.568523 (VIOLATED)
_15433_/CLK                             1.500000    2.068508   -0.568508 (VIOLATED)
_15605_/CLK                             1.500000    2.068353   -0.568353 (VIOLATED)
_15285_/CLK                             1.500000    2.068337   -0.568337 (VIOLATED)
_15312_/CLK                             1.500000    2.068266   -0.568267 (VIOLATED)
_17138_/CLK                             1.500000    2.068265   -0.568265 (VIOLATED)
_15601_/CLK                             1.500000    2.068178   -0.568178 (VIOLATED)
_17131_/CLK                             1.500000    2.068106   -0.568106 (VIOLATED)
_15604_/CLK                             1.500000    2.067858   -0.567858 (VIOLATED)
_15284_/CLK                             1.500000    2.067806   -0.567806 (VIOLATED)
_15451_/CLK                             1.500000    2.067709   -0.567709 (VIOLATED)
_15435_/CLK                             1.500000    2.067707   -0.567707 (VIOLATED)
_15483_/CLK                             1.500000    2.067692   -0.567692 (VIOLATED)
_17646_/CLK                             1.500000    2.067663   -0.567663 (VIOLATED)
_15452_/CLK                             1.500000    2.067621   -0.567621 (VIOLATED)
_15467_/CLK                             1.500000    2.067575   -0.567575 (VIOLATED)
_15531_/CLK                             1.500000    2.067557   -0.567557 (VIOLATED)
_15532_/CLK                             1.500000    2.067533   -0.567533 (VIOLATED)
_15468_/CLK                             1.500000    2.067512   -0.567512 (VIOLATED)
_15348_/CLK                             1.500000    2.067417   -0.567417 (VIOLATED)
_16108_/CLK                             1.500000    2.067372   -0.567372 (VIOLATED)
_15332_/CLK                             1.500000    2.067369   -0.567369 (VIOLATED)
_17134_/CLK                             1.500000    2.067330   -0.567330 (VIOLATED)
_15308_/CLK                             1.500000    2.067329   -0.567329 (VIOLATED)
_15620_/CLK                             1.500000    2.067278   -0.567278 (VIOLATED)
_16180_/CLK                             1.500000    2.067265   -0.567265 (VIOLATED)
_16156_/CLK                             1.500000    2.067203   -0.567203 (VIOLATED)
_17754_/CLK                             1.500000    2.067138   -0.567138 (VIOLATED)
_15260_/CLK                             1.500000    2.067087   -0.567088 (VIOLATED)
_16774_/CLK                             1.500000    2.067087   -0.567087 (VIOLATED)
_15161_/CLK                             1.500000    2.067022   -0.567022 (VIOLATED)
_15167_/CLK                             1.500000    2.067014   -0.567014 (VIOLATED)
_15143_/CLK                             1.500000    2.067014   -0.567014 (VIOLATED)
_16715_/CLK                             1.500000    2.066948   -0.566949 (VIOLATED)
_16153_/CLK                             1.500000    2.066799   -0.566799 (VIOLATED)
_16105_/CLK                             1.500000    2.066730   -0.566730 (VIOLATED)
_16177_/CLK                             1.500000    2.066605   -0.566605 (VIOLATED)
_16129_/CLK                             1.500000    2.066559   -0.566559 (VIOLATED)
_17603_/CLK                             1.500000    2.066458   -0.566458 (VIOLATED)
_16202_/CLK                             1.500000    2.066175   -0.566174 (VIOLATED)
_16207_/CLK                             1.500000    2.066161   -0.566161 (VIOLATED)
_16771_/CLK                             1.500000    2.066140   -0.566140 (VIOLATED)
_16273_/CLK                             1.500000    2.066059   -0.566059 (VIOLATED)
_16182_/CLK                             1.500000    2.065964   -0.565965 (VIOLATED)
_16110_/CLK                             1.500000    2.065953   -0.565953 (VIOLATED)
_16184_/CLK                             1.500000    2.065861   -0.565861 (VIOLATED)
_16231_/CLK                             1.500000    2.065530   -0.565530 (VIOLATED)
_16226_/CLK                             1.500000    2.065479   -0.565479 (VIOLATED)
_16776_/CLK                             1.500000    2.065413   -0.565413 (VIOLATED)
_16136_/CLK                             1.500000    2.064700   -0.564700 (VIOLATED)
_17747_/CLK                             1.500000    2.064549   -0.564549 (VIOLATED)
_16266_/CLK                             1.500000    2.064358   -0.564358 (VIOLATED)
_16775_/CLK                             1.500000    2.063540   -0.563540 (VIOLATED)
_15115_/CLK                             1.500000    2.063384   -0.563384 (VIOLATED)
_17829_/CLK                             1.500000    2.063378   -0.563378 (VIOLATED)
_15163_/CLK                             1.500000    2.063371   -0.563371 (VIOLATED)
_15139_/CLK                             1.500000    2.063351   -0.563351 (VIOLATED)
_17855_/CLK                             1.500000    2.063289   -0.563289 (VIOLATED)
_17879_/CLK                             1.500000    2.063282   -0.563282 (VIOLATED)
_17807_/CLK                             1.500000    2.063226   -0.563226 (VIOLATED)
_15117_/CLK                             1.500000    2.063148   -0.563148 (VIOLATED)
_17830_/CLK                             1.500000    2.063132   -0.563132 (VIOLATED)
_17832_/CLK                             1.500000    2.063127   -0.563127 (VIOLATED)
_15188_/CLK                             1.500000    2.063122   -0.563122 (VIOLATED)
_15190_/CLK                             1.500000    2.063110   -0.563110 (VIOLATED)
_15113_/CLK                             1.500000    2.062932   -0.562932 (VIOLATED)
_16181_/CLK                             1.500000    2.062786   -0.562787 (VIOLATED)
_17881_/CLK                             1.500000    2.062781   -0.562781 (VIOLATED)
_15146_/CLK                             1.500000    2.062424   -0.562424 (VIOLATED)
_15149_/CLK                             1.500000    2.062329   -0.562329 (VIOLATED)
_16230_/CLK                             1.500000    2.062238   -0.562238 (VIOLATED)
_16109_/CLK                             1.500000    2.062236   -0.562236 (VIOLATED)
_16206_/CLK                             1.500000    2.062219   -0.562219 (VIOLATED)
_16133_/CLK                             1.500000    2.061787   -0.561787 (VIOLATED)
_17607_/CLK                             1.500000    2.061763   -0.561763 (VIOLATED)
_16158_/CLK                             1.500000    2.061602   -0.561602 (VIOLATED)
_17608_/CLK                             1.500000    2.061601   -0.561601 (VIOLATED)
_16134_/CLK                             1.500000    2.061581   -0.561581 (VIOLATED)
_17610_/CLK                             1.500000    2.061574   -0.561575 (VIOLATED)
_16112_/CLK                             1.500000    2.061541   -0.561541 (VIOLATED)
_16233_/CLK                             1.500000    2.061476   -0.561476 (VIOLATED)
_16778_/CLK                             1.500000    2.061439   -0.561439 (VIOLATED)
_16209_/CLK                             1.500000    2.061410   -0.561410 (VIOLATED)
_15148_/CLK                             1.500000    2.061364   -0.561365 (VIOLATED)
_17819_/CLK                             1.500000    2.061363   -0.561363 (VIOLATED)
_17867_/CLK                             1.500000    2.061363   -0.561363 (VIOLATED)
_17846_/CLK                             1.500000    2.061333   -0.561333 (VIOLATED)
_16157_/CLK                             1.500000    2.061052   -0.561052 (VIOLATED)
_17870_/CLK                             1.500000    2.059907   -0.559907 (VIOLATED)
_16523_/CLK                             1.500000    2.059378   -0.559378 (VIOLATED)
_15158_/CLK                             1.500000    2.059322   -0.559322 (VIOLATED)
_15156_/CLK                             1.500000    2.059025   -0.559025 (VIOLATED)
_17705_/CLK                             1.500000    2.058840   -0.558840 (VIOLATED)
_17797_/CLK                             1.500000    2.057461   -0.557461 (VIOLATED)
_17773_/CLK                             1.500000    2.057461   -0.557461 (VIOLATED)
_17796_/CLK                             1.500000    2.057456   -0.557456 (VIOLATED)
_17724_/CLK                             1.500000    2.057452   -0.557453 (VIOLATED)
_16267_/CLK                             1.500000    2.057422   -0.557423 (VIOLATED)
_16709_/CLK                             1.500000    2.057420   -0.557421 (VIOLATED)
_15234_/CLK                             1.500000    2.057384   -0.557384 (VIOLATED)
_17725_/CLK                             1.500000    2.057372   -0.557372 (VIOLATED)
_17669_/CLK                             1.500000    2.057313   -0.557313 (VIOLATED)
_15119_/CLK                             1.500000    2.057262   -0.557262 (VIOLATED)
_17668_/CLK                             1.500000    2.057251   -0.557252 (VIOLATED)
_17795_/CLK                             1.500000    2.057116   -0.557116 (VIOLATED)
_17826_/CLK                             1.500000    2.057098   -0.557098 (VIOLATED)
_17874_/CLK                             1.500000    2.057096   -0.557096 (VIOLATED)
_15104_/CLK                             1.500000    2.057079   -0.557079 (VIOLATED)
_17727_/CLK                             1.500000    2.057070   -0.557070 (VIOLATED)
_15233_/CLK                             1.500000    2.057060   -0.557060 (VIOLATED)
_17776_/CLK                             1.500000    2.057026   -0.557026 (VIOLATED)
_17728_/CLK                             1.500000    2.056831   -0.556831 (VIOLATED)
_17775_/CLK                             1.500000    2.056777   -0.556777 (VIOLATED)
_17799_/CLK                             1.500000    2.056770   -0.556770 (VIOLATED)
_17751_/CLK                             1.500000    2.056758   -0.556758 (VIOLATED)
_17723_/CLK                             1.500000    2.056744   -0.556744 (VIOLATED)
_17771_/CLK                             1.500000    2.056717   -0.556717 (VIOLATED)
_16708_/CLK                             1.500000    2.056695   -0.556695 (VIOLATED)
_17800_/CLK                             1.500000    2.056681   -0.556681 (VIOLATED)
_17672_/CLK                             1.500000    2.056612   -0.556613 (VIOLATED)
_17667_/CLK                             1.500000    2.056595   -0.556595 (VIOLATED)
_17752_/CLK                             1.500000    2.056581   -0.556581 (VIOLATED)
_16713_/CLK                             1.500000    2.056562   -0.556563 (VIOLATED)
_17785_/CLK                             1.500000    2.056414   -0.556414 (VIOLATED)
_15112_/CLK                             1.500000    2.056226   -0.556226 (VIOLATED)
_16714_/CLK                             1.500000    2.056176   -0.556176 (VIOLATED)
_17671_/CLK                             1.500000    2.056174   -0.556174 (VIOLATED)
_16270_/CLK                             1.500000    2.056173   -0.556173 (VIOLATED)
_16712_/CLK                             1.500000    2.056164   -0.556164 (VIOLATED)
_17673_/CLK                             1.500000    2.056134   -0.556134 (VIOLATED)
_17820_/CLK                             1.500000    2.055949   -0.555950 (VIOLATED)
_15200_/CLK                             1.500000    2.055909   -0.555909 (VIOLATED)
_15194_/CLK                             1.500000    2.055691   -0.555691 (VIOLATED)
_15160_/CLK                             1.500000    2.055510   -0.555510 (VIOLATED)
_15101_/CLK                             1.500000    2.055508   -0.555508 (VIOLATED)
_17850_/CLK                             1.500000    2.055337   -0.555338 (VIOLATED)
_15157_/CLK                             1.500000    2.055266   -0.555266 (VIOLATED)
_17753_/CLK                             1.500000    2.055172   -0.555172 (VIOLATED)
_15238_/CLK                             1.500000    2.055170   -0.555170 (VIOLATED)
_17729_/CLK                             1.500000    2.055170   -0.555170 (VIOLATED)
_15237_/CLK                             1.500000    2.055151   -0.555151 (VIOLATED)
_16271_/CLK                             1.500000    2.055072   -0.555072 (VIOLATED)
_17674_/CLK                             1.500000    2.055052   -0.555052 (VIOLATED)
_17868_/CLK                             1.500000    2.054943   -0.554943 (VIOLATED)
_15109_/CLK                             1.500000    2.054922   -0.554922 (VIOLATED)
_17824_/CLK                             1.500000    2.054852   -0.554852 (VIOLATED)
_15154_/CLK                             1.500000    2.054798   -0.554798 (VIOLATED)
_17844_/CLK                             1.500000    2.054776   -0.554776 (VIOLATED)
_15150_/CLK                             1.500000    2.054696   -0.554696 (VIOLATED)
_17872_/CLK                             1.500000    2.054629   -0.554629 (VIOLATED)
_17822_/CLK                             1.500000    2.054005   -0.554006 (VIOLATED)
_15186_/CLK                             1.500000    2.053833   -0.553833 (VIOLATED)
_15138_/CLK                             1.500000    2.053829   -0.553829 (VIOLATED)
_15164_/CLK                             1.500000    2.053829   -0.553829 (VIOLATED)
_15140_/CLK                             1.500000    2.053825   -0.553825 (VIOLATED)
_15108_/CLK                             1.500000    2.053752   -0.553752 (VIOLATED)
_17843_/CLK                             1.500000    2.053737   -0.553738 (VIOLATED)
_15193_/CLK                             1.500000    2.053734   -0.553734 (VIOLATED)
_15196_/CLK                             1.500000    2.053398   -0.553398 (VIOLATED)
_16563_/CLK                             1.500000    2.053256   -0.553256 (VIOLATED)
_15110_/CLK                             1.500000    2.053178   -0.553178 (VIOLATED)
_17848_/CLK                             1.500000    2.053177   -0.553177 (VIOLATED)
_15100_/CLK                             1.500000    2.053154   -0.553154 (VIOLATED)
_15145_/CLK                             1.500000    2.053127   -0.553127 (VIOLATED)
_15097_/CLK                             1.500000    2.052091   -0.552091 (VIOLATED)
_15105_/CLK                             1.500000    2.051885   -0.551885 (VIOLATED)
_15153_/CLK                             1.500000    2.051647   -0.551647 (VIOLATED)
_15166_/CLK                             1.500000    2.051243   -0.551243 (VIOLATED)
_16835_/CLK                             1.500000    2.050045   -0.550045 (VIOLATED)
_17755_/CLK                             1.500000    2.049685   -0.549685 (VIOLATED)
_16517_/CLK                             1.500000    2.049450   -0.549450 (VIOLATED)
_15142_/CLK                             1.500000    2.048949   -0.548949 (VIOLATED)
_16853_/CLK                             1.500000    2.048909   -0.548909 (VIOLATED)
_17484_/CLK                             1.500000    2.048728   -0.548728 (VIOLATED)
_15854_/CLK                             1.500000    2.048727   -0.548727 (VIOLATED)
_15490_/CLK                             1.500000    2.048726   -0.548726 (VIOLATED)
_15544_/CLK                             1.500000    2.048688   -0.548688 (VIOLATED)
_16938_/CLK                             1.500000    2.048656   -0.548656 (VIOLATED)
_15446_/CLK                             1.500000    2.048652   -0.548652 (VIOLATED)
_15542_/CLK                             1.500000    2.048644   -0.548644 (VIOLATED)
_15574_/CLK                             1.500000    2.048636   -0.548636 (VIOLATED)
_15496_/CLK                             1.500000    2.048629   -0.548629 (VIOLATED)
_16936_/CLK                             1.500000    2.048622   -0.548622 (VIOLATED)
_15570_/CLK                             1.500000    2.048572   -0.548572 (VIOLATED)
_15768_/CLK                             1.500000    2.048565   -0.548565 (VIOLATED)
_17490_/CLK                             1.500000    2.048564   -0.548564 (VIOLATED)
_15856_/CLK                             1.500000    2.048553   -0.548553 (VIOLATED)
_15762_/CLK                             1.500000    2.048552   -0.548552 (VIOLATED)
_15442_/CLK                             1.500000    2.048550   -0.548550 (VIOLATED)
_15850_/CLK                             1.500000    2.048540   -0.548540 (VIOLATED)
_15576_/CLK                             1.500000    2.048500   -0.548500 (VIOLATED)
_15448_/CLK                             1.500000    2.048494   -0.548494 (VIOLATED)
_15538_/CLK                             1.500000    2.048478   -0.548478 (VIOLATED)
_16932_/CLK                             1.500000    2.048472   -0.548472 (VIOLATED)
_16833_/CLK                             1.500000    2.048460   -0.548460 (VIOLATED)
_15541_/CLK                             1.500000    2.048454   -0.548454 (VIOLATED)
_16834_/CLK                             1.500000    2.048450   -0.548450 (VIOLATED)
_15493_/CLK                             1.500000    2.048432   -0.548432 (VIOLATED)
_16836_/CLK                             1.500000    2.048414   -0.548414 (VIOLATED)
_16838_/CLK                             1.500000    2.048392   -0.548392 (VIOLATED)
_17483_/CLK                             1.500000    2.048383   -0.548383 (VIOLATED)
_15569_/CLK                             1.500000    2.048379   -0.548379 (VIOLATED)
_15849_/CLK                             1.500000    2.048349   -0.548349 (VIOLATED)
_16931_/CLK                             1.500000    2.048349   -0.548349 (VIOLATED)
_17488_/CLK                             1.500000    2.048271   -0.548271 (VIOLATED)
_15494_/CLK                             1.500000    2.048261   -0.548261 (VIOLATED)
_15766_/CLK                             1.500000    2.048249   -0.548249 (VIOLATED)
_15540_/CLK                             1.500000    2.048217   -0.548217 (VIOLATED)
_15572_/CLK                             1.500000    2.048188   -0.548188 (VIOLATED)
_15444_/CLK                             1.500000    2.048165   -0.548165 (VIOLATED)
_17486_/CLK                             1.500000    2.048143   -0.548143 (VIOLATED)
_15492_/CLK                             1.500000    2.048120   -0.548120 (VIOLATED)
_15764_/CLK                             1.500000    2.048119   -0.548119 (VIOLATED)
_15852_/CLK                             1.500000    2.048111   -0.548111 (VIOLATED)
_15855_/CLK                             1.500000    2.048073   -0.548073 (VIOLATED)
_16934_/CLK                             1.500000    2.048028   -0.548029 (VIOLATED)
_16937_/CLK                             1.500000    2.047989   -0.547989 (VIOLATED)
_15489_/CLK                             1.500000    2.047888   -0.547888 (VIOLATED)
_15441_/CLK                             1.500000    2.047884   -0.547884 (VIOLATED)
_15761_/CLK                             1.500000    2.047880   -0.547880 (VIOLATED)
_15537_/CLK                             1.500000    2.047861   -0.547861 (VIOLATED)
_15491_/CLK                             1.500000    2.047720   -0.547720 (VIOLATED)
_15763_/CLK                             1.500000    2.047697   -0.547697 (VIOLATED)
_15767_/CLK                             1.500000    2.047647   -0.547647 (VIOLATED)
_15543_/CLK                             1.500000    2.047633   -0.547633 (VIOLATED)
_15495_/CLK                             1.500000    2.047596   -0.547596 (VIOLATED)
_15447_/CLK                             1.500000    2.047528   -0.547528 (VIOLATED)
_16933_/CLK                             1.500000    2.047374   -0.547374 (VIOLATED)
_15571_/CLK                             1.500000    2.047373   -0.547373 (VIOLATED)
_17489_/CLK                             1.500000    2.047283   -0.547283 (VIOLATED)
_15443_/CLK                             1.500000    2.047142   -0.547142 (VIOLATED)
_15575_/CLK                             1.500000    2.047141   -0.547141 (VIOLATED)
_17485_/CLK                             1.500000    2.047060   -0.547060 (VIOLATED)
_15539_/CLK                             1.500000    2.046928   -0.546928 (VIOLATED)
_15851_/CLK                             1.500000    2.046794   -0.546794 (VIOLATED)
_17424_/CLK                             1.500000    2.045707   -0.545708 (VIOLATED)
_16848_/CLK                             1.500000    2.045669   -0.545669 (VIOLATED)
_16843_/CLK                             1.500000    2.045667   -0.545667 (VIOLATED)
_16878_/CLK                             1.500000    2.045663   -0.545663 (VIOLATED)
_17456_/CLK                             1.500000    2.045455   -0.545455 (VIOLATED)
_17440_/CLK                             1.500000    2.045391   -0.545391 (VIOLATED)
_16879_/CLK                             1.500000    2.045238   -0.545238 (VIOLATED)
_16795_/CLK                             1.500000    2.045233   -0.545233 (VIOLATED)
_16839_/CLK                             1.500000    2.045232   -0.545232 (VIOLATED)
_16851_/CLK                             1.500000    2.045200   -0.545200 (VIOLATED)
_15685_/CLK                             1.500000    2.044561   -0.544562 (VIOLATED)
_17463_/CLK                             1.500000    2.044558   -0.544558 (VIOLATED)
_17271_/CLK                             1.500000    2.044524   -0.544524 (VIOLATED)
_17151_/CLK                             1.500000    2.044519   -0.544519 (VIOLATED)
_17367_/CLK                             1.500000    2.044505   -0.544505 (VIOLATED)
_15693_/CLK                             1.500000    2.044498   -0.544498 (VIOLATED)
_15645_/CLK                             1.500000    2.044473   -0.544473 (VIOLATED)
_17425_/CLK                             1.500000    2.044450   -0.544450 (VIOLATED)
_17457_/CLK                             1.500000    2.044447   -0.544447 (VIOLATED)
_15641_/CLK                             1.500000    2.044410   -0.544410 (VIOLATED)
_15681_/CLK                             1.500000    2.044384   -0.544384 (VIOLATED)
_17194_/CLK                             1.500000    2.044212   -0.544212 (VIOLATED)
_17781_/CLK                             1.500000    2.043975   -0.543975 (VIOLATED)
_15360_/CLK                             1.500000    2.043546   -0.543546 (VIOLATED)
_16935_/CLK                             1.500000    2.043381   -0.543382 (VIOLATED)
_15573_/CLK                             1.500000    2.043378   -0.543378 (VIOLATED)
_15853_/CLK                             1.500000    2.043366   -0.543366 (VIOLATED)
_15765_/CLK                             1.500000    2.043345   -0.543345 (VIOLATED)
_17487_/CLK                             1.500000    2.043342   -0.543342 (VIOLATED)
_15445_/CLK                             1.500000    2.043321   -0.543321 (VIOLATED)
_17338_/CLK                             1.500000    2.043248   -0.543248 (VIOLATED)
_15712_/CLK                             1.500000    2.043246   -0.543246 (VIOLATED)
_17384_/CLK                             1.500000    2.043206   -0.543206 (VIOLATED)
_17288_/CLK                             1.500000    2.043205   -0.543205 (VIOLATED)
_17336_/CLK                             1.500000    2.043203   -0.543203 (VIOLATED)
_15662_/CLK                             1.500000    2.043186   -0.543186 (VIOLATED)
_17472_/CLK                             1.500000    2.043153   -0.543153 (VIOLATED)
_17192_/CLK                             1.500000    2.043143   -0.543143 (VIOLATED)
_17386_/CLK                             1.500000    2.043128   -0.543128 (VIOLATED)
_15358_/CLK                             1.500000    2.043125   -0.543125 (VIOLATED)
_17402_/CLK                             1.500000    2.043119   -0.543119 (VIOLATED)
_17290_/CLK                             1.500000    2.043116   -0.543116 (VIOLATED)
_17474_/CLK                             1.500000    2.043103   -0.543103 (VIOLATED)
_17018_/CLK                             1.500000    2.043100   -0.543100 (VIOLATED)
_17442_/CLK                             1.500000    2.043078   -0.543078 (VIOLATED)
_17193_/CLK                             1.500000    2.043035   -0.543035 (VIOLATED)
_15616_/CLK                             1.500000    2.043022   -0.543022 (VIOLATED)
_15664_/CLK                             1.500000    2.043019   -0.543019 (VIOLATED)
_15359_/CLK                             1.500000    2.043008   -0.543008 (VIOLATED)
_17379_/CLK                             1.500000    2.042945   -0.542946 (VIOLATED)
_17331_/CLK                             1.500000    2.042944   -0.542944 (VIOLATED)
_15416_/CLK                             1.500000    2.042911   -0.542911 (VIOLATED)
_16852_/CLK                             1.500000    2.042902   -0.542902 (VIOLATED)
_15414_/CLK                             1.500000    2.042899   -0.542899 (VIOLATED)
_15705_/CLK                             1.500000    2.042802   -0.542802 (VIOLATED)
_15657_/CLK                             1.500000    2.042737   -0.542737 (VIOLATED)
_17011_/CLK                             1.500000    2.042647   -0.542647 (VIOLATED)
_15609_/CLK                             1.500000    2.042645   -0.542646 (VIOLATED)
_17283_/CLK                             1.500000    2.042639   -0.542639 (VIOLATED)
_17395_/CLK                             1.500000    2.042637   -0.542637 (VIOLATED)
_17289_/CLK                             1.500000    2.042615   -0.542615 (VIOLATED)
_17385_/CLK                             1.500000    2.042555   -0.542555 (VIOLATED)
_17337_/CLK                             1.500000    2.042510   -0.542510 (VIOLATED)
_15382_/CLK                             1.500000    2.042501   -0.542501 (VIOLATED)
_17017_/CLK                             1.500000    2.042498   -0.542498 (VIOLATED)
_15615_/CLK                             1.500000    2.042238   -0.542238 (VIOLATED)
_15663_/CLK                             1.500000    2.042125   -0.542125 (VIOLATED)
_16842_/CLK                             1.500000    2.041732   -0.541732 (VIOLATED)
_16844_/CLK                             1.500000    2.041729   -0.541730 (VIOLATED)
_16854_/CLK                             1.500000    2.041717   -0.541717 (VIOLATED)
_17458_/CLK                             1.500000    2.041562   -0.541562 (VIOLATED)
_17426_/CLK                             1.500000    2.041366   -0.541366 (VIOLATED)
_15384_/CLK                             1.500000    2.041131   -0.541132 (VIOLATED)
_17473_/CLK                             1.500000    2.040978   -0.540978 (VIOLATED)
_15341_/CLK                             1.500000    2.040934   -0.540934 (VIOLATED)
_17191_/CLK                             1.500000    2.040893   -0.540893 (VIOLATED)
_17441_/CLK                             1.500000    2.040660   -0.540660 (VIOLATED)
_16846_/CLK                             1.500000    2.040510   -0.540511 (VIOLATED)
_17733_/CLK                             1.500000    2.040457   -0.540457 (VIOLATED)
_17401_/CLK                             1.500000    2.040403   -0.540403 (VIOLATED)
_15711_/CLK                             1.500000    2.040401   -0.540401 (VIOLATED)
_15413_/CLK                             1.500000    2.040374   -0.540374 (VIOLATED)
_17333_/CLK                             1.500000    2.040370   -0.540370 (VIOLATED)
_15611_/CLK                             1.500000    2.040369   -0.540369 (VIOLATED)
_17285_/CLK                             1.500000    2.040368   -0.540368 (VIOLATED)
_17381_/CLK                             1.500000    2.040367   -0.540367 (VIOLATED)
_17013_/CLK                             1.500000    2.040349   -0.540349 (VIOLATED)
_17397_/CLK                             1.500000    2.040345   -0.540345 (VIOLATED)
_15659_/CLK                             1.500000    2.040339   -0.540339 (VIOLATED)
_15707_/CLK                             1.500000    2.040329   -0.540329 (VIOLATED)
_17190_/CLK                             1.500000    2.040280   -0.540280 (VIOLATED)
_17422_/CLK                             1.500000    2.040252   -0.540252 (VIOLATED)
_17454_/CLK                             1.500000    2.040219   -0.540219 (VIOLATED)
_17470_/CLK                             1.500000    2.040202   -0.540202 (VIOLATED)
_17439_/CLK                             1.500000    2.040064   -0.540064 (VIOLATED)
_15357_/CLK                             1.500000    2.040040   -0.540040 (VIOLATED)
_17455_/CLK                             1.500000    2.040035   -0.540035 (VIOLATED)
_17471_/CLK                             1.500000    2.039958   -0.539959 (VIOLATED)
_16797_/CLK                             1.500000    2.039792   -0.539792 (VIOLATED)
_16881_/CLK                             1.500000    2.039784   -0.539784 (VIOLATED)
_16880_/CLK                             1.500000    2.039773   -0.539774 (VIOLATED)
_16622_/CLK                             1.500000    2.039759   -0.539759 (VIOLATED)
_16625_/CLK                             1.500000    2.039729   -0.539729 (VIOLATED)
_16845_/CLK                             1.500000    2.039695   -0.539695 (VIOLATED)
_16790_/CLK                             1.500000    2.039694   -0.539694 (VIOLATED)
_17467_/CLK                             1.500000    2.039246   -0.539246 (VIOLATED)
_17187_/CLK                             1.500000    2.039081   -0.539081 (VIOLATED)
_16785_/CLK                             1.500000    2.038649   -0.538649 (VIOLATED)
_16519_/CLK                             1.500000    2.037958   -0.537958 (VIOLATED)
_17677_/CLK                             1.500000    2.037956   -0.537957 (VIOLATED)
_17420_/CLK                             1.500000    2.037467   -0.537467 (VIOLATED)
_17468_/CLK                             1.500000    2.037467   -0.537467 (VIOLATED)
_17188_/CLK                             1.500000    2.037436   -0.537437 (VIOLATED)
_17452_/CLK                             1.500000    2.037436   -0.537436 (VIOLATED)
_17189_/CLK                             1.500000    2.037391   -0.537391 (VIOLATED)
_17437_/CLK                             1.500000    2.037386   -0.537386 (VIOLATED)
_17421_/CLK                             1.500000    2.037383   -0.537383 (VIOLATED)
_17453_/CLK                             1.500000    2.037364   -0.537364 (VIOLATED)
_17419_/CLK                             1.500000    2.037294   -0.537294 (VIOLATED)
_15354_/CLK                             1.500000    2.037236   -0.537236 (VIOLATED)
_15410_/CLK                             1.500000    2.037235   -0.537235 (VIOLATED)
_15355_/CLK                             1.500000    2.037228   -0.537228 (VIOLATED)
_15296_/CLK                             1.500000    2.037125   -0.537125 (VIOLATED)
_15248_/CLK                             1.500000    2.037118   -0.537118 (VIOLATED)
_15411_/CLK                             1.500000    2.037116   -0.537116 (VIOLATED)
_15344_/CLK                             1.500000    2.037114   -0.537114 (VIOLATED)
_15320_/CLK                             1.500000    2.037097   -0.537097 (VIOLATED)
_17469_/CLK                             1.500000    2.037027   -0.537027 (VIOLATED)
_15293_/CLK                             1.500000    2.037023   -0.537023 (VIOLATED)
_15415_/CLK                             1.500000    2.037021   -0.537021 (VIOLATED)
_15383_/CLK                             1.500000    2.037008   -0.537008 (VIOLATED)
_17436_/CLK                             1.500000    2.037001   -0.537001 (VIOLATED)
_15379_/CLK                             1.500000    2.036979   -0.536979 (VIOLATED)
_15378_/CLK                             1.500000    2.036938   -0.536938 (VIOLATED)
_17686_/CLK                             1.500000    2.036675   -0.536675 (VIOLATED)
_17701_/CLK                             1.500000    2.036552   -0.536552 (VIOLATED)
_15993_/CLK                             1.500000    2.036516   -0.536516 (VIOLATED)
_15996_/CLK                             1.500000    2.036515   -0.536515 (VIOLATED)
_15633_/CLK                             1.500000    2.036500   -0.536500 (VIOLATED)
_17126_/CLK                             1.500000    2.036484   -0.536484 (VIOLATED)
_15245_/CLK                             1.500000    2.036372   -0.536373 (VIOLATED)
_15994_/CLK                             1.500000    2.036190   -0.536190 (VIOLATED)
_16788_/CLK                             1.500000    2.036173   -0.536173 (VIOLATED)
_16264_/CLK                             1.500000    2.035937   -0.535937 (VIOLATED)
_15999_/CLK                             1.500000    2.035930   -0.535930 (VIOLATED)
_16533_/CLK                             1.500000    2.035885   -0.535885 (VIOLATED)
_16260_/CLK                             1.500000    2.035696   -0.535696 (VIOLATED)
_17125_/CLK                             1.500000    2.035536   -0.535536 (VIOLATED)
_15201_/CLK                             1.500000    2.035175   -0.535175 (VIOLATED)
_17689_/CLK                             1.500000    2.035084   -0.535084 (VIOLATED)
_17451_/CLK                             1.500000    2.035077   -0.535077 (VIOLATED)
_17688_/CLK                             1.500000    2.034988   -0.534988 (VIOLATED)
_16847_/CLK                             1.500000    2.034805   -0.534805 (VIOLATED)
_15353_/CLK                             1.500000    2.034759   -0.534759 (VIOLATED)
_17435_/CLK                             1.500000    2.034746   -0.534746 (VIOLATED)
_15377_/CLK                             1.500000    2.034738   -0.534738 (VIOLATED)
_15995_/CLK                             1.500000    2.034683   -0.534683 (VIOLATED)
_16732_/CLK                             1.500000    2.034644   -0.534644 (VIOLATED)
_15409_/CLK                             1.500000    2.034476   -0.534476 (VIOLATED)
_15635_/CLK                             1.500000    2.034409   -0.534409 (VIOLATED)
_17690_/CLK                             1.500000    2.034133   -0.534133 (VIOLATED)
_15638_/CLK                             1.500000    2.033719   -0.533719 (VIOLATED)
_17128_/CLK                             1.500000    2.033719   -0.533719 (VIOLATED)
_16263_/CLK                             1.500000    2.033716   -0.533716 (VIOLATED)
_15998_/CLK                             1.500000    2.033712   -0.533712 (VIOLATED)
_17130_/CLK                             1.500000    2.033706   -0.533706 (VIOLATED)
_16265_/CLK                             1.500000    2.033687   -0.533687 (VIOLATED)
_15640_/CLK                             1.500000    2.033631   -0.533631 (VIOLATED)
_16538_/CLK                             1.500000    2.033586   -0.533586 (VIOLATED)
_17582_/CLK                             1.500000    2.033578   -0.533578 (VIOLATED)
_17406_/CLK                             1.500000    2.033570   -0.533570 (VIOLATED)
_15206_/CLK                             1.500000    2.033568   -0.533568 (VIOLATED)
_17310_/CLK                             1.500000    2.033561   -0.533561 (VIOLATED)
_16733_/CLK                             1.500000    2.033537   -0.533537 (VIOLATED)
_16731_/CLK                             1.500000    2.033533   -0.533533 (VIOLATED)
_17342_/CLK                             1.500000    2.033531   -0.533531 (VIOLATED)
_17581_/CLK                             1.500000    2.033506   -0.533506 (VIOLATED)
_17309_/CLK                             1.500000    2.033502   -0.533502 (VIOLATED)
_15203_/CLK                             1.500000    2.033477   -0.533477 (VIOLATED)
_16535_/CLK                             1.500000    2.033459   -0.533459 (VIOLATED)
_17409_/CLK                             1.500000    2.033404   -0.533404 (VIOLATED)
_17405_/CLK                             1.500000    2.033377   -0.533377 (VIOLATED)
_17345_/CLK                             1.500000    2.033369   -0.533369 (VIOLATED)
_16540_/CLK                             1.500000    2.033345   -0.533345 (VIOLATED)
_17341_/CLK                             1.500000    2.033321   -0.533321 (VIOLATED)
_15208_/CLK                             1.500000    2.033145   -0.533145 (VIOLATED)
_17423_/CLK                             1.500000    2.033056   -0.533056 (VIOLATED)
_15380_/CLK                             1.500000    2.033054   -0.533054 (VIOLATED)
_17438_/CLK                             1.500000    2.033046   -0.533046 (VIOLATED)
_15381_/CLK                             1.500000    2.033006   -0.533006 (VIOLATED)
_15356_/CLK                             1.500000    2.032788   -0.532788 (VIOLATED)
_17165_/CLK                             1.500000    2.032577   -0.532577 (VIOLATED)
_15412_/CLK                             1.500000    2.032334   -0.532334 (VIOLATED)
_15189_/CLK                             1.500000    2.032157   -0.532157 (VIOLATED)
_15141_/CLK                             1.500000    2.032086   -0.532086 (VIOLATED)
_16794_/CLK                             1.500000    2.031774   -0.531774 (VIOLATED)
_16559_/CLK                             1.500000    2.031754   -0.531754 (VIOLATED)
_17757_/CLK                             1.500000    2.031503   -0.531503 (VIOLATED)
_15343_/CLK                             1.500000    2.031302   -0.531302 (VIOLATED)
_15247_/CLK                             1.500000    2.031300   -0.531300 (VIOLATED)
_15295_/CLK                             1.500000    2.031161   -0.531161 (VIOLATED)
_15375_/CLK                             1.500000    2.030689   -0.530689 (VIOLATED)
_15319_/CLK                             1.500000    2.030684   -0.530684 (VIOLATED)
_15407_/CLK                             1.500000    2.030665   -0.530665 (VIOLATED)
_17567_/CLK                             1.500000    2.030400   -0.530400 (VIOLATED)
_17279_/CLK                             1.500000    2.030399   -0.530399 (VIOLATED)
_17247_/CLK                             1.500000    2.030392   -0.530392 (VIOLATED)
_17183_/CLK                             1.500000    2.029153   -0.529153 (VIOLATED)
_15525_/CLK                             1.500000    2.028170   -0.528170 (VIOLATED)
_17175_/CLK                             1.500000    2.028133   -0.528133 (VIOLATED)
_16874_/CLK                             1.500000    2.027372   -0.527372 (VIOLATED)
_16875_/CLK                             1.500000    2.027371   -0.527371 (VIOLATED)
_17185_/CLK                             1.500000    2.026924   -0.526924 (VIOLATED)
_17281_/CLK                             1.500000    2.026465   -0.526466 (VIOLATED)
_16870_/CLK                             1.500000    2.026177   -0.526177 (VIOLATED)
_16869_/CLK                             1.500000    2.025619   -0.525619 (VIOLATED)
_15391_/CLK                             1.500000    2.024600   -0.524600 (VIOLATED)
_17683_/CLK                             1.500000    2.024463   -0.524463 (VIOLATED)
_16729_/CLK                             1.500000    2.024458   -0.524458 (VIOLATED)
_17684_/CLK                             1.500000    2.024459   -0.524459 (VIOLATED)
_17127_/CLK                             1.500000    2.024434   -0.524434 (VIOLATED)
_15634_/CLK                             1.500000    2.024382   -0.524382 (VIOLATED)
_17687_/CLK                             1.500000    2.024366   -0.524366 (VIOLATED)
_17685_/CLK                             1.500000    2.024360   -0.524360 (VIOLATED)
_16728_/CLK                             1.500000    2.024338   -0.524338 (VIOLATED)
_16727_/CLK                             1.500000    2.024326   -0.524326 (VIOLATED)
_16726_/CLK                             1.500000    2.024224   -0.524224 (VIOLATED)
_15637_/CLK                             1.500000    2.024180   -0.524180 (VIOLATED)
_16730_/CLK                             1.500000    2.024143   -0.524143 (VIOLATED)
_16873_/CLK                             1.500000    2.024027   -0.524027 (VIOLATED)
_17181_/CLK                             1.500000    2.023214   -0.523214 (VIOLATED)
_15599_/CLK                             1.500000    2.022966   -0.522966 (VIOLATED)
_17087_/CLK                             1.500000    2.022961   -0.522961 (VIOLATED)
_17089_/CLK                             1.500000    2.022957   -0.522957 (VIOLATED)
_15597_/CLK                             1.500000    2.022933   -0.522933 (VIOLATED)
_15479_/CLK                             1.500000    2.022886   -0.522886 (VIOLATED)
_17197_/CLK                             1.500000    2.022314   -0.522314 (VIOLATED)
_17259_/CLK                             1.500000    2.022103   -0.522103 (VIOLATED)
_16872_/CLK                             1.500000    2.021752   -0.521752 (VIOLATED)
_16868_/CLK                             1.500000    2.021751   -0.521751 (VIOLATED)
_16911_/CLK                             1.500000    2.021746   -0.521746 (VIOLATED)
_16871_/CLK                             1.500000    2.021660   -0.521660 (VIOLATED)
_17547_/CLK                             1.500000    2.021008   -0.521008 (VIOLATED)
_16779_/CLK                             1.500000    2.019238   -0.519238 (VIOLATED)
_16867_/CLK                             1.500000    2.019233   -0.519233 (VIOLATED)
_16585_/CLK                             1.500000    2.019228   -0.519228 (VIOLATED)
_16866_/CLK                             1.500000    2.019208   -0.519208 (VIOLATED)
_16865_/CLK                             1.500000    2.019185   -0.519185 (VIOLATED)
_15289_/CLK                             1.500000    2.018835   -0.518835 (VIOLATED)
_15523_/CLK                             1.500000    2.018816   -0.518816 (VIOLATED)
_16864_/CLK                             1.500000    2.017366   -0.517366 (VIOLATED)
_17568_/CLK                             1.500000    2.017020   -0.517020 (VIOLATED)
_17552_/CLK                             1.500000    2.017018   -0.517018 (VIOLATED)
_17554_/CLK                             1.500000    2.017007   -0.517007 (VIOLATED)
_15342_/CLK                             1.500000    2.016545   -0.516545 (VIOLATED)
_17282_/CLK                             1.500000    2.015692   -0.515692 (VIOLATED)
_17186_/CLK                             1.500000    2.014718   -0.514718 (VIOLATED)
_17184_/CLK                             1.500000    2.014603   -0.514603 (VIOLATED)
_17249_/CLK                             1.500000    2.013846   -0.513846 (VIOLATED)
_17553_/CLK                             1.500000    2.013844   -0.513844 (VIOLATED)
_17569_/CLK                             1.500000    2.013813   -0.513813 (VIOLATED)
_17201_/CLK                             1.500000    2.013807   -0.513807 (VIOLATED)
_16584_/CLK                             1.500000    2.013806   -0.513806 (VIOLATED)
_17549_/CLK                             1.500000    2.013798   -0.513798 (VIOLATED)
_17277_/CLK                             1.500000    2.013770   -0.513770 (VIOLATED)
_17250_/CLK                             1.500000    2.013685   -0.513686 (VIOLATED)
_17570_/CLK                             1.500000    2.013680   -0.513680 (VIOLATED)
_17243_/CLK                             1.500000    2.013666   -0.513666 (VIOLATED)
_17563_/CLK                             1.500000    2.013616   -0.513616 (VIOLATED)
_17202_/CLK                             1.500000    2.013299   -0.513299 (VIOLATED)
_16587_/CLK                             1.500000    2.013128   -0.513128 (VIOLATED)
_16863_/CLK                             1.500000    2.013119   -0.513120 (VIOLATED)
_16862_/CLK                             1.500000    2.013108   -0.513108 (VIOLATED)
_17168_/CLK                             1.500000    2.012610   -0.512610 (VIOLATED)
_16562_/CLK                             1.500000    2.012605   -0.512605 (VIOLATED)
_17680_/CLK                             1.500000    2.012604   -0.512604 (VIOLATED)
_17760_/CLK                             1.500000    2.012576   -0.512576 (VIOLATED)
_17736_/CLK                             1.500000    2.012573   -0.512573 (VIOLATED)
_17200_/CLK                             1.500000    2.012556   -0.512556 (VIOLATED)
_17779_/CLK                             1.500000    2.012533   -0.512533 (VIOLATED)
_17703_/CLK                             1.500000    2.012513   -0.512513 (VIOLATED)
_17675_/CLK                             1.500000    2.012491   -0.512491 (VIOLATED)
_17699_/CLK                             1.500000    2.012486   -0.512486 (VIOLATED)
_17679_/CLK                             1.500000    2.012465   -0.512465 (VIOLATED)
_17784_/CLK                             1.500000    2.012400   -0.512400 (VIOLATED)
_17704_/CLK                             1.500000    2.012399   -0.512399 (VIOLATED)
_16522_/CLK                             1.500000    2.012398   -0.512398 (VIOLATED)
_16646_/CLK                             1.500000    2.012360   -0.512360 (VIOLATED)
_16557_/CLK                             1.500000    2.012355   -0.512355 (VIOLATED)
_17681_/CLK                             1.500000    2.012353   -0.512353 (VIOLATED)
_17737_/CLK                             1.500000    2.012323   -0.512323 (VIOLATED)
_17169_/CLK                             1.500000    2.012286   -0.512286 (VIOLATED)
_17761_/CLK                             1.500000    2.012231   -0.512231 (VIOLATED)
_17163_/CLK                             1.500000    2.012185   -0.512185 (VIOLATED)
_17167_/CLK                             1.500000    2.012174   -0.512174 (VIOLATED)
_17783_/CLK                             1.500000    2.012142   -0.512143 (VIOLATED)
_17731_/CLK                             1.500000    2.012119   -0.512119 (VIOLATED)
_15294_/CLK                             1.500000    2.011851   -0.511851 (VIOLATED)
_16520_/CLK                             1.500000    2.011730   -0.511730 (VIOLATED)
_17702_/CLK                             1.500000    2.011728   -0.511728 (VIOLATED)
_16909_/CLK                             1.500000    2.011587   -0.511587 (VIOLATED)
_17678_/CLK                             1.500000    2.011512   -0.511512 (VIOLATED)
_17782_/CLK                             1.500000    2.011477   -0.511477 (VIOLATED)
_17170_/CLK                             1.500000    2.011184   -0.511184 (VIOLATED)
_17738_/CLK                             1.500000    2.011178   -0.511178 (VIOLATED)
_17762_/CLK                             1.500000    2.011173   -0.511173 (VIOLATED)
_16560_/CLK                             1.500000    2.011117   -0.511117 (VIOLATED)
_17166_/CLK                             1.500000    2.011096   -0.511096 (VIOLATED)
_17758_/CLK                             1.500000    2.011095   -0.511095 (VIOLATED)
_17734_/CLK                             1.500000    2.011088   -0.511088 (VIOLATED)
_15473_/CLK                             1.500000    2.011083   -0.511083 (VIOLATED)
_15521_/CLK                             1.500000    2.011065   -0.511066 (VIOLATED)
_17090_/CLK                             1.500000    2.010995   -0.510996 (VIOLATED)
_15527_/CLK                             1.500000    2.010979   -0.510979 (VIOLATED)
_15839_/CLK                             1.500000    2.010968   -0.510968 (VIOLATED)
_15833_/CLK                             1.500000    2.010913   -0.510913 (VIOLATED)
_15593_/CLK                             1.500000    2.010816   -0.510816 (VIOLATED)
_15751_/CLK                             1.500000    2.010722   -0.510722 (VIOLATED)
_16907_/CLK                             1.500000    2.010368   -0.510368 (VIOLATED)
_16913_/CLK                             1.500000    2.010336   -0.510336 (VIOLATED)
_15385_/CLK                             1.500000    2.010327   -0.510327 (VIOLATED)
_16793_/CLK                             1.500000    2.010009   -0.510009 (VIOLATED)
_15246_/CLK                             1.500000    2.009853   -0.509853 (VIOLATED)
_15524_/CLK                             1.500000    2.009247   -0.509247 (VIOLATED)
_16582_/CLK                             1.500000    2.009071   -0.509071 (VIOLATED)
_17823_/CLK                             1.500000    2.009062   -0.509062 (VIOLATED)
_17871_/CLK                             1.500000    2.009059   -0.509059 (VIOLATED)
_15476_/CLK                             1.500000    2.009048   -0.509048 (VIOLATED)
_15098_/CLK                             1.500000    2.009038   -0.509038 (VIOLATED)
_15106_/CLK                             1.500000    2.009029   -0.509029 (VIOLATED)
_15197_/CLK                             1.500000    2.009002   -0.509002 (VIOLATED)
_17847_/CLK                             1.500000    2.008973   -0.508973 (VIOLATED)
_15102_/CLK                             1.500000    2.008940   -0.508940 (VIOLATED)
_15198_/CLK                             1.500000    2.008931   -0.508931 (VIOLATED)
_16583_/CLK                             1.500000    2.008898   -0.508898 (VIOLATED)
_16780_/CLK                             1.500000    2.008845   -0.508845 (VIOLATED)
_16829_/CLK                             1.500000    2.008834   -0.508834 (VIOLATED)
_16825_/CLK                             1.500000    2.008828   -0.508828 (VIOLATED)
_16828_/CLK                             1.500000    2.008820   -0.508820 (VIOLATED)
_16824_/CLK                             1.500000    2.008799   -0.508799 (VIOLATED)
_16832_/CLK                             1.500000    2.008795   -0.508795 (VIOLATED)
_16823_/CLK                             1.500000    2.008766   -0.508766 (VIOLATED)
_16826_/CLK                             1.500000    2.008760   -0.508760 (VIOLATED)
_16827_/CLK                             1.500000    2.008687   -0.508687 (VIOLATED)
_16830_/CLK                             1.500000    2.008558   -0.508558 (VIOLATED)
_16807_/CLK                             1.500000    2.008540   -0.508541 (VIOLATED)
_16804_/CLK                             1.500000    2.008534   -0.508534 (VIOLATED)
_16809_/CLK                             1.500000    2.008532   -0.508532 (VIOLATED)
_16799_/CLK                             1.500000    2.008524   -0.508525 (VIOLATED)
_16831_/CLK                             1.500000    2.008525   -0.508525 (VIOLATED)
_16798_/CLK                             1.500000    2.008518   -0.508518 (VIOLATED)
_16888_/CLK                             1.500000    2.008514   -0.508514 (VIOLATED)
_16890_/CLK                             1.500000    2.008510   -0.508510 (VIOLATED)
_16805_/CLK                             1.500000    2.008476   -0.508476 (VIOLATED)
_16889_/CLK                             1.500000    2.008473   -0.508473 (VIOLATED)
_16860_/CLK                             1.500000    2.008434   -0.508434 (VIOLATED)
_16801_/CLK                             1.500000    2.008430   -0.508431 (VIOLATED)
_16884_/CLK                             1.500000    2.008409   -0.508409 (VIOLATED)
_16806_/CLK                             1.500000    2.008336   -0.508336 (VIOLATED)
_16885_/CLK                             1.500000    2.008337   -0.508336 (VIOLATED)
_16803_/CLK                             1.500000    2.008326   -0.508326 (VIOLATED)
_17177_/CLK                             1.500000    2.008303   -0.508303 (VIOLATED)
_16800_/CLK                             1.500000    2.008299   -0.508299 (VIOLATED)
_17086_/CLK                             1.500000    2.008297   -0.508297 (VIOLATED)
_16802_/CLK                             1.500000    2.008233   -0.508233 (VIOLATED)
_16810_/CLK                             1.500000    2.008205   -0.508205 (VIOLATED)
_16887_/CLK                             1.500000    2.008085   -0.508086 (VIOLATED)
_16630_/CLK                             1.500000    2.008075   -0.508076 (VIOLATED)
_16808_/CLK                             1.500000    2.008073   -0.508073 (VIOLATED)
_16627_/CLK                             1.500000    2.007996   -0.507996 (VIOLATED)
_16883_/CLK                             1.500000    2.007978   -0.507978 (VIOLATED)
_16886_/CLK                             1.500000    2.007629   -0.507629 (VIOLATED)
_16629_/CLK                             1.500000    2.007257   -0.507257 (VIOLATED)
_16632_/CLK                             1.500000    2.007255   -0.507255 (VIOLATED)
_16882_/CLK                             1.500000    2.007252   -0.507252 (VIOLATED)
_16631_/CLK                             1.500000    2.007229   -0.507229 (VIOLATED)
_15313_/CLK                             1.500000    2.007196   -0.507197 (VIOLATED)
_16576_/CLK                             1.500000    2.006980   -0.506980 (VIOLATED)
_16580_/CLK                             1.500000    2.006976   -0.506976 (VIOLATED)
_16693_/CLK                             1.500000    2.006974   -0.506974 (VIOLATED)
_16581_/CLK                             1.500000    2.006962   -0.506962 (VIOLATED)
_15271_/CLK                             1.500000    2.006828   -0.506828 (VIOLATED)
_16628_/CLK                             1.500000    2.006811   -0.506811 (VIOLATED)
_16786_/CLK                             1.500000    2.005730   -0.505730 (VIOLATED)
_15241_/CLK                             1.500000    2.005665   -0.505665 (VIOLATED)
_16789_/CLK                             1.500000    2.005030   -0.505030 (VIOLATED)
_16626_/CLK                             1.500000    2.004863   -0.504863 (VIOLATED)
_16566_/CLK                             1.500000    2.004841   -0.504841 (VIOLATED)
_16633_/CLK                             1.500000    2.004802   -0.504802 (VIOLATED)
_16782_/CLK                             1.500000    2.004800   -0.504800 (VIOLATED)
_16783_/CLK                             1.500000    2.004778   -0.504778 (VIOLATED)
_16594_/CLK                             1.500000    2.004711   -0.504711 (VIOLATED)
_16787_/CLK                             1.500000    2.004710   -0.504710 (VIOLATED)
_16596_/CLK                             1.500000    2.004704   -0.504704 (VIOLATED)
_16792_/CLK                             1.500000    2.004283   -0.504283 (VIOLATED)
_16618_/CLK                             1.500000    2.004127   -0.504127 (VIOLATED)
_16781_/CLK                             1.500000    2.003998   -0.503998 (VIOLATED)
_16784_/CLK                             1.500000    2.003797   -0.503797 (VIOLATED)
_16859_/CLK                             1.500000    2.003685   -0.503685 (VIOLATED)
_16621_/CLK                             1.500000    2.003351   -0.503351 (VIOLATED)
_16695_/CLK                             1.500000    2.003338   -0.503338 (VIOLATED)
_16595_/CLK                             1.500000    2.003289   -0.503289 (VIOLATED)
_15270_/CLK                             1.500000    2.003087   -0.503087 (VIOLATED)
_16623_/CLK                             1.500000    2.002806   -0.502806 (VIOLATED)
_16591_/CLK                             1.500000    2.002801   -0.502801 (VIOLATED)
_15376_/CLK                             1.500000    2.002747   -0.502747 (VIOLATED)
_15408_/CLK                             1.500000    2.002746   -0.502746 (VIOLATED)
_17173_/CLK                             1.500000    2.002726   -0.502726 (VIOLATED)
_15339_/CLK                             1.500000    2.002713   -0.502713 (VIOLATED)
_16694_/CLK                             1.500000    2.002644   -0.502644 (VIOLATED)
_16590_/CLK                             1.500000    2.002610   -0.502610 (VIOLATED)
_15373_/CLK                             1.500000    2.002561   -0.502561 (VIOLATED)
_16620_/CLK                             1.500000    2.002018   -0.502018 (VIOLATED)
_16657_/CLK                             1.500000    2.001900   -0.501900 (VIOLATED)
_16666_/CLK                             1.500000    2.001899   -0.501899 (VIOLATED)
_16645_/CLK                             1.500000    2.001875   -0.501875 (VIOLATED)
_15405_/CLK                             1.500000    2.001248   -0.501248 (VIOLATED)
_16458_/CLK                             1.500000    2.001225   -0.501226 (VIOLATED)
_16492_/CLK                             1.500000    2.001198   -0.501198 (VIOLATED)
_16491_/CLK                             1.500000    2.001191   -0.501192 (VIOLATED)
_16624_/CLK                             1.500000    2.001001   -0.501001 (VIOLATED)
_16791_/CLK                             1.500000    2.000988   -0.500988 (VIOLATED)
_16579_/CLK                             1.500000    2.000981   -0.500981 (VIOLATED)
_16593_/CLK                             1.500000    2.000970   -0.500970 (VIOLATED)
_16592_/CLK                             1.500000    2.000937   -0.500937 (VIOLATED)
_16589_/CLK                             1.500000    2.000894   -0.500894 (VIOLATED)
_16811_/CLK                             1.500000    2.000861   -0.500861 (VIOLATED)
_16812_/CLK                             1.500000    2.000820   -0.500820 (VIOLATED)
_16648_/CLK                             1.500000    2.000660   -0.500660 (VIOLATED)
_16653_/CLK                             1.500000    2.000624   -0.500624 (VIOLATED)
_16650_/CLK                             1.500000    2.000439   -0.500439 (VIOLATED)
_16656_/CLK                             1.500000    2.000424   -0.500424 (VIOLATED)
_16652_/CLK                             1.500000    2.000270   -0.500270 (VIOLATED)
_16603_/CLK                             1.500000    2.000259   -0.500259 (VIOLATED)
_15596_/CLK                             1.500000    2.000040   -0.500040 (VIOLATED)
_16649_/CLK                             1.500000    2.000033   -0.500033 (VIOLATED)
_16654_/CLK                             1.500000    2.000031   -0.500032 (VIOLATED)
_16637_/CLK                             1.500000    2.000024   -0.500024 (VIOLATED)
_16619_/CLK                             1.500000    2.000019   -0.500019 (VIOLATED)
_16662_/CLK                             1.500000    2.000000   -0.500000 (VIOLATED)
_16651_/CLK                             1.500000    1.999999   -0.499999 (VIOLATED)
_16602_/CLK                             1.500000    1.999990   -0.499990 (VIOLATED)
_16647_/CLK                             1.500000    1.999981   -0.499981 (VIOLATED)
_16663_/CLK                             1.500000    1.999981   -0.499981 (VIOLATED)
_16614_/CLK                             1.500000    1.999961   -0.499961 (VIOLATED)
_16617_/CLK                             1.500000    1.999924   -0.499924 (VIOLATED)
_16611_/CLK                             1.500000    1.999922   -0.499922 (VIOLATED)
_16613_/CLK                             1.500000    1.999877   -0.499877 (VIOLATED)
_16606_/CLK                             1.500000    1.999875   -0.499875 (VIOLATED)
_16610_/CLK                             1.500000    1.999872   -0.499872 (VIOLATED)
_16638_/CLK                             1.500000    1.999841   -0.499841 (VIOLATED)
_16661_/CLK                             1.500000    1.999834   -0.499834 (VIOLATED)
_16615_/CLK                             1.500000    1.999766   -0.499766 (VIOLATED)
_16608_/CLK                             1.500000    1.999755   -0.499755 (VIOLATED)
_16609_/CLK                             1.500000    1.999751   -0.499751 (VIOLATED)
_16655_/CLK                             1.500000    1.999709   -0.499709 (VIOLATED)
_16616_/CLK                             1.500000    1.999703   -0.499703 (VIOLATED)
_16605_/CLK                             1.500000    1.999699   -0.499699 (VIOLATED)
_16604_/CLK                             1.500000    1.999683   -0.499683 (VIOLATED)
_16574_/CLK                             1.500000    1.999666   -0.499666 (VIOLATED)
_16607_/CLK                             1.500000    1.999610   -0.499610 (VIOLATED)
_16612_/CLK                             1.500000    1.999420   -0.499420 (VIOLATED)
_16658_/CLK                             1.500000    1.999176   -0.499176 (VIOLATED)
_16578_/CLK                             1.500000    1.999088   -0.499088 (VIOLATED)
_15374_/CLK                             1.500000    1.998927   -0.498928 (VIOLATED)
_16565_/CLK                             1.500000    1.998712   -0.498712 (VIOLATED)
_16639_/CLK                             1.500000    1.998557   -0.498557 (VIOLATED)
_15318_/CLK                             1.500000    1.998551   -0.498551 (VIOLATED)
_16659_/CLK                             1.500000    1.998398   -0.498398 (VIOLATED)
_16660_/CLK                             1.500000    1.998297   -0.498297 (VIOLATED)
_16432_/CLK                             1.500000    1.998189   -0.498190 (VIOLATED)
_16334_/CLK                             1.500000    1.997908   -0.497908 (VIOLATED)
_16434_/CLK                             1.500000    1.997744   -0.497744 (VIOLATED)
_16433_/CLK                             1.500000    1.997684   -0.497685 (VIOLATED)
_16428_/CLK                             1.500000    1.997157   -0.497157 (VIOLATED)
_16430_/CLK                             1.500000    1.997152   -0.497153 (VIOLATED)
_16429_/CLK                             1.500000    1.997146   -0.497146 (VIOLATED)
_16431_/CLK                             1.500000    1.997081   -0.497081 (VIOLATED)
_16577_/CLK                             1.500000    1.996572   -0.496572 (VIOLATED)
_16435_/CLK                             1.500000    1.996358   -0.496358 (VIOLATED)
_15710_/CLK                             1.500000    1.995497   -0.495497 (VIOLATED)
_17016_/CLK                             1.500000    1.995494   -0.495495 (VIOLATED)
_15614_/CLK                             1.500000    1.995482   -0.495482 (VIOLATED)
_17400_/CLK                             1.500000    1.995478   -0.495478 (VIOLATED)
_15709_/CLK                             1.500000    1.995450   -0.495450 (VIOLATED)
_15661_/CLK                             1.500000    1.995445   -0.495445 (VIOLATED)
_17383_/CLK                             1.500000    1.995442   -0.495442 (VIOLATED)
_17287_/CLK                             1.500000    1.995440   -0.495440 (VIOLATED)
_17335_/CLK                             1.500000    1.995342   -0.495342 (VIOLATED)
_15613_/CLK                             1.500000    1.995340   -0.495340 (VIOLATED)
_15534_/CLK                             1.500000    1.995331   -0.495331 (VIOLATED)
_15470_/CLK                             1.500000    1.995323   -0.495323 (VIOLATED)
_15546_/CLK                             1.500000    1.995317   -0.495317 (VIOLATED)
_15549_/CLK                             1.500000    1.995300   -0.495300 (VIOLATED)
_17015_/CLK                             1.500000    1.995295   -0.495295 (VIOLATED)
_17399_/CLK                             1.500000    1.995280   -0.495281 (VIOLATED)
_15450_/CLK                             1.500000    1.995273   -0.495273 (VIOLATED)
_15533_/CLK                             1.500000    1.995184   -0.495184 (VIOLATED)
_17284_/CLK                             1.500000    1.995164   -0.495164 (VIOLATED)
_15706_/CLK                             1.500000    1.995157   -0.495157 (VIOLATED)
_15453_/CLK                             1.500000    1.995153   -0.495153 (VIOLATED)
_15530_/CLK                             1.500000    1.995130   -0.495130 (VIOLATED)
_17012_/CLK                             1.500000    1.995118   -0.495118 (VIOLATED)
_15469_/CLK                             1.500000    1.995110   -0.495110 (VIOLATED)
_15466_/CLK                             1.500000    1.995109   -0.495109 (VIOLATED)
_17332_/CLK                             1.500000    1.995025   -0.495025 (VIOLATED)
_15610_/CLK                             1.500000    1.995007   -0.495007 (VIOLATED)
_15474_/CLK                             1.500000    1.994968   -0.494969 (VIOLATED)
_15456_/CLK                             1.500000    1.994922   -0.494922 (VIOLATED)
_17396_/CLK                             1.500000    1.994835   -0.494835 (VIOLATED)
_15472_/CLK                             1.500000    1.994805   -0.494805 (VIOLATED)
_16691_/CLK                             1.500000    1.994803   -0.494803 (VIOLATED)
_16687_/CLK                             1.500000    1.994799   -0.494799 (VIOLATED)
_15536_/CLK                             1.500000    1.994797   -0.494798 (VIOLATED)
_15658_/CLK                             1.500000    1.994732   -0.494732 (VIOLATED)
_15529_/CLK                             1.500000    1.994713   -0.494713 (VIOLATED)
_15465_/CLK                             1.500000    1.994712   -0.494712 (VIOLATED)
_17014_/CLK                             1.500000    1.994639   -0.494639 (VIOLATED)
_17398_/CLK                             1.500000    1.994593   -0.494593 (VIOLATED)
_15152_/CLK                             1.500000    1.994495   -0.494495 (VIOLATED)
_17380_/CLK                             1.500000    1.994444   -0.494444 (VIOLATED)
_15612_/CLK                             1.500000    1.994439   -0.494439 (VIOLATED)
_17334_/CLK                             1.500000    1.994438   -0.494438 (VIOLATED)
_17382_/CLK                             1.500000    1.994418   -0.494418 (VIOLATED)
_17286_/CLK                             1.500000    1.994403   -0.494403 (VIOLATED)
_15147_/CLK                             1.500000    1.994357   -0.494357 (VIOLATED)
_15660_/CLK                             1.500000    1.994333   -0.494333 (VIOLATED)
_15708_/CLK                             1.500000    1.994323   -0.494323 (VIOLATED)
_17869_/CLK                             1.500000    1.994291   -0.494291 (VIOLATED)
_17821_/CLK                             1.500000    1.994204   -0.494204 (VIOLATED)
_15992_/CLK                             1.500000    1.994118   -0.494119 (VIOLATED)
_15991_/CLK                             1.500000    1.994111   -0.494111 (VIOLATED)
_17241_/CLK                             1.500000    1.994108   -0.494109 (VIOLATED)
_16555_/CLK                             1.500000    1.994088   -0.494088 (VIOLATED)
_16256_/CLK                             1.500000    1.994087   -0.494087 (VIOLATED)
_16896_/CLK                             1.500000    1.994012   -0.494012 (VIOLATED)
_17583_/CLK                             1.500000    1.994010   -0.494010 (VIOLATED)
_15219_/CLK                             1.500000    1.994009   -0.494009 (VIOLATED)
_17311_/CLK                             1.500000    1.993992   -0.493992 (VIOLATED)
_17240_/CLK                             1.500000    1.993960   -0.493960 (VIOLATED)
_17873_/CLK                             1.500000    1.993950   -0.493950 (VIOLATED)
_17237_/CLK                             1.500000    1.993945   -0.493945 (VIOLATED)
_16335_/CLK                             1.500000    1.993931   -0.493931 (VIOLATED)
_17825_/CLK                             1.500000    1.993931   -0.493931 (VIOLATED)
_15522_/CLK                             1.500000    1.993898   -0.493898 (VIOLATED)
_17084_/CLK                             1.500000    1.993898   -0.493898 (VIOLATED)
_17088_/CLK                             1.500000    1.993890   -0.493890 (VIOLATED)
_15107_/CLK                             1.500000    1.993887   -0.493887 (VIOLATED)
_17085_/CLK                             1.500000    1.993867   -0.493867 (VIOLATED)
_15595_/CLK                             1.500000    1.993848   -0.493848 (VIOLATED)
_17407_/CLK                             1.500000    1.993817   -0.493817 (VIOLATED)
_15390_/CLK                             1.500000    1.993804   -0.493804 (VIOLATED)
_15594_/CLK                             1.500000    1.993758   -0.493758 (VIOLATED)
_15151_/CLK                             1.500000    1.993646   -0.493646 (VIOLATED)
_15834_/CLK                             1.500000    1.993618   -0.493618 (VIOLATED)
_16644_/CLK                             1.500000    1.993541   -0.493541 (VIOLATED)
_15111_/CLK                             1.500000    1.993507   -0.493507 (VIOLATED)
_17343_/CLK                             1.500000    1.993464   -0.493464 (VIOLATED)
_15159_/CLK                             1.500000    1.993448   -0.493448 (VIOLATED)
_17295_/CLK                             1.500000    1.993439   -0.493440 (VIOLATED)
_15103_/CLK                             1.500000    1.993433   -0.493433 (VIOLATED)
_16640_/CLK                             1.500000    1.993369   -0.493369 (VIOLATED)
_16588_/CLK                             1.500000    1.993366   -0.493366 (VIOLATED)
_17404_/CLK                             1.500000    1.993348   -0.493348 (VIOLATED)
_16586_/CLK                             1.500000    1.993331   -0.493331 (VIOLATED)
_16635_/CLK                             1.500000    1.993298   -0.493298 (VIOLATED)
_16634_/CLK                             1.500000    1.993297   -0.493297 (VIOLATED)
_16698_/CLK                             1.500000    1.993287   -0.493287 (VIOLATED)
_16696_/CLK                             1.500000    1.993259   -0.493259 (VIOLATED)
_17580_/CLK                             1.500000    1.993243   -0.493243 (VIOLATED)
_15155_/CLK                             1.500000    1.993201   -0.493201 (VIOLATED)
_15195_/CLK                             1.500000    1.993193   -0.493193 (VIOLATED)
_15199_/CLK                             1.500000    1.993061   -0.493061 (VIOLATED)
_17849_/CLK                             1.500000    1.993061   -0.493061 (VIOLATED)
_17845_/CLK                             1.500000    1.993047   -0.493047 (VIOLATED)
_15099_/CLK                             1.500000    1.993035   -0.493035 (VIOLATED)
_16332_/CLK                             1.500000    1.992881   -0.492881 (VIOLATED)
_17359_/CLK                             1.500000    1.992829   -0.492829 (VIOLATED)
_17375_/CLK                             1.500000    1.992820   -0.492820 (VIOLATED)
_17327_/CLK                             1.500000    1.992817   -0.492817 (VIOLATED)
_17356_/CLK                             1.500000    1.992813   -0.492813 (VIOLATED)
_17372_/CLK                             1.500000    1.992678   -0.492678 (VIOLATED)
_16837_/CLK                             1.500000    1.992648   -0.492648 (VIOLATED)
_15987_/CLK                             1.500000    1.992347   -0.492347 (VIOLATED)
_17374_/CLK                             1.500000    1.992221   -0.492221 (VIOLATED)
_16697_/CLK                             1.500000    1.992126   -0.492126 (VIOLATED)
_17326_/CLK                             1.500000    1.992125   -0.492125 (VIOLATED)
_16840_/CLK                             1.500000    1.991946   -0.491946 (VIOLATED)
_16850_/CLK                             1.500000    1.991922   -0.491922 (VIOLATED)
_16849_/CLK                             1.500000    1.991785   -0.491785 (VIOLATED)
_16912_/CLK                             1.500000    1.991639   -0.491639 (VIOLATED)
_17585_/CLK                             1.500000    1.991483   -0.491483 (VIOLATED)
_17340_/CLK                             1.500000    1.991479   -0.491479 (VIOLATED)
_17308_/CLK                             1.500000    1.991473   -0.491473 (VIOLATED)
_17361_/CLK                             1.500000    1.991472   -0.491472 (VIOLATED)
_17313_/CLK                             1.500000    1.991415   -0.491415 (VIOLATED)
_17355_/CLK                             1.500000    1.991217   -0.491217 (VIOLATED)
_17297_/CLK                             1.500000    1.991050   -0.491050 (VIOLATED)
_16877_/CLK                             1.500000    1.990917   -0.490917 (VIOLATED)
_17371_/CLK                             1.500000    1.990898   -0.490898 (VIOLATED)
_16841_/CLK                             1.500000    1.990823   -0.490823 (VIOLATED)
_16876_/CLK                             1.500000    1.990237   -0.490237 (VIOLATED)
_15837_/CLK                             1.500000    1.990166   -0.490166 (VIOLATED)
_15749_/CLK                             1.500000    1.990162   -0.490162 (VIOLATED)
_16333_/CLK                             1.500000    1.990139   -0.490139 (VIOLATED)
_16908_/CLK                             1.500000    1.990070   -0.490070 (VIOLATED)
_15750_/CLK                             1.500000    1.990067   -0.490067 (VIOLATED)
_17376_/CLK                             1.500000    1.990023   -0.490024 (VIOLATED)
_17403_/CLK                             1.500000    1.989944   -0.489944 (VIOLATED)
_17307_/CLK                             1.500000    1.989936   -0.489936 (VIOLATED)
_17586_/CLK                             1.500000    1.989924   -0.489924 (VIOLATED)
_17314_/CLK                             1.500000    1.989913   -0.489913 (VIOLATED)
_17312_/CLK                             1.500000    1.989867   -0.489867 (VIOLATED)
_16641_/CLK                             1.500000    1.989866   -0.489866 (VIOLATED)
_17357_/CLK                             1.500000    1.989847   -0.489847 (VIOLATED)
_16160_/CLK                             1.500000    1.989631   -0.489631 (VIOLATED)
_17780_/CLK                             1.500000    1.989614   -0.489615 (VIOLATED)
_17756_/CLK                             1.500000    1.989601   -0.489601 (VIOLATED)
_16518_/CLK                             1.500000    1.989586   -0.489586 (VIOLATED)
_17676_/CLK                             1.500000    1.989565   -0.489565 (VIOLATED)
_16796_/CLK                             1.500000    1.989552   -0.489552 (VIOLATED)
_17325_/CLK                             1.500000    1.989526   -0.489526 (VIOLATED)
_17700_/CLK                             1.500000    1.989425   -0.489425 (VIOLATED)
_17732_/CLK                             1.500000    1.989231   -0.489231 (VIOLATED)
_16692_/CLK                             1.500000    1.989166   -0.489166 (VIOLATED)
_16575_/CLK                             1.500000    1.989163   -0.489163 (VIOLATED)
_17323_/CLK                             1.500000    1.989131   -0.489131 (VIOLATED)
_16690_/CLK                             1.500000    1.989110   -0.489110 (VIOLATED)
_17291_/CLK                             1.500000    1.989020   -0.489020 (VIOLATED)
_17579_/CLK                             1.500000    1.989019   -0.489019 (VIOLATED)
_16558_/CLK                             1.500000    1.988789   -0.488789 (VIOLATED)
_17164_/CLK                             1.500000    1.988769   -0.488769 (VIOLATED)
_17786_/CLK                             1.500000    1.988322   -0.488322 (VIOLATED)
_17262_/CLK                             1.500000    1.988263   -0.488263 (VIOLATED)
_17706_/CLK                             1.500000    1.988184   -0.488184 (VIOLATED)
_17550_/CLK                             1.500000    1.987862   -0.487862 (VIOLATED)
_17215_/CLK                             1.500000    1.987741   -0.487741 (VIOLATED)
_16436_/CLK                             1.500000    1.987659   -0.487659 (VIOLATED)
_17682_/CLK                             1.500000    1.987653   -0.487653 (VIOLATED)
_16524_/CLK                             1.500000    1.987556   -0.487556 (VIOLATED)
_16302_/CLK                             1.500000    1.987466   -0.487466 (VIOLATED)
_17344_/CLK                             1.500000    1.987228   -0.487228 (VIOLATED)
_17408_/CLK                             1.500000    1.987227   -0.487227 (VIOLATED)
_17346_/CLK                             1.500000    1.987207   -0.487207 (VIOLATED)
_17410_/CLK                             1.500000    1.987200   -0.487200 (VIOLATED)
_17339_/CLK                             1.500000    1.987160   -0.487160 (VIOLATED)
_17566_/CLK                             1.500000    1.987144   -0.487144 (VIOLATED)
_17548_/CLK                             1.500000    1.987088   -0.487088 (VIOLATED)
_17564_/CLK                             1.500000    1.987078   -0.487078 (VIOLATED)
_17263_/CLK                             1.500000    1.986953   -0.486954 (VIOLATED)
_17199_/CLK                             1.500000    1.986943   -0.486943 (VIOLATED)
_16564_/CLK                             1.500000    1.986939   -0.486939 (VIOLATED)
_16328_/CLK                             1.500000    1.986904   -0.486904 (VIOLATED)
_17551_/CLK                             1.500000    1.986882   -0.486882 (VIOLATED)
_16301_/CLK                             1.500000    1.986800   -0.486800 (VIOLATED)
_17182_/CLK                             1.500000    1.986639   -0.486639 (VIOLATED)
_16427_/CLK                             1.500000    1.986555   -0.486555 (VIOLATED)
_17735_/CLK                             1.500000    1.986401   -0.486401 (VIOLATED)
_16521_/CLK                             1.500000    1.986136   -0.486136 (VIOLATED)
_16561_/CLK                             1.500000    1.985836   -0.485836 (VIOLATED)
_17358_/CLK                             1.500000    1.985699   -0.485699 (VIOLATED)
_17265_/CLK                             1.500000    1.985691   -0.485691 (VIOLATED)
_17294_/CLK                             1.500000    1.985690   -0.485690 (VIOLATED)
_17584_/CLK                             1.500000    1.985683   -0.485684 (VIOLATED)
_15315_/CLK                             1.500000    1.985681   -0.485681 (VIOLATED)
_17292_/CLK                             1.500000    1.985663   -0.485663 (VIOLATED)
_17360_/CLK                             1.500000    1.985658   -0.485658 (VIOLATED)
_17324_/CLK                             1.500000    1.985646   -0.485646 (VIOLATED)
_17217_/CLK                             1.500000    1.985584   -0.485584 (VIOLATED)
_17759_/CLK                             1.500000    1.985576   -0.485576 (VIOLATED)
_17329_/CLK                             1.500000    1.985563   -0.485563 (VIOLATED)
_17377_/CLK                             1.500000    1.985547   -0.485547 (VIOLATED)
_17296_/CLK                             1.500000    1.985481   -0.485481 (VIOLATED)
_17328_/CLK                             1.500000    1.985465   -0.485465 (VIOLATED)
_16437_/CLK                             1.500000    1.985425   -0.485425 (VIOLATED)
_17362_/CLK                             1.500000    1.985394   -0.485394 (VIOLATED)
_17298_/CLK                             1.500000    1.985315   -0.485315 (VIOLATED)
_17293_/CLK                             1.500000    1.985183   -0.485183 (VIOLATED)
_17373_/CLK                             1.500000    1.985180   -0.485180 (VIOLATED)
_17378_/CLK                             1.500000    1.985167   -0.485167 (VIOLATED)
_17330_/CLK                             1.500000    1.985152   -0.485152 (VIOLATED)
_17214_/CLK                             1.500000    1.984980   -0.484981 (VIOLATED)
_17260_/CLK                             1.500000    1.984915   -0.484915 (VIOLATED)
_17246_/CLK                             1.500000    1.984897   -0.484897 (VIOLATED)
_17196_/CLK                             1.500000    1.984746   -0.484746 (VIOLATED)
_15528_/CLK                             1.500000    1.984608   -0.484608 (VIOLATED)
_17565_/CLK                             1.500000    1.984527   -0.484527 (VIOLATED)
_17278_/CLK                             1.500000    1.984408   -0.484408 (VIOLATED)
_16573_/CLK                             1.500000    1.984368   -0.484368 (VIOLATED)
_17198_/CLK                             1.500000    1.984326   -0.484327 (VIOLATED)
_16331_/CLK                             1.500000    1.984303   -0.484303 (VIOLATED)
_15840_/CLK                             1.500000    1.984189   -0.484189 (VIOLATED)
_17245_/CLK                             1.500000    1.984130   -0.484130 (VIOLATED)
_16329_/CLK                             1.500000    1.983931   -0.483931 (VIOLATED)
_15752_/CLK                             1.500000    1.983784   -0.483784 (VIOLATED)
_15392_/CLK                             1.500000    1.983783   -0.483783 (VIOLATED)
_16330_/CLK                             1.500000    1.983568   -0.483568 (VIOLATED)
_16914_/CLK                             1.500000    1.983334   -0.483335 (VIOLATED)
_15389_/CLK                             1.500000    1.983251   -0.483251 (VIOLATED)
_17212_/CLK                             1.500000    1.982937   -0.482937 (VIOLATED)
_17244_/CLK                             1.500000    1.982931   -0.482931 (VIOLATED)
_17276_/CLK                             1.500000    1.982926   -0.482926 (VIOLATED)
_17180_/CLK                             1.500000    1.982905   -0.482905 (VIOLATED)
_17261_/CLK                             1.500000    1.982865   -0.482865 (VIOLATED)
_17213_/CLK                             1.500000    1.982860   -0.482860 (VIOLATED)
_15480_/CLK                             1.500000    1.982811   -0.482811 (VIOLATED)
_17266_/CLK                             1.500000    1.982402   -0.482402 (VIOLATED)
_17218_/CLK                             1.500000    1.982257   -0.482257 (VIOLATED)
_15477_/CLK                             1.500000    1.982028   -0.482028 (VIOLATED)
_15292_/CLK                             1.500000    1.981850   -0.481850 (VIOLATED)
_15244_/CLK                             1.500000    1.981849   -0.481849 (VIOLATED)
_17174_/CLK                             1.500000    1.981848   -0.481848 (VIOLATED)
_15316_/CLK                             1.500000    1.981838   -0.481838 (VIOLATED)
_15404_/CLK                             1.500000    1.981781   -0.481781 (VIOLATED)
_15268_/CLK                             1.500000    1.981778   -0.481778 (VIOLATED)
_15402_/CLK                             1.500000    1.981766   -0.481766 (VIOLATED)
_15600_/CLK                             1.500000    1.981745   -0.481745 (VIOLATED)
_17172_/CLK                             1.500000    1.981726   -0.481726 (VIOLATED)
_15403_/CLK                             1.500000    1.981645   -0.481645 (VIOLATED)
_15745_/CLK                             1.500000    1.981605   -0.481605 (VIOLATED)
_16572_/CLK                             1.500000    1.981598   -0.481598 (VIOLATED)
_17211_/CLK                             1.500000    1.981299   -0.481299 (VIOLATED)
_17083_/CLK                             1.500000    1.980946   -0.480946 (VIOLATED)
_17275_/CLK                             1.500000    1.980685   -0.480685 (VIOLATED)
_15835_/CLK                             1.500000    1.980423   -0.480423 (VIOLATED)
_15747_/CLK                             1.500000    1.980417   -0.480417 (VIOLATED)
_16304_/CLK                             1.500000    1.980406   -0.480406 (VIOLATED)
_16303_/CLK                             1.500000    1.980403   -0.480403 (VIOLATED)
_16336_/CLK                             1.500000    1.980362   -0.480362 (VIOLATED)
_16337_/CLK                             1.500000    1.980343   -0.480343 (VIOLATED)
_16305_/CLK                             1.500000    1.980340   -0.480340 (VIOLATED)
_16688_/CLK                             1.500000    1.980311   -0.480311 (VIOLATED)
_15242_/CLK                             1.500000    1.980161   -0.480161 (VIOLATED)
_16686_/CLK                             1.500000    1.980037   -0.480037 (VIOLATED)
_16571_/CLK                             1.500000    1.979978   -0.479978 (VIOLATED)
_17264_/CLK                             1.500000    1.979901   -0.479901 (VIOLATED)
_15387_/CLK                             1.500000    1.979803   -0.479803 (VIOLATED)
_16570_/CLK                             1.500000    1.979794   -0.479794 (VIOLATED)
_16636_/CLK                             1.500000    1.979792   -0.479792 (VIOLATED)
_17179_/CLK                             1.500000    1.979428   -0.479428 (VIOLATED)
_17248_/CLK                             1.500000    1.979427   -0.479427 (VIOLATED)
_17195_/CLK                             1.500000    1.979416   -0.479416 (VIOLATED)
_17216_/CLK                             1.500000    1.979399   -0.479399 (VIOLATED)
_17280_/CLK                             1.500000    1.979379   -0.479379 (VIOLATED)
_15388_/CLK                             1.500000    1.979322   -0.479322 (VIOLATED)
_15475_/CLK                             1.500000    1.979315   -0.479315 (VIOLATED)
_15836_/CLK                             1.500000    1.979080   -0.479080 (VIOLATED)
_15748_/CLK                             1.500000    1.978828   -0.478828 (VIOLATED)
_16768_/CLK                             1.500000    1.978675   -0.478675 (VIOLATED)
_16769_/CLK                             1.500000    1.978124   -0.478124 (VIOLATED)
_16766_/CLK                             1.500000    1.977687   -0.477687 (VIOLATED)
_16298_/CLK                             1.500000    1.977652   -0.477652 (VIOLATED)
_16910_/CLK                             1.500000    1.977460   -0.477460 (VIOLATED)
_16684_/CLK                             1.500000    1.977433   -0.477433 (VIOLATED)
_15386_/CLK                             1.500000    1.977179   -0.477179 (VIOLATED)
_15265_/CLK                             1.500000    1.977057   -0.477057 (VIOLATED)
_16682_/CLK                             1.500000    1.977056   -0.477056 (VIOLATED)
_15746_/CLK                             1.500000    1.977004   -0.477004 (VIOLATED)
_15966_/CLK                             1.500000    1.976779   -0.476780 (VIOLATED)
_16300_/CLK                             1.500000    1.976623   -0.476623 (VIOLATED)
_16683_/CLK                             1.500000    1.976584   -0.476584 (VIOLATED)
_17171_/CLK                             1.500000    1.976464   -0.476464 (VIOLATED)
_15369_/CLK                             1.500000    1.976264   -0.476264 (VIOLATED)
_16299_/CLK                             1.500000    1.975689   -0.475690 (VIOLATED)
_16689_/CLK                             1.500000    1.975495   -0.475495 (VIOLATED)
_16685_/CLK                             1.500000    1.975490   -0.475491 (VIOLATED)
_15337_/CLK                             1.500000    1.975485   -0.475485 (VIOLATED)
_15401_/CLK                             1.500000    1.975482   -0.475482 (VIOLATED)
_15317_/CLK                             1.500000    1.975131   -0.475131 (VIOLATED)
_16327_/CLK                             1.500000    1.975026   -0.475026 (VIOLATED)
_15269_/CLK                             1.500000    1.974826   -0.474826 (VIOLATED)
_16678_/CLK                             1.500000    1.974401   -0.474401 (VIOLATED)
_16676_/CLK                             1.500000    1.974398   -0.474398 (VIOLATED)
_16294_/CLK                             1.500000    1.974370   -0.474370 (VIOLATED)
_16568_/CLK                             1.500000    1.974366   -0.474366 (VIOLATED)
_17048_/CLK                             1.500000    1.974164   -0.474164 (VIOLATED)
_15967_/CLK                             1.500000    1.974138   -0.474138 (VIOLATED)
_15935_/CLK                             1.500000    1.974126   -0.474126 (VIOLATED)
_15903_/CLK                             1.500000    1.974122   -0.474122 (VIOLATED)
_15807_/CLK                             1.500000    1.974116   -0.474116 (VIOLATED)
_15934_/CLK                             1.500000    1.974016   -0.474016 (VIOLATED)
_15806_/CLK                             1.500000    1.974005   -0.474005 (VIOLATED)
_16767_/CLK                             1.500000    1.973932   -0.473932 (VIOLATED)
_16765_/CLK                             1.500000    1.973926   -0.473926 (VIOLATED)
_16569_/CLK                             1.500000    1.973821   -0.473821 (VIOLATED)
_16677_/CLK                             1.500000    1.973319   -0.473319 (VIOLATED)
_17176_/CLK                             1.500000    1.973253   -0.473253 (VIOLATED)
_16976_/CLK                             1.500000    1.972828   -0.472828 (VIOLATED)
_17008_/CLK                             1.500000    1.972824   -0.472824 (VIOLATED)
_15406_/CLK                             1.500000    1.972807   -0.472807 (VIOLATED)
_15371_/CLK                             1.500000    1.972234   -0.472234 (VIOLATED)
_15267_/CLK                             1.500000    1.971651   -0.471651 (VIOLATED)
_16681_/CLK                             1.500000    1.970654   -0.470654 (VIOLATED)
_16680_/CLK                             1.500000    1.969622   -0.469622 (VIOLATED)
_15314_/CLK                             1.500000    1.969229   -0.469229 (VIOLATED)
_15370_/CLK                             1.500000    1.968933   -0.468934 (VIOLATED)
_15266_/CLK                             1.500000    1.968473   -0.468473 (VIOLATED)
_17080_/CLK                             1.500000    1.966680   -0.466680 (VIOLATED)
_16679_/CLK                             1.500000    1.965483   -0.465483 (VIOLATED)
_16325_/CLK                             1.500000    1.963340   -0.463340 (VIOLATED)
_16463_/CLK                             1.500000    1.961504   -0.461504 (VIOLATED)
_16468_/CLK                             1.500000    1.961478   -0.461478 (VIOLATED)
_16454_/CLK                             1.500000    1.961412   -0.461412 (VIOLATED)
_16461_/CLK                             1.500000    1.961297   -0.461297 (VIOLATED)
_16467_/CLK                             1.500000    1.961218   -0.461218 (VIOLATED)
_16464_/CLK                             1.500000    1.960982   -0.460982 (VIOLATED)
_16498_/CLK                             1.500000    1.960756   -0.460756 (VIOLATED)
_16497_/CLK                             1.500000    1.960593   -0.460593 (VIOLATED)
_16501_/CLK                             1.500000    1.960402   -0.460402 (VIOLATED)
_16495_/CLK                             1.500000    1.960323   -0.460323 (VIOLATED)
_16466_/CLK                             1.500000    1.959778   -0.459778 (VIOLATED)
_16465_/CLK                             1.500000    1.959718   -0.459718 (VIOLATED)
_16457_/CLK                             1.500000    1.959486   -0.459486 (VIOLATED)
_16496_/CLK                             1.500000    1.959480   -0.459480 (VIOLATED)
_16499_/CLK                             1.500000    1.958976   -0.458976 (VIOLATED)
_16494_/CLK                             1.500000    1.958757   -0.458757 (VIOLATED)
_15808_/CLK                             1.500000    1.958303   -0.458303 (VIOLATED)
_15968_/CLK                             1.500000    1.957824   -0.457824 (VIOLATED)
_16820_/CLK                             1.500000    1.957741   -0.457741 (VIOLATED)
_16460_/CLK                             1.500000    1.956213   -0.456213 (VIOLATED)
_16500_/CLK                             1.500000    1.956197   -0.456197 (VIOLATED)
_16488_/CLK                             1.500000    1.956132   -0.456132 (VIOLATED)
_16469_/CLK                             1.500000    1.956085   -0.456085 (VIOLATED)
_16462_/CLK                             1.500000    1.956075   -0.456075 (VIOLATED)
_16489_/CLK                             1.500000    1.956056   -0.456056 (VIOLATED)
_16459_/CLK                             1.500000    1.956024   -0.456024 (VIOLATED)
_15904_/CLK                             1.500000    1.955657   -0.455657 (VIOLATED)
_16447_/CLK                             1.500000    1.955635   -0.455635 (VIOLATED)
_16438_/CLK                             1.500000    1.955457   -0.455457 (VIOLATED)
_15936_/CLK                             1.500000    1.955257   -0.455257 (VIOLATED)
_16490_/CLK                             1.500000    1.955208   -0.455208 (VIOLATED)
_16485_/CLK                             1.500000    1.955167   -0.455167 (VIOLATED)
_16476_/CLK                             1.500000    1.955147   -0.455147 (VIOLATED)
_16471_/CLK                             1.500000    1.955009   -0.455009 (VIOLATED)
_16474_/CLK                             1.500000    1.955008   -0.455008 (VIOLATED)
_16473_/CLK                             1.500000    1.954733   -0.454733 (VIOLATED)
_16477_/CLK                             1.500000    1.954509   -0.454509 (VIOLATED)
_16475_/CLK                             1.500000    1.954343   -0.454343 (VIOLATED)
_16439_/CLK                             1.500000    1.954310   -0.454310 (VIOLATED)
_16443_/CLK                             1.500000    1.954156   -0.454156 (VIOLATED)
_16479_/CLK                             1.500000    1.954111   -0.454111 (VIOLATED)
_16453_/CLK                             1.500000    1.953953   -0.453953 (VIOLATED)
_16478_/CLK                             1.500000    1.953866   -0.453866 (VIOLATED)
_16297_/CLK                             1.500000    1.953737   -0.453737 (VIOLATED)
_16452_/CLK                             1.500000    1.953380   -0.453380 (VIOLATED)
_16450_/CLK                             1.500000    1.953322   -0.453322 (VIOLATED)
_16448_/CLK                             1.500000    1.953285   -0.453285 (VIOLATED)
_16470_/CLK                             1.500000    1.953187   -0.453187 (VIOLATED)
_16481_/CLK                             1.500000    1.953101   -0.453101 (VIOLATED)
_16484_/CLK                             1.500000    1.953099   -0.453099 (VIOLATED)
_16480_/CLK                             1.500000    1.953086   -0.453086 (VIOLATED)
_16483_/CLK                             1.500000    1.953015   -0.453015 (VIOLATED)
_16472_/CLK                             1.500000    1.952989   -0.452989 (VIOLATED)
_16486_/CLK                             1.500000    1.952931   -0.452931 (VIOLATED)
_16455_/CLK                             1.500000    1.952867   -0.452867 (VIOLATED)
_16440_/CLK                             1.500000    1.952784   -0.452784 (VIOLATED)
_16444_/CLK                             1.500000    1.952496   -0.452496 (VIOLATED)
_15902_/CLK                             1.500000    1.952277   -0.452277 (VIOLATED)
_17050_/CLK                             1.500000    1.952257   -0.452257 (VIOLATED)
_17082_/CLK                             1.500000    1.952252   -0.452252 (VIOLATED)
_17010_/CLK                             1.500000    1.952186   -0.452186 (VIOLATED)
_16482_/CLK                             1.500000    1.951978   -0.451978 (VIOLATED)
_16487_/CLK                             1.500000    1.951957   -0.451957 (VIOLATED)
_16978_/CLK                             1.500000    1.950854   -0.450854 (VIOLATED)
_16441_/CLK                             1.500000    1.947651   -0.447651 (VIOLATED)
_16295_/CLK                             1.500000    1.947532   -0.447532 (VIOLATED)
_17044_/CLK                             1.500000    1.947517   -0.447517 (VIOLATED)
_17076_/CLK                             1.500000    1.947504   -0.447504 (VIOLATED)
_16821_/CLK                             1.500000    1.946814   -0.446814 (VIOLATED)
_15962_/CLK                             1.500000    1.945302   -0.445302 (VIOLATED)
_16442_/CLK                             1.500000    1.943288   -0.443288 (VIOLATED)
_17052_/CLK                             1.500000    1.941684   -0.441684 (VIOLATED)
_16948_/CLK                             1.500000    1.939504   -0.439504 (VIOLATED)
_16980_/CLK                             1.500000    1.939502   -0.439502 (VIOLATED)
_16493_/CLK                             1.500000    1.937795   -0.437795 (VIOLATED)
_17020_/CLK                             1.500000    1.935149   -0.435149 (VIOLATED)
_16293_/CLK                             1.500000    1.931623   -0.431623 (VIOLATED)
_16456_/CLK                             1.500000    1.930692   -0.430692 (VIOLATED)
_17046_/CLK                             1.500000    1.929183   -0.429183 (VIOLATED)
_17078_/CLK                             1.500000    1.929164   -0.429164 (VIOLATED)
_15964_/CLK                             1.500000    1.929151   -0.429151 (VIOLATED)
_15900_/CLK                             1.500000    1.929132   -0.429132 (VIOLATED)
_15937_/CLK                             1.500000    1.927581   -0.427581 (VIOLATED)
_15930_/CLK                             1.500000    1.926362   -0.426362 (VIOLATED)
_17004_/CLK                             1.500000    1.926360   -0.426360 (VIOLATED)
_17006_/CLK                             1.500000    1.926294   -0.426294 (VIOLATED)
_15932_/CLK                             1.500000    1.924852   -0.424852 (VIOLATED)
_16974_/CLK                             1.500000    1.923031   -0.423031 (VIOLATED)
_16972_/CLK                             1.500000    1.920635   -0.420636 (VIOLATED)
_15804_/CLK                             1.500000    1.916883   -0.416883 (VIOLATED)
_15906_/CLK                             1.500000    1.902085   -0.402085 (VIOLATED)
_15938_/CLK                             1.500000    1.899729   -0.399729 (VIOLATED)
_17072_/CLK                             1.500000    1.895415   -0.395415 (VIOLATED)
_10941_/Y                               1.491871    1.884674   -0.392803 (VIOLATED)
_17000_/CLK                             1.500000    1.890126   -0.390126 (VIOLATED)
_15874_/CLK                             1.500000    1.889639   -0.389639 (VIOLATED)
_15778_/CLK                             1.500000    1.888067   -0.388067 (VIOLATED)
_16968_/CLK                             1.500000    1.887982   -0.387982 (VIOLATED)
_16287_/CLK                             1.500000    1.886911   -0.386911 (VIOLATED)
_10945_/A                               1.500000    1.884674   -0.384674 (VIOLATED)
_10950_/B                               1.500000    1.884674   -0.384674 (VIOLATED)
_10953_/A2                              1.500000    1.884674   -0.384674 (VIOLATED)
_10957_/A2                              1.500000    1.884674   -0.384674 (VIOLATED)
_10960_/A2                              1.500000    1.884674   -0.384674 (VIOLATED)
_10963_/A2                              1.500000    1.884674   -0.384674 (VIOLATED)
_10966_/A2                              1.500000    1.884674   -0.384674 (VIOLATED)
_10969_/A2                              1.500000    1.884674   -0.384674 (VIOLATED)
_10972_/A2                              1.500000    1.884674   -0.384674 (VIOLATED)
_10978_/A2                              1.500000    1.884674   -0.384674 (VIOLATED)
_10981_/A2                              1.500000    1.884674   -0.384674 (VIOLATED)
_10985_/A2                              1.500000    1.884674   -0.384674 (VIOLATED)
_10994_/A2                              1.500000    1.884674   -0.384674 (VIOLATED)
_11001_/A2                              1.500000    1.884674   -0.384674 (VIOLATED)
_11004_/A2                              1.500000    1.884674   -0.384674 (VIOLATED)
_11007_/A2                              1.500000    1.884674   -0.384674 (VIOLATED)
_11010_/A2                              1.500000    1.884674   -0.384674 (VIOLATED)
_11023_/A2                              1.500000    1.884674   -0.384674 (VIOLATED)
_11025_/A2                              1.500000    1.884674   -0.384674 (VIOLATED)
_11027_/A2                              1.500000    1.884674   -0.384674 (VIOLATED)
_11033_/A2                              1.500000    1.884674   -0.384674 (VIOLATED)
_11036_/A2                              1.500000    1.884674   -0.384674 (VIOLATED)
_11040_/A2                              1.500000    1.884674   -0.384674 (VIOLATED)
_16288_/CLK                             1.500000    1.880087   -0.380088 (VIOLATED)
_16515_/CLK                             1.500000    1.879977   -0.379977 (VIOLATED)
_16286_/CLK                             1.500000    1.874647   -0.374647 (VIOLATED)
_15788_/CLK                             1.500000    1.863944   -0.363944 (VIOLATED)
_15884_/CLK                             1.500000    1.863723   -0.363723 (VIOLATED)
_17539_/CLK                             1.500000    1.862224   -0.362224 (VIOLATED)
_17571_/CLK                             1.500000    1.862223   -0.362223 (VIOLATED)
_17508_/CLK                             1.500000    1.862206   -0.362206 (VIOLATED)
_17636_/CLK                             1.500000    1.862199   -0.362199 (VIOLATED)
_16082_/CLK                             1.500000    1.862146   -0.362146 (VIOLATED)
_16026_/CLK                             1.500000    1.862142   -0.362142 (VIOLATED)
_17540_/CLK                             1.500000    1.862116   -0.362116 (VIOLATED)
_17572_/CLK                             1.500000    1.862089   -0.362089 (VIOLATED)
_16028_/CLK                             1.500000    1.862036   -0.362036 (VIOLATED)
_17510_/CLK                             1.500000    1.862001   -0.362001 (VIOLATED)
_16004_/CLK                             1.500000    1.861984   -0.361984 (VIOLATED)
_17542_/CLK                             1.500000    1.861928   -0.361928 (VIOLATED)
_16084_/CLK                             1.500000    1.861784   -0.361784 (VIOLATED)
_16052_/CLK                             1.500000    1.861711   -0.361711 (VIOLATED)
_17638_/CLK                             1.500000    1.861681   -0.361681 (VIOLATED)
_17574_/CLK                             1.500000    1.861670   -0.361670 (VIOLATED)
_15818_/CLK                             1.500000    1.861425   -0.361425 (VIOLATED)
_15978_/CLK                             1.500000    1.861342   -0.361342 (VIOLATED)
_17220_/CLK                             1.500000    1.861309   -0.361309 (VIOLATED)
_16341_/CLK                             1.500000    1.861287   -0.361287 (VIOLATED)
_17708_/CLK                             1.500000    1.861164   -0.361164 (VIOLATED)
_16507_/CLK                             1.500000    1.861079   -0.361079 (VIOLATED)
_15210_/CLK                             1.500000    1.861027   -0.361027 (VIOLATED)
_16900_/CLK                             1.500000    1.860969   -0.360969 (VIOLATED)
_15984_/CLK                             1.500000    1.860721   -0.360721 (VIOLATED)
_16906_/CLK                             1.500000    1.860553   -0.360553 (VIOLATED)
_17226_/CLK                             1.500000    1.860553   -0.360553 (VIOLATED)
_16347_/CLK                             1.500000    1.860552   -0.360552 (VIOLATED)
_16130_/CLK                             1.500000    1.860033   -0.360033 (VIOLATED)
_16227_/CLK                             1.500000    1.859890   -0.359890 (VIOLATED)
_17604_/CLK                             1.500000    1.859842   -0.359842 (VIOLATED)
_16203_/CLK                             1.500000    1.859782   -0.359783 (VIOLATED)
_16208_/CLK                             1.500000    1.859372   -0.359372 (VIOLATED)
_17609_/CLK                             1.500000    1.859213   -0.359213 (VIOLATED)
_16777_/CLK                             1.500000    1.859170   -0.359170 (VIOLATED)
_15216_/CLK                             1.500000    1.858901   -0.358901 (VIOLATED)
_16901_/CLK                             1.500000    1.858891   -0.358891 (VIOLATED)
_16342_/CLK                             1.500000    1.858876   -0.358876 (VIOLATED)
_16513_/CLK                             1.500000    1.858876   -0.358876 (VIOLATED)
_15824_/CLK                             1.500000    1.858875   -0.358875 (VIOLATED)
_17714_/CLK                             1.500000    1.858862   -0.358863 (VIOLATED)
_16509_/CLK                             1.500000    1.858832   -0.358832 (VIOLATED)
_17222_/CLK                             1.500000    1.858821   -0.358821 (VIOLATED)
_16058_/CLK                             1.500000    1.858719   -0.358719 (VIOLATED)
_17588_/CLK                             1.500000    1.858687   -0.358687 (VIOLATED)
_17518_/CLK                             1.500000    1.858623   -0.358623 (VIOLATED)
_17590_/CLK                             1.500000    1.858552   -0.358552 (VIOLATED)
_16060_/CLK                             1.500000    1.858531   -0.358531 (VIOLATED)
_17592_/CLK                             1.500000    1.857940   -0.357940 (VIOLATED)
_17654_/CLK                             1.500000    1.857611   -0.357611 (VIOLATED)
_17520_/CLK                             1.500000    1.857598   -0.357598 (VIOLATED)
_17656_/CLK                             1.500000    1.857206   -0.357206 (VIOLATED)
_17528_/CLK                             1.500000    1.857173   -0.357173 (VIOLATED)
_16059_/CLK                             1.500000    1.856936   -0.356936 (VIOLATED)
_16096_/CLK                             1.500000    1.856129   -0.356129 (VIOLATED)
_16040_/CLK                             1.500000    1.855889   -0.355889 (VIOLATED)
_16094_/CLK                             1.500000    1.855493   -0.355493 (VIOLATED)
_16062_/CLK                             1.500000    1.855492   -0.355492 (VIOLATED)
_17594_/CLK                             1.500000    1.855463   -0.355463 (VIOLATED)
_16064_/CLK                             1.500000    1.855453   -0.355453 (VIOLATED)
_17364_/CLK                             1.500000    1.855401   -0.355401 (VIOLATED)
_15682_/CLK                             1.500000    1.855329   -0.355329 (VIOLATED)
_15642_/CLK                             1.500000    1.855317   -0.355317 (VIOLATED)
_17150_/CLK                             1.500000    1.855152   -0.355152 (VIOLATED)
_16095_/CLK                             1.500000    1.854678   -0.354678 (VIOLATED)
_16063_/CLK                             1.500000    1.854678   -0.354678 (VIOLATED)
_17525_/CLK                             1.500000    1.854658   -0.354658 (VIOLATED)
_16035_/CLK                             1.500000    1.854654   -0.354654 (VIOLATED)
_16091_/CLK                             1.500000    1.854617   -0.354617 (VIOLATED)
_15692_/CLK                             1.500000    1.854443   -0.354443 (VIOLATED)
_17315_/CLK                             1.500000    1.853739   -0.353739 (VIOLATED)
_17366_/CLK                             1.500000    1.853080   -0.353080 (VIOLATED)
_16093_/CLK                             1.500000    1.852977   -0.352977 (VIOLATED)
_17519_/CLK                             1.500000    1.852976   -0.352976 (VIOLATED)
_17591_/CLK                             1.500000    1.852969   -0.352969 (VIOLATED)
_16061_/CLK                             1.500000    1.852949   -0.352949 (VIOLATED)
_17318_/CLK                             1.500000    1.852904   -0.352904 (VIOLATED)
_15695_/CLK                             1.500000    1.852158   -0.352158 (VIOLATED)
_16971_/CLK                             1.500000    1.851379   -0.351379 (VIOLATED)
_17149_/CLK                             1.500000    1.851328   -0.351328 (VIOLATED)
_17317_/CLK                             1.500000    1.851036   -0.351037 (VIOLATED)
_16183_/CLK                             1.500000    1.850505   -0.350505 (VIOLATED)
_16204_/CLK                             1.500000    1.850491   -0.350491 (VIOLATED)
_16773_/CLK                             1.500000    1.850463   -0.350463 (VIOLATED)
_16232_/CLK                             1.500000    1.850462   -0.350462 (VIOLATED)
_16135_/CLK                             1.500000    1.850452   -0.350452 (VIOLATED)
_16228_/CLK                             1.500000    1.850401   -0.350401 (VIOLATED)
_17369_/CLK                             1.500000    1.850394   -0.350394 (VIOLATED)
_16131_/CLK                             1.500000    1.850367   -0.350367 (VIOLATED)
_15644_/CLK                             1.500000    1.850309   -0.350309 (VIOLATED)
_15684_/CLK                             1.500000    1.850309   -0.350309 (VIOLATED)
_17462_/CLK                             1.500000    1.850203   -0.350203 (VIOLATED)
_17460_/CLK                             1.500000    1.850154   -0.350154 (VIOLATED)
_17270_/CLK                             1.500000    1.850115   -0.350115 (VIOLATED)
_17319_/CLK                             1.500000    1.850013   -0.350013 (VIOLATED)
_17459_/CLK                             1.500000    1.849854   -0.349854 (VIOLATED)
_15691_/CLK                             1.500000    1.849811   -0.349811 (VIOLATED)
_17147_/CLK                             1.500000    1.849760   -0.349760 (VIOLATED)
_17321_/CLK                             1.500000    1.849671   -0.349671 (VIOLATED)
_17272_/CLK                             1.500000    1.849670   -0.349670 (VIOLATED)
_17465_/CLK                             1.500000    1.849485   -0.349485 (VIOLATED)
_17267_/CLK                             1.500000    1.849410   -0.349410 (VIOLATED)
_15647_/CLK                             1.500000    1.849153   -0.349153 (VIOLATED)
_17273_/CLK                             1.500000    1.849146   -0.349146 (VIOLATED)
_17153_/CLK                             1.500000    1.849113   -0.349113 (VIOLATED)
_15687_/CLK                             1.500000    1.849069   -0.349069 (VIOLATED)
_17464_/CLK                             1.500000    1.848742   -0.348742 (VIOLATED)
_15643_/CLK                             1.500000    1.848591   -0.348591 (VIOLATED)
_17805_/CLK                             1.500000    1.848429   -0.348429 (VIOLATED)
_17368_/CLK                             1.500000    1.848298   -0.348298 (VIOLATED)
_17853_/CLK                             1.500000    1.847656   -0.347656 (VIOLATED)
_17877_/CLK                             1.500000    1.847592   -0.347592 (VIOLATED)
_17003_/CLK                             1.500000    1.846570   -0.346571 (VIOLATED)
_15144_/CLK                             1.500000    1.846054   -0.346054 (VIOLATED)
_15192_/CLK                             1.500000    1.846053   -0.346054 (VIOLATED)
_17808_/CLK                             1.500000    1.846036   -0.346036 (VIOLATED)
_15689_/CLK                             1.500000    1.845972   -0.345972 (VIOLATED)
_17363_/CLK                             1.500000    1.845967   -0.345968 (VIOLATED)
_17466_/CLK                             1.500000    1.845945   -0.345945 (VIOLATED)
_15683_/CLK                             1.500000    1.845937   -0.345937 (VIOLATED)
_17461_/CLK                             1.500000    1.845918   -0.345918 (VIOLATED)
_15688_/CLK                             1.500000    1.845902   -0.345902 (VIOLATED)
_17274_/CLK                             1.500000    1.845848   -0.345848 (VIOLATED)
_17365_/CLK                             1.500000    1.845812   -0.345812 (VIOLATED)
_17269_/CLK                             1.500000    1.845809   -0.345809 (VIOLATED)
_17856_/CLK                             1.500000    1.845758   -0.345758 (VIOLATED)
_15696_/CLK                             1.500000    1.845734   -0.345734 (VIOLATED)
_15648_/CLK                             1.500000    1.845691   -0.345691 (VIOLATED)
_17370_/CLK                             1.500000    1.845623   -0.345623 (VIOLATED)
_17154_/CLK                             1.500000    1.845486   -0.345486 (VIOLATED)
_17322_/CLK                             1.500000    1.845481   -0.345481 (VIOLATED)
_15686_/CLK                             1.500000    1.845470   -0.345470 (VIOLATED)
_15646_/CLK                             1.500000    1.845464   -0.345464 (VIOLATED)
_17810_/CLK                             1.500000    1.845410   -0.345410 (VIOLATED)
_17882_/CLK                             1.500000    1.845387   -0.345387 (VIOLATED)
_17834_/CLK                             1.500000    1.845271   -0.345271 (VIOLATED)
_15120_/CLK                             1.500000    1.845236   -0.345236 (VIOLATED)
_17858_/CLK                             1.500000    1.845029   -0.345030 (VIOLATED)
_17880_/CLK                             1.500000    1.844881   -0.344881 (VIOLATED)
_15168_/CLK                             1.500000    1.844771   -0.344771 (VIOLATED)
_15118_/CLK                             1.500000    1.844649   -0.344649 (VIOLATED)
_17878_/CLK                             1.500000    1.844125   -0.344125 (VIOLATED)
_17854_/CLK                             1.500000    1.843426   -0.343426 (VIOLATED)
_15116_/CLK                             1.500000    1.843176   -0.343176 (VIOLATED)
_17806_/CLK                             1.500000    1.843041   -0.343041 (VIOLATED)
_15526_/CLK                             1.500000    1.841281   -0.341281 (VIOLATED)
_15838_/CLK                             1.500000    1.841279   -0.341279 (VIOLATED)
_15478_/CLK                             1.500000    1.841278   -0.341278 (VIOLATED)
_15598_/CLK                             1.500000    1.841249   -0.341249 (VIOLATED)
_17242_/CLK                             1.500000    1.841201   -0.341201 (VIOLATED)
_15223_/CLK                             1.500000    1.841159   -0.341159 (VIOLATED)
_16897_/CLK                             1.500000    1.841116   -0.341116 (VIOLATED)
_15224_/CLK                             1.500000    1.841109   -0.341109 (VIOLATED)
_16556_/CLK                             1.500000    1.840946   -0.340946 (VIOLATED)
_16763_/CLK                             1.500000    1.840945   -0.340945 (VIOLATED)
_17698_/CLK                             1.500000    1.840929   -0.340929 (VIOLATED)
_17697_/CLK                             1.500000    1.840926   -0.340926 (VIOLATED)
_16898_/CLK                             1.500000    1.840895   -0.340895 (VIOLATED)
_15989_/CLK                             1.500000    1.840742   -0.340743 (VIOLATED)
_16895_/CLK                             1.500000    1.839358   -0.339358 (VIOLATED)
_17239_/CLK                             1.500000    1.838564   -0.338564 (VIOLATED)
_16274_/CLK                             1.500000    1.838379   -0.338379 (VIOLATED)
_17876_/CLK                             1.500000    1.837156   -0.337156 (VIOLATED)
_17804_/CLK                             1.500000    1.837153   -0.337153 (VIOLATED)
_17852_/CLK                             1.500000    1.837119   -0.337119 (VIOLATED)
_17828_/CLK                             1.500000    1.837104   -0.337104 (VIOLATED)
_15114_/CLK                             1.500000    1.837094   -0.337094 (VIOLATED)
_15162_/CLK                             1.500000    1.837071   -0.337071 (VIOLATED)
_15291_/CLK                             1.500000    1.837013   -0.337013 (VIOLATED)
_15243_/CLK                             1.500000    1.837003   -0.337003 (VIOLATED)
_16291_/CLK                             1.500000    1.836461   -0.336461 (VIOLATED)
_16290_/CLK                             1.500000    1.836454   -0.336454 (VIOLATED)
_16289_/CLK                             1.500000    1.836441   -0.336441 (VIOLATED)
_15221_/CLK                             1.500000    1.835939   -0.335939 (VIOLATED)
_16891_/CLK                             1.500000    1.834479   -0.334480 (VIOLATED)
_15985_/CLK                             1.500000    1.833960   -0.333960 (VIOLATED)
_17235_/CLK                             1.500000    1.833954   -0.333954 (VIOLATED)
_16757_/CLK                             1.500000    1.833121   -0.333121 (VIOLATED)
_16549_/CLK                             1.500000    1.831805   -0.331805 (VIOLATED)
_17691_/CLK                             1.500000    1.831799   -0.331799 (VIOLATED)
_17236_/CLK                             1.500000    1.831786   -0.331786 (VIOLATED)
_16553_/CLK                             1.500000    1.831762   -0.331762 (VIOLATED)
_15218_/CLK                             1.500000    1.831750   -0.331750 (VIOLATED)
_16817_/CLK                             1.500000    1.830842   -0.330842 (VIOLATED)
_17695_/CLK                             1.500000    1.830757   -0.330757 (VIOLATED)
_15961_/CLK                             1.500000    1.830491   -0.330491 (VIOLATED)
_15338_/CLK                             1.500000    1.828709   -0.328709 (VIOLATED)
_15340_/CLK                             1.500000    1.828706   -0.328706 (VIOLATED)
_15290_/CLK                             1.500000    1.828699   -0.328700 (VIOLATED)
_17178_/CLK                             1.500000    1.828670   -0.328670 (VIOLATED)
_15272_/CLK                             1.500000    1.828662   -0.328662 (VIOLATED)
_15372_/CLK                             1.500000    1.828647   -0.328647 (VIOLATED)
_15217_/CLK                             1.500000    1.827959   -0.327959 (VIOLATED)
_16599_/CLK                             1.500000    1.826871   -0.326871 (VIOLATED)
_16250_/CLK                             1.500000    1.826114   -0.326114 (VIOLATED)
_16254_/CLK                             1.500000    1.824908   -0.324908 (VIOLATED)
_17040_/CLK                             1.500000    1.824299   -0.324299 (VIOLATED)
_17075_/CLK                             1.500000    1.824291   -0.324291 (VIOLATED)
_17043_/CLK                             1.500000    1.824253   -0.324253 (VIOLATED)
_16759_/CLK                             1.500000    1.824175   -0.324175 (VIOLATED)
_15990_/CLK                             1.500000    1.824173   -0.324173 (VIOLATED)
_16551_/CLK                             1.500000    1.824168   -0.324168 (VIOLATED)
_16252_/CLK                             1.500000    1.824161   -0.324161 (VIOLATED)
_16762_/CLK                             1.500000    1.824133   -0.324133 (VIOLATED)
_15929_/CLK                             1.500000    1.824131   -0.324131 (VIOLATED)
_16255_/CLK                             1.500000    1.824101   -0.324101 (VIOLATED)
_16554_/CLK                             1.500000    1.824085   -0.324086 (VIOLATED)
_16893_/CLK                             1.500000    1.824032   -0.324032 (VIOLATED)
_17693_/CLK                             1.500000    1.824026   -0.324026 (VIOLATED)
_15222_/CLK                             1.500000    1.824005   -0.324005 (VIOLATED)
_17696_/CLK                             1.500000    1.823959   -0.323960 (VIOLATED)
_17238_/CLK                             1.500000    1.823920   -0.323920 (VIOLATED)
_16764_/CLK                             1.500000    1.823917   -0.323917 (VIOLATED)
_16257_/CLK                             1.500000    1.823903   -0.323903 (VIOLATED)
_16894_/CLK                             1.500000    1.823877   -0.323877 (VIOLATED)
_15988_/CLK                             1.500000    1.823860   -0.323860 (VIOLATED)
_16760_/CLK                             1.500000    1.823840   -0.323840 (VIOLATED)
_16253_/CLK                             1.500000    1.823810   -0.323810 (VIOLATED)
_16552_/CLK                             1.500000    1.823806   -0.323806 (VIOLATED)
_16892_/CLK                             1.500000    1.823649   -0.323649 (VIOLATED)
_17692_/CLK                             1.500000    1.823637   -0.323637 (VIOLATED)
_16761_/CLK                             1.500000    1.823546   -0.323546 (VIOLATED)
_16758_/CLK                             1.500000    1.823450   -0.323451 (VIOLATED)
_15220_/CLK                             1.500000    1.823441   -0.323441 (VIOLATED)
_16550_/CLK                             1.500000    1.823388   -0.323388 (VIOLATED)
_15986_/CLK                             1.500000    1.823363   -0.323363 (VIOLATED)
_17694_/CLK                             1.500000    1.823339   -0.323339 (VIOLATED)
_16251_/CLK                             1.500000    1.823013   -0.323013 (VIOLATED)
_15886_/CLK                             1.500000    1.823004   -0.323004 (VIOLATED)
_15805_/CLK                             1.500000    1.819835   -0.319835 (VIOLATED)
_16977_/CLK                             1.500000    1.819360   -0.319361 (VIOLATED)
_17049_/CLK                             1.500000    1.819357   -0.319357 (VIOLATED)
_17009_/CLK                             1.500000    1.819356   -0.319356 (VIOLATED)
_17081_/CLK                             1.500000    1.819340   -0.319340 (VIOLATED)
_17047_/CLK                             1.500000    1.819257   -0.319257 (VIOLATED)
_17079_/CLK                             1.500000    1.819253   -0.319254 (VIOLATED)
_17007_/CLK                             1.500000    1.817111   -0.317111 (VIOLATED)
_16822_/CLK                             1.500000    1.816887   -0.316888 (VIOLATED)
_16377_/CLK                             1.500000    1.816707   -0.316707 (VIOLATED)
_16379_/CLK                             1.500000    1.816046   -0.316046 (VIOLATED)
_16975_/CLK                             1.500000    1.815904   -0.315904 (VIOLATED)
_16395_/CLK                             1.500000    1.815577   -0.315577 (VIOLATED)
_16397_/CLK                             1.500000    1.815570   -0.315570 (VIOLATED)
_16392_/CLK                             1.500000    1.815561   -0.315561 (VIOLATED)
_16394_/CLK                             1.500000    1.815526   -0.315526 (VIOLATED)
_16391_/CLK                             1.500000    1.815475   -0.315475 (VIOLATED)
_16389_/CLK                             1.500000    1.815433   -0.315433 (VIOLATED)
_16857_/CLK                             1.500000    1.815330   -0.315330 (VIOLATED)
_16393_/CLK                             1.500000    1.815325   -0.315325 (VIOLATED)
_16424_/CLK                             1.500000    1.815317   -0.315317 (VIOLATED)
_16514_/CLK                             1.500000    1.815301   -0.315301 (VIOLATED)
_16423_/CLK                             1.500000    1.815241   -0.315241 (VIOLATED)
_15933_/CLK                             1.500000    1.815102   -0.315102 (VIOLATED)
_15965_/CLK                             1.500000    1.815100   -0.315100 (VIOLATED)
_16505_/CLK                             1.500000    1.815006   -0.315006 (VIOLATED)
_16856_/CLK                             1.500000    1.815000   -0.315000 (VIOLATED)
_16422_/CLK                             1.500000    1.814898   -0.314898 (VIOLATED)
_16390_/CLK                             1.500000    1.814867   -0.314868 (VIOLATED)
_16426_/CLK                             1.500000    1.814591   -0.314591 (VIOLATED)
_16375_/CLK                             1.500000    1.814034   -0.314034 (VIOLATED)
_16349_/CLK                             1.500000    1.813751   -0.313751 (VIOLATED)
_16354_/CLK                             1.500000    1.813635   -0.313635 (VIOLATED)
_16351_/CLK                             1.500000    1.813619   -0.313620 (VIOLATED)
_16353_/CLK                             1.500000    1.813337   -0.313337 (VIOLATED)
_16355_/CLK                             1.500000    1.813314   -0.313314 (VIOLATED)
_16382_/CLK                             1.500000    1.813036   -0.313036 (VIOLATED)
_15897_/CLK                             1.500000    1.811824   -0.311824 (VIOLATED)
_16348_/CLK                             1.500000    1.810873   -0.310873 (VIOLATED)
_15901_/CLK                             1.500000    1.810759   -0.310759 (VIOLATED)
_16405_/CLK                             1.500000    1.810380   -0.310380 (VIOLATED)
_16378_/CLK                             1.500000    1.810364   -0.310364 (VIOLATED)
_15801_/CLK                             1.500000    1.809697   -0.309697 (VIOLATED)
_16356_/CLK                             1.500000    1.809407   -0.309407 (VIOLATED)
_16381_/CLK                             1.500000    1.806389   -0.306389 (VIOLATED)
_16445_/CLK                             1.500000    1.805141   -0.305141 (VIOLATED)
_16816_/CLK                             1.500000    1.805127   -0.305127 (VIOLATED)
_16376_/CLK                             1.500000    1.804976   -0.304976 (VIOLATED)
_16414_/CLK                             1.500000    1.804937   -0.304937 (VIOLATED)
_16384_/CLK                             1.500000    1.804924   -0.304925 (VIOLATED)
_16858_/CLK                             1.500000    1.804922   -0.304922 (VIOLATED)
_16502_/CLK                             1.500000    1.804843   -0.304843 (VIOLATED)
_15931_/CLK                             1.500000    1.804355   -0.304355 (VIOLATED)
_15963_/CLK                             1.500000    1.804348   -0.304348 (VIOLATED)
_15790_/CLK                             1.500000    1.803144   -0.303144 (VIOLATED)
_15803_/CLK                             1.500000    1.802690   -0.302690 (VIOLATED)
_16380_/CLK                             1.500000    1.801679   -0.301679 (VIOLATED)
_15958_/CLK                             1.500000    1.798224   -0.298224 (VIOLATED)
_16973_/CLK                             1.500000    1.797654   -0.297654 (VIOLATED)
_17045_/CLK                             1.500000    1.797649   -0.297649 (VIOLATED)
_17005_/CLK                             1.500000    1.797637   -0.297637 (VIOLATED)
_15899_/CLK                             1.500000    1.797550   -0.297550 (VIOLATED)
_16419_/CLK                             1.500000    1.796520   -0.296520 (VIOLATED)
_15918_/CLK                             1.500000    1.795974   -0.295974 (VIOLATED)
_16358_/CLK                             1.500000    1.795653   -0.295653 (VIOLATED)
_16352_/CLK                             1.500000    1.795635   -0.295635 (VIOLATED)
_16417_/CLK                             1.500000    1.795493   -0.295493 (VIOLATED)
_16383_/CLK                             1.500000    1.795487   -0.295487 (VIOLATED)
_15894_/CLK                             1.500000    1.794812   -0.294812 (VIOLATED)
_16420_/CLK                             1.500000    1.789599   -0.289599 (VIOLATED)
_07613_/Y                               1.498388    1.787605   -0.289217 (VIOLATED)
_15798_/CLK                             1.500000    1.789148   -0.289148 (VIOLATED)
_15926_/CLK                             1.500000    1.785262   -0.285262 (VIOLATED)
_15927_/CLK                             1.500000    1.784183   -0.284183 (VIOLATED)
_15959_/CLK                             1.500000    1.784170   -0.284170 (VIOLATED)
_15895_/CLK                             1.500000    1.784151   -0.284151 (VIOLATED)
_16296_/CLK                             1.500000    1.781894   -0.281894 (VIOLATED)
_17077_/CLK                             1.500000    1.781866   -0.281866 (VIOLATED)
_17074_/CLK                             1.500000    1.781821   -0.281821 (VIOLATED)
_15802_/CLK                             1.500000    1.781812   -0.281812 (VIOLATED)
_15898_/CLK                             1.500000    1.781807   -0.281807 (VIOLATED)
_16292_/CLK                             1.500000    1.781795   -0.281795 (VIOLATED)
_17042_/CLK                             1.500000    1.781701   -0.281701 (VIOLATED)
_17002_/CLK                             1.500000    1.781635   -0.281635 (VIOLATED)
_15960_/CLK                             1.500000    1.781620   -0.281620 (VIOLATED)
_16970_/CLK                             1.500000    1.781617   -0.281617 (VIOLATED)
_15928_/CLK                             1.500000    1.781616   -0.281616 (VIOLATED)
_15800_/CLK                             1.500000    1.781590   -0.281591 (VIOLATED)
_15896_/CLK                             1.500000    1.781507   -0.281507 (VIOLATED)
_17038_/CLK                             1.500000    1.781442   -0.281442 (VIOLATED)
_15924_/CLK                             1.500000    1.781396   -0.281396 (VIOLATED)
_16966_/CLK                             1.500000    1.781390   -0.281390 (VIOLATED)
_15892_/CLK                             1.500000    1.781332   -0.281332 (VIOLATED)
_16998_/CLK                             1.500000    1.781240   -0.281240 (VIOLATED)
_17070_/CLK                             1.500000    1.781236   -0.281236 (VIOLATED)
_15796_/CLK                             1.500000    1.781013   -0.281013 (VIOLATED)
_15956_/CLK                             1.500000    1.780964   -0.280964 (VIOLATED)
_17073_/CLK                             1.500000    1.780068   -0.280068 (VIOLATED)
_15799_/CLK                             1.500000    1.776582   -0.276582 (VIOLATED)
_17041_/CLK                             1.500000    1.776222   -0.276222 (VIOLATED)
_17001_/CLK                             1.500000    1.774860   -0.274860 (VIOLATED)
_16317_/CLK                             1.500000    1.772898   -0.272898 (VIOLATED)
_09082_/A                               1.500000    1.771272   -0.271272 (VIOLATED)
_09087_/A1                              1.500000    1.771272   -0.271272 (VIOLATED)
_09222_/A                               1.500000    1.771272   -0.271272 (VIOLATED)
_09293_/A                               1.500000    1.771271   -0.271271 (VIOLATED)
_09487_/A2                              1.500000    1.771270   -0.271270 (VIOLATED)
_08757_/A1                              1.500000    1.771266   -0.271266 (VIOLATED)
_08761_/A1                              1.500000    1.771266   -0.271266 (VIOLATED)
_09481_/S                               1.500000    1.771266   -0.271266 (VIOLATED)
_09298_/S                               1.500000    1.771265   -0.271265 (VIOLATED)
_09423_/S                               1.500000    1.771265   -0.271265 (VIOLATED)
_09424_/S                               1.500000    1.771265   -0.271265 (VIOLATED)
_09165_/A                               1.500000    1.771264   -0.271264 (VIOLATED)
_09297_/A1                              1.500000    1.771264   -0.271264 (VIOLATED)
_09353_/S                               1.500000    1.771264   -0.271264 (VIOLATED)
_08982_/C1                              1.500000    1.771264   -0.271264 (VIOLATED)
_09104_/S                               1.500000    1.771263   -0.271264 (VIOLATED)
_09354_/S                               1.500000    1.771263   -0.271264 (VIOLATED)
_10637_/A1                              1.500000    1.771263   -0.271264 (VIOLATED)
_10701_/A1                              1.500000    1.771263   -0.271264 (VIOLATED)
_10747_/A1                              1.500000    1.771264   -0.271264 (VIOLATED)
_09422_/S                               1.500000    1.771263   -0.271263 (VIOLATED)
_10525_/A1                              1.500000    1.771263   -0.271263 (VIOLATED)
_10500_/A1                              1.500000    1.771263   -0.271263 (VIOLATED)
_08983_/D                               1.500000    1.771262   -0.271262 (VIOLATED)
_09482_/S                               1.500000    1.771262   -0.271262 (VIOLATED)
_09282_/B1                              1.500000    1.771262   -0.271262 (VIOLATED)
_10051_/A1                              1.500000    1.771262   -0.271262 (VIOLATED)
_10575_/S                               1.500000    1.771262   -0.271262 (VIOLATED)
_09846_/S                               1.500000    1.771261   -0.271261 (VIOLATED)
_10324_/S                               1.500000    1.771261   -0.271261 (VIOLATED)
_09630_/S                               1.500000    1.771261   -0.271261 (VIOLATED)
_10268_/S                               1.500000    1.771260   -0.271260 (VIOLATED)
_10387_/A                               1.500000    1.771260   -0.271260 (VIOLATED)
_09479_/S                               1.500000    1.771259   -0.271259 (VIOLATED)
_09715_/S                               1.500000    1.771259   -0.271259 (VIOLATED)
_09760_/S                               1.500000    1.771259   -0.271259 (VIOLATED)
_10099_/S                               1.500000    1.771259   -0.271259 (VIOLATED)
_10246_/S                               1.500000    1.771259   -0.271259 (VIOLATED)
_10053_/S                               1.500000    1.771258   -0.271258 (VIOLATED)
_09894_/S                               1.500000    1.771257   -0.271257 (VIOLATED)
_09114_/A                               1.500000    1.771257   -0.271257 (VIOLATED)
_09360_/S                               1.500000    1.771257   -0.271257 (VIOLATED)
_10163_/S                               1.500000    1.771257   -0.271257 (VIOLATED)
_09997_/S                               1.500000    1.771256   -0.271256 (VIOLATED)
_09794_/S                               1.500000    1.771255   -0.271255 (VIOLATED)
_09212_/A                               1.500000    1.771255   -0.271255 (VIOLATED)
_09535_/S                               1.500000    1.771255   -0.271255 (VIOLATED)
_09970_/S                               1.500000    1.771255   -0.271255 (VIOLATED)
_09593_/S                               1.500000    1.771253   -0.271253 (VIOLATED)
_16319_/CLK                             1.500000    1.770904   -0.270904 (VIOLATED)
_16969_/CLK                             1.500000    1.769129   -0.269129 (VIOLATED)
_16861_/CLK                             1.500000    1.768758   -0.268758 (VIOLATED)
_16320_/CLK                             1.500000    1.767699   -0.267699 (VIOLATED)
_08750_/X                               1.504232    1.771251   -0.267019 (VIOLATED)
_16665_/CLK                             1.500000    1.765261   -0.265261 (VIOLATED)
_16400_/CLK                             1.500000    1.765253   -0.265253 (VIOLATED)
_16855_/CLK                             1.500000    1.765231   -0.265231 (VIOLATED)
_16398_/CLK                             1.500000    1.765217   -0.265217 (VIOLATED)
_16399_/CLK                             1.500000    1.765192   -0.265192 (VIOLATED)
_16401_/CLK                             1.500000    1.765109   -0.265109 (VIOLATED)
_16664_/CLK                             1.500000    1.764979   -0.264979 (VIOLATED)
_16504_/CLK                             1.500000    1.764963   -0.264963 (VIOLATED)
_16425_/CLK                             1.500000    1.764951   -0.264951 (VIOLATED)
_16396_/CLK                             1.500000    1.764941   -0.264941 (VIOLATED)
_16503_/CLK                             1.500000    1.764767   -0.264767 (VIOLATED)
_16402_/CLK                             1.500000    1.764330   -0.264330 (VIOLATED)
_16281_/CLK                             1.500000    1.764097   -0.264097 (VIOLATED)
_16282_/CLK                             1.500000    1.764087   -0.264087 (VIOLATED)
_16280_/CLK                             1.500000    1.764064   -0.264064 (VIOLATED)
_17029_/CLK                             1.500000    1.764032   -0.264032 (VIOLATED)
_17061_/CLK                             1.500000    1.764027   -0.264027 (VIOLATED)
_15950_/CLK                             1.500000    1.764006   -0.264006 (VIOLATED)
_16350_/CLK                             1.500000    1.763037   -0.263037 (VIOLATED)
_16357_/CLK                             1.500000    1.762687   -0.262687 (VIOLATED)
_16668_/CLK                             1.500000    1.761387   -0.261387 (VIOLATED)
_16642_/CLK                             1.500000    1.759937   -0.259937 (VIOLATED)
_16643_/CLK                             1.500000    1.759932   -0.259932 (VIOLATED)
_16667_/CLK                             1.500000    1.759932   -0.259932 (VIOLATED)
_16674_/CLK                             1.500000    1.759929   -0.259929 (VIOLATED)
_16675_/CLK                             1.500000    1.759892   -0.259892 (VIOLATED)
_16673_/CLK                             1.500000    1.759860   -0.259860 (VIOLATED)
_16307_/CLK                             1.500000    1.759853   -0.259853 (VIOLATED)
_16306_/CLK                             1.500000    1.759775   -0.259775 (VIOLATED)
_16324_/CLK                             1.500000    1.759598   -0.259598 (VIOLATED)
_16813_/CLK                             1.500000    1.759291   -0.259291 (VIOLATED)
_16283_/CLK                             1.500000    1.759179   -0.259179 (VIOLATED)
_16979_/CLK                             1.500000    1.758825   -0.258825 (VIOLATED)
_07599_/X                               1.504232    1.763016   -0.258783 (VIOLATED)
_15905_/CLK                             1.500000    1.758644   -0.258644 (VIOLATED)
_16285_/CLK                             1.500000    1.758639   -0.258639 (VIOLATED)
_16338_/CLK                             1.500000    1.758631   -0.258631 (VIOLATED)
_15907_/CLK                             1.500000    1.758278   -0.258278 (VIOLATED)
_15939_/CLK                             1.500000    1.758276   -0.258276 (VIOLATED)
_15875_/CLK                             1.500000    1.758273   -0.258273 (VIOLATED)
_16278_/CLK                             1.500000    1.758260   -0.258260 (VIOLATED)
_16277_/CLK                             1.500000    1.758254   -0.258254 (VIOLATED)
_16279_/CLK                             1.500000    1.758251   -0.258251 (VIOLATED)
_17060_/CLK                             1.500000    1.758237   -0.258237 (VIOLATED)
_17028_/CLK                             1.500000    1.758234   -0.258234 (VIOLATED)
_16947_/CLK                             1.500000    1.758212   -0.258212 (VIOLATED)
_16988_/CLK                             1.500000    1.758194   -0.258194 (VIOLATED)
_16956_/CLK                             1.500000    1.758173   -0.258173 (VIOLATED)
_15786_/CLK                             1.500000    1.758079   -0.258079 (VIOLATED)
_15882_/CLK                             1.500000    1.757976   -0.257976 (VIOLATED)
_15914_/CLK                             1.500000    1.757903   -0.257903 (VIOLATED)
_15946_/CLK                             1.500000    1.757887   -0.257887 (VIOLATED)
_17019_/CLK                             1.500000    1.757875   -0.257875 (VIOLATED)
_15873_/CLK                             1.500000    1.757865   -0.257865 (VIOLATED)
_15777_/CLK                             1.500000    1.757862   -0.257862 (VIOLATED)
_17051_/CLK                             1.500000    1.757833   -0.257833 (VIOLATED)
_16323_/CLK                             1.500000    1.757738   -0.257738 (VIOLATED)
_16671_/CLK                             1.500000    1.757729   -0.257729 (VIOLATED)
_16326_/CLK                             1.500000    1.757716   -0.257716 (VIOLATED)
_16672_/CLK                             1.500000    1.757707   -0.257707 (VIOLATED)
_16322_/CLK                             1.500000    1.757686   -0.257686 (VIOLATED)
_16670_/CLK                             1.500000    1.757673   -0.257673 (VIOLATED)
_16284_/CLK                             1.500000    1.757561   -0.257561 (VIOLATED)
_17062_/CLK                             1.500000    1.756930   -0.256930 (VIOLATED)
_17030_/CLK                             1.500000    1.756918   -0.256918 (VIOLATED)
_16990_/CLK                             1.500000    1.756706   -0.256706 (VIOLATED)
_16958_/CLK                             1.500000    1.756585   -0.256585 (VIOLATED)
_15883_/CLK                             1.500000    1.756464   -0.256464 (VIOLATED)
_15948_/CLK                             1.500000    1.755444   -0.255444 (VIOLATED)
_15916_/CLK                             1.500000    1.755067   -0.255067 (VIOLATED)
_15915_/CLK                             1.500000    1.754359   -0.254359 (VIOLATED)
_16957_/CLK                             1.500000    1.754359   -0.254359 (VIOLATED)
_15947_/CLK                             1.500000    1.754344   -0.254344 (VIOLATED)
_16989_/CLK                             1.500000    1.753979   -0.253979 (VIOLATED)
_15787_/CLK                             1.500000    1.751252   -0.251252 (VIOLATED)
_15797_/CLK                             1.500000    1.750019   -0.250019 (VIOLATED)
_15925_/CLK                             1.500000    1.750017   -0.250017 (VIOLATED)
_11042_/Y                               1.491871    1.736400   -0.244529 (VIOLATED)
_15893_/CLK                             1.500000    1.743063   -0.243063 (VIOLATED)
_16960_/CLK                             1.500000    1.738383   -0.238383 (VIOLATED)
_16992_/CLK                             1.500000    1.736615   -0.236615 (VIOLATED)
_11046_/A                               1.500000    1.736400   -0.236400 (VIOLATED)
_11051_/B                               1.500000    1.736400   -0.236400 (VIOLATED)
_11053_/A2                              1.500000    1.736400   -0.236400 (VIOLATED)
_11058_/A2                              1.500000    1.736400   -0.236400 (VIOLATED)
_11061_/A2                              1.500000    1.736400   -0.236400 (VIOLATED)
_11064_/A2                              1.500000    1.736400   -0.236400 (VIOLATED)
_11067_/A2                              1.500000    1.736400   -0.236400 (VIOLATED)
_11070_/A2                              1.500000    1.736400   -0.236400 (VIOLATED)
_11073_/A2                              1.500000    1.736400   -0.236400 (VIOLATED)
_11079_/A2                              1.500000    1.736400   -0.236400 (VIOLATED)
_11082_/A2                              1.500000    1.736400   -0.236400 (VIOLATED)
_11086_/A2                              1.500000    1.736400   -0.236400 (VIOLATED)
_11094_/A2                              1.500000    1.736400   -0.236400 (VIOLATED)
_11101_/A2                              1.500000    1.736400   -0.236400 (VIOLATED)
_11104_/A2                              1.500000    1.736400   -0.236400 (VIOLATED)
_11107_/A2                              1.500000    1.736400   -0.236400 (VIOLATED)
_11124_/A2                              1.500000    1.736400   -0.236400 (VIOLATED)
_11130_/A2                              1.500000    1.736400   -0.236400 (VIOLATED)
_11135_/A2                              1.500000    1.736400   -0.236400 (VIOLATED)
_11137_/A2                              1.500000    1.736400   -0.236400 (VIOLATED)
_11143_/A2                              1.500000    1.736400   -0.236400 (VIOLATED)
_15881_/CLK                             1.500000    1.732384   -0.232384 (VIOLATED)
_17032_/CLK                             1.500000    1.728617   -0.228617 (VIOLATED)
_15913_/CLK                             1.500000    1.727039   -0.227039 (VIOLATED)
_17064_/CLK                             1.500000    1.725457   -0.225457 (VIOLATED)
_15957_/CLK                             1.500000    1.724708   -0.224708 (VIOLATED)
_15945_/CLK                             1.500000    1.724162   -0.224162 (VIOLATED)
_15785_/CLK                             1.500000    1.719576   -0.219576 (VIOLATED)
_16955_/CLK                             1.500000    1.718682   -0.218682 (VIOLATED)
_16987_/CLK                             1.500000    1.718665   -0.218665 (VIOLATED)
_17059_/CLK                             1.500000    1.716544   -0.216544 (VIOLATED)
_17027_/CLK                             1.500000    1.716429   -0.216429 (VIOLATED)
_17039_/CLK                             1.500000    1.705602   -0.205602 (VIOLATED)
_17071_/CLK                             1.500000    1.701362   -0.201362 (VIOLATED)
_15887_/CLK                             1.500000    1.697492   -0.197492 (VIOLATED)
_13764_/Y                               1.491871    1.686437   -0.194566 (VIOLATED)
_15791_/CLK                             1.500000    1.692462   -0.192462 (VIOLATED)
_13768_/A                               1.500000    1.686437   -0.186438 (VIOLATED)
_13773_/B                               1.500000    1.686437   -0.186438 (VIOLATED)
_13775_/A2                              1.500000    1.686437   -0.186438 (VIOLATED)
_13780_/A2                              1.500000    1.686437   -0.186438 (VIOLATED)
_13783_/A2                              1.500000    1.686437   -0.186438 (VIOLATED)
_13786_/A2                              1.500000    1.686437   -0.186438 (VIOLATED)
_13789_/A2                              1.500000    1.686437   -0.186438 (VIOLATED)
_13792_/A2                              1.500000    1.686437   -0.186438 (VIOLATED)
_13795_/A2                              1.500000    1.686437   -0.186438 (VIOLATED)
_13801_/A2                              1.500000    1.686437   -0.186438 (VIOLATED)
_13804_/A2                              1.500000    1.686437   -0.186438 (VIOLATED)
_13807_/A2                              1.500000    1.686437   -0.186438 (VIOLATED)
_13816_/A2                              1.500000    1.686437   -0.186438 (VIOLATED)
_13822_/A2                              1.500000    1.686437   -0.186438 (VIOLATED)
_13826_/A2                              1.500000    1.686437   -0.186438 (VIOLATED)
_13829_/A2                              1.500000    1.686437   -0.186438 (VIOLATED)
_13847_/A2                              1.500000    1.686437   -0.186438 (VIOLATED)
_13853_/A2                              1.500000    1.686437   -0.186438 (VIOLATED)
_13858_/A2                              1.500000    1.686437   -0.186438 (VIOLATED)
_13861_/A2                              1.500000    1.686437   -0.186438 (VIOLATED)
_13866_/A2                              1.500000    1.686437   -0.186438 (VIOLATED)
_17069_/CLK                             1.500000    1.677584   -0.177584 (VIOLATED)
_13989_/Y                               1.487616    1.658786   -0.171170 (VIOLATED)
_16997_/CLK                             1.500000    1.668185   -0.168185 (VIOLATED)
_15919_/CLK                             1.500000    1.663791   -0.163791 (VIOLATED)
_07598_/Y                               1.498388    1.658144   -0.159756 (VIOLATED)
_14072_/B1                              1.500000    1.658789   -0.158789 (VIOLATED)
_14074_/C1                              1.500000    1.658789   -0.158789 (VIOLATED)
_14077_/B1                              1.500000    1.658789   -0.158789 (VIOLATED)
_14082_/B1                              1.500000    1.658789   -0.158789 (VIOLATED)
_14068_/A2                              1.500000    1.658788   -0.158788 (VIOLATED)
_14064_/C1                              1.500000    1.658788   -0.158788 (VIOLATED)
_14070_/B1                              1.500000    1.658788   -0.158788 (VIOLATED)
_14028_/B1                              1.500000    1.658786   -0.158786 (VIOLATED)
_14031_/B1                              1.500000    1.658786   -0.158786 (VIOLATED)
_14035_/A2                              1.500000    1.658786   -0.158786 (VIOLATED)
_14037_/C1                              1.500000    1.658786   -0.158786 (VIOLATED)
_14042_/C1                              1.500000    1.658786   -0.158786 (VIOLATED)
_14049_/C1                              1.500000    1.658786   -0.158786 (VIOLATED)
_14061_/C1                              1.500000    1.658786   -0.158786 (VIOLATED)
_16965_/CLK                             1.500000    1.658017   -0.158017 (VIOLATED)
_17037_/CLK                             1.500000    1.651893   -0.151893 (VIOLATED)
_15951_/CLK                             1.500000    1.647161   -0.147161 (VIOLATED)
_15923_/CLK                             1.500000    1.646095   -0.146095 (VIOLATED)
_15795_/CLK                             1.500000    1.646093   -0.146093 (VIOLATED)
_15955_/CLK                             1.500000    1.646085   -0.146085 (VIOLATED)
_15891_/CLK                             1.500000    1.643489   -0.143489 (VIOLATED)
_07602_/X                               1.504232    1.629768   -0.125536 (VIOLATED)
_09030_/Y                               1.498388    1.616810   -0.118422 (VIOLATED)
_10544_/A1                              1.500000    1.616815   -0.116815 (VIOLATED)
_10559_/A1                              1.500000    1.616815   -0.116815 (VIOLATED)
_10597_/B2                              1.500000    1.616814   -0.116814 (VIOLATED)
_10488_/A1                              1.500000    1.616814   -0.116814 (VIOLATED)
_10473_/B2                              1.500000    1.616814   -0.116814 (VIOLATED)
_10416_/B2                              1.500000    1.616812   -0.116812 (VIOLATED)
_10208_/B2                              1.500000    1.616811   -0.116811 (VIOLATED)
_10225_/A1                              1.500000    1.616811   -0.116811 (VIOLATED)
_10296_/A1                              1.500000    1.616811   -0.116811 (VIOLATED)
_10300_/A1                              1.500000    1.616811   -0.116811 (VIOLATED)
_10347_/A1                              1.500000    1.616810   -0.116810 (VIOLATED)
_10353_/B2                              1.500000    1.616810   -0.116810 (VIOLATED)
_10658_/A1                              1.500000    1.616810   -0.116810 (VIOLATED)
_10667_/A1                              1.500000    1.616810   -0.116810 (VIOLATED)
_09036_/B2                              1.500000    1.616810   -0.116810 (VIOLATED)
_09048_/A2                              1.500000    1.616810   -0.116810 (VIOLATED)
_09056_/B2                              1.500000    1.616810   -0.116810 (VIOLATED)
_09122_/A1                              1.500000    1.616810   -0.116810 (VIOLATED)
_09377_/A1                              1.500000    1.616810   -0.116810 (VIOLATED)
_09497_/B2                              1.500000    1.616810   -0.116810 (VIOLATED)
_09614_/B2                              1.500000    1.616810   -0.116810 (VIOLATED)
_09665_/B2                              1.500000    1.616810   -0.116810 (VIOLATED)
_09670_/B2                              1.500000    1.616810   -0.116810 (VIOLATED)
_09688_/A1                              1.500000    1.616810   -0.116810 (VIOLATED)
_09723_/A1                              1.500000    1.616810   -0.116810 (VIOLATED)
_09823_/A1                              1.500000    1.616810   -0.116810 (VIOLATED)
_09831_/A1                              1.500000    1.616810   -0.116810 (VIOLATED)
_09881_/A1                              1.500000    1.616810   -0.116810 (VIOLATED)
_09926_/A1                              1.500000    1.616810   -0.116810 (VIOLATED)
_09932_/A1                              1.500000    1.616810   -0.116810 (VIOLATED)
_10037_/A1                              1.500000    1.616810   -0.116810 (VIOLATED)
_10079_/B2                              1.500000    1.616810   -0.116810 (VIOLATED)
_10085_/B2                              1.500000    1.616810   -0.116810 (VIOLATED)
_10137_/B2                              1.500000    1.616810   -0.116810 (VIOLATED)
_10143_/B2                              1.500000    1.616810   -0.116810 (VIOLATED)
_10732_/B2                              1.500000    1.616810   -0.116810 (VIOLATED)
_10758_/B2                              1.500000    1.616810   -0.116810 (VIOLATED)
_15952_/CLK                             1.500000    1.616663   -0.116663 (VIOLATED)
_09032_/Y                               1.498388    1.610617   -0.112229 (VIOLATED)
_15920_/CLK                             1.500000    1.611340   -0.111340 (VIOLATED)
_10541_/B2                              1.500000    1.610629   -0.110629 (VIOLATED)
_10559_/B2                              1.500000    1.610629   -0.110629 (VIOLATED)
_10594_/A1                              1.500000    1.610629   -0.110629 (VIOLATED)
_10488_/B2                              1.500000    1.610628   -0.110629 (VIOLATED)
_10473_/A1                              1.500000    1.610628   -0.110628 (VIOLATED)
_10300_/B2                              1.500000    1.610627   -0.110628 (VIOLATED)
_10296_/B2                              1.500000    1.610627   -0.110627 (VIOLATED)
_10205_/B2                              1.500000    1.610627   -0.110627 (VIOLATED)
_10225_/B2                              1.500000    1.610627   -0.110627 (VIOLATED)
_10353_/A1                              1.500000    1.610625   -0.110625 (VIOLATED)
_10347_/B2                              1.500000    1.610625   -0.110625 (VIOLATED)
_10137_/A1                              1.500000    1.610623   -0.110623 (VIOLATED)
_10143_/A1                              1.500000    1.610622   -0.110622 (VIOLATED)
_10079_/A1                              1.500000    1.610621   -0.110621 (VIOLATED)
_10085_/A1                              1.500000    1.610621   -0.110621 (VIOLATED)
_09923_/A1                              1.500000    1.610620   -0.110621 (VIOLATED)
_10036_/B2                              1.500000    1.610620   -0.110621 (VIOLATED)
_09932_/B2                              1.500000    1.610620   -0.110620 (VIOLATED)
_09880_/B2                              1.500000    1.610619   -0.110619 (VIOLATED)
_09035_/B1                              1.500000    1.610617   -0.110617 (VIOLATED)
_09048_/B1                              1.500000    1.610617   -0.110617 (VIOLATED)
_09057_/B2                              1.500000    1.610617   -0.110617 (VIOLATED)
_09121_/A1                              1.500000    1.610617   -0.110617 (VIOLATED)
_09378_/A1                              1.500000    1.610617   -0.110617 (VIOLATED)
_09497_/A1                              1.500000    1.610617   -0.110617 (VIOLATED)
_09614_/A1                              1.500000    1.610617   -0.110617 (VIOLATED)
_09665_/A1                              1.500000    1.610617   -0.110617 (VIOLATED)
_09670_/A1                              1.500000    1.610617   -0.110617 (VIOLATED)
_09688_/B2                              1.500000    1.610617   -0.110617 (VIOLATED)
_09724_/A1                              1.500000    1.610617   -0.110617 (VIOLATED)
_09826_/A1                              1.500000    1.610617   -0.110617 (VIOLATED)
_09830_/B2                              1.500000    1.610617   -0.110617 (VIOLATED)
_10416_/A1                              1.500000    1.610617   -0.110617 (VIOLATED)
_10661_/A1                              1.500000    1.610617   -0.110617 (VIOLATED)
_10666_/B2                              1.500000    1.610617   -0.110617 (VIOLATED)
_10732_/A1                              1.500000    1.610617   -0.110617 (VIOLATED)
_10758_/A1                              1.500000    1.610617   -0.110617 (VIOLATED)
_15888_/CLK                             1.500000    1.608869   -0.108869 (VIOLATED)
_15792_/CLK                             1.500000    1.604252   -0.104252 (VIOLATED)
_16996_/CLK                             1.500000    1.603611   -0.103611 (VIOLATED)
_16999_/CLK                             1.500000    1.603590   -0.103590 (VIOLATED)
_16967_/CLK                             1.500000    1.603589   -0.103589 (VIOLATED)
_16964_/CLK                             1.500000    1.603588   -0.103588 (VIOLATED)
_17036_/CLK                             1.500000    1.603571   -0.103571 (VIOLATED)
_17068_/CLK                             1.500000    1.603548   -0.103548 (VIOLATED)
_15890_/CLK                             1.500000    1.603469   -0.103469 (VIOLATED)
_15794_/CLK                             1.500000    1.603391   -0.103391 (VIOLATED)
_15954_/CLK                             1.500000    1.603319   -0.103319 (VIOLATED)
_15922_/CLK                             1.500000    1.603293   -0.103293 (VIOLATED)
_17033_/CLK                             1.500000    1.602960   -0.102960 (VIOLATED)
_17065_/CLK                             1.500000    1.602952   -0.102952 (VIOLATED)
_16993_/CLK                             1.500000    1.599961   -0.099961 (VIOLATED)
_16961_/CLK                             1.500000    1.593990   -0.093990 (VIOLATED)
_09027_/Y                               1.498388    1.579172   -0.080784 (VIOLATED)
_10558_/A1                              1.500000    1.579177   -0.079177 (VIOLATED)
_10544_/B2                              1.500000    1.579177   -0.079177 (VIOLATED)
_10597_/A1                              1.500000    1.579176   -0.079176 (VIOLATED)
_10470_/B2                              1.500000    1.579176   -0.079176 (VIOLATED)
_10487_/A1                              1.500000    1.579176   -0.079176 (VIOLATED)
_10413_/B2                              1.500000    1.579174   -0.079174 (VIOLATED)
_10293_/B2                              1.500000    1.579172   -0.079172 (VIOLATED)
_10299_/B2                              1.500000    1.579172   -0.079172 (VIOLATED)
_10208_/A1                              1.500000    1.579172   -0.079172 (VIOLATED)
_10224_/A1                              1.500000    1.579172   -0.079172 (VIOLATED)
_09035_/A2                              1.500000    1.579172   -0.079172 (VIOLATED)
_09047_/B2                              1.500000    1.579172   -0.079172 (VIOLATED)
_09057_/A1                              1.500000    1.579172   -0.079172 (VIOLATED)
_09122_/B2                              1.500000    1.579172   -0.079172 (VIOLATED)
_09378_/B2                              1.500000    1.579172   -0.079172 (VIOLATED)
_09496_/B2                              1.500000    1.579172   -0.079172 (VIOLATED)
_09613_/A1                              1.500000    1.579172   -0.079172 (VIOLATED)
_09662_/A1                              1.500000    1.579172   -0.079172 (VIOLATED)
_09669_/A1                              1.500000    1.579172   -0.079172 (VIOLATED)
_09685_/B2                              1.500000    1.579172   -0.079172 (VIOLATED)
_09724_/B2                              1.500000    1.579172   -0.079172 (VIOLATED)
_09826_/B2                              1.500000    1.579172   -0.079172 (VIOLATED)
_09831_/B2                              1.500000    1.579172   -0.079172 (VIOLATED)
_09881_/B2                              1.500000    1.579172   -0.079172 (VIOLATED)
_09926_/B2                              1.500000    1.579172   -0.079172 (VIOLATED)
_09931_/A1                              1.500000    1.579172   -0.079172 (VIOLATED)
_10037_/B2                              1.500000    1.579172   -0.079172 (VIOLATED)
_10076_/A1                              1.500000    1.579172   -0.079172 (VIOLATED)
_10084_/A1                              1.500000    1.579172   -0.079172 (VIOLATED)
_10134_/A1                              1.500000    1.579172   -0.079172 (VIOLATED)
_10142_/A1                              1.500000    1.579172   -0.079172 (VIOLATED)
_10344_/A1                              1.500000    1.579172   -0.079172 (VIOLATED)
_10352_/B2                              1.500000    1.579172   -0.079172 (VIOLATED)
_10661_/B2                              1.500000    1.579172   -0.079172 (VIOLATED)
_10667_/B2                              1.500000    1.579172   -0.079172 (VIOLATED)
_10729_/A1                              1.500000    1.579172   -0.079172 (VIOLATED)
_10759_/A1                              1.500000    1.579172   -0.079172 (VIOLATED)
_09023_/Y                               1.498388    1.574761   -0.076373 (VIOLATED)
_10541_/A1                              1.500000    1.574771   -0.074771 (VIOLATED)
_10558_/B2                              1.500000    1.574771   -0.074771 (VIOLATED)
_10594_/B2                              1.500000    1.574770   -0.074771 (VIOLATED)
_10470_/A1                              1.500000    1.574770   -0.074770 (VIOLATED)
_10487_/B2                              1.500000    1.574770   -0.074770 (VIOLATED)
_10293_/A1                              1.500000    1.574770   -0.074770 (VIOLATED)
_10299_/A1                              1.500000    1.574770   -0.074770 (VIOLATED)
_10205_/A1                              1.500000    1.574769   -0.074769 (VIOLATED)
_10224_/B2                              1.500000    1.574769   -0.074769 (VIOLATED)
_10352_/A1                              1.500000    1.574767   -0.074767 (VIOLATED)
_10344_/B2                              1.500000    1.574767   -0.074767 (VIOLATED)
_10142_/B2                              1.500000    1.574764   -0.074764 (VIOLATED)
_10134_/B2                              1.500000    1.574764   -0.074764 (VIOLATED)
_10076_/B2                              1.500000    1.574764   -0.074764 (VIOLATED)
_10084_/B2                              1.500000    1.574764   -0.074764 (VIOLATED)
_09923_/B2                              1.500000    1.574763   -0.074763 (VIOLATED)
_09931_/B2                              1.500000    1.574763   -0.074763 (VIOLATED)
_10036_/A1                              1.500000    1.574763   -0.074763 (VIOLATED)
_09880_/A1                              1.500000    1.574762   -0.074762 (VIOLATED)
_09036_/A1                              1.500000    1.574761   -0.074761 (VIOLATED)
_09047_/A1                              1.500000    1.574761   -0.074761 (VIOLATED)
_09056_/A1                              1.500000    1.574761   -0.074761 (VIOLATED)
_09121_/B2                              1.500000    1.574761   -0.074761 (VIOLATED)
_09377_/B2                              1.500000    1.574761   -0.074761 (VIOLATED)
_09496_/A1                              1.500000    1.574761   -0.074761 (VIOLATED)
_09613_/B2                              1.500000    1.574761   -0.074761 (VIOLATED)
_09662_/B2                              1.500000    1.574761   -0.074761 (VIOLATED)
_09669_/B2                              1.500000    1.574761   -0.074761 (VIOLATED)
_09685_/A1                              1.500000    1.574761   -0.074761 (VIOLATED)
_09723_/B2                              1.500000    1.574761   -0.074761 (VIOLATED)
_09823_/B2                              1.500000    1.574761   -0.074761 (VIOLATED)
_09830_/A1                              1.500000    1.574761   -0.074761 (VIOLATED)
_10413_/A1                              1.500000    1.574761   -0.074761 (VIOLATED)
_10658_/B2                              1.500000    1.574761   -0.074761 (VIOLATED)
_10666_/A1                              1.500000    1.574761   -0.074761 (VIOLATED)
_10729_/B2                              1.500000    1.574761   -0.074761 (VIOLATED)
_10759_/B2                              1.500000    1.574761   -0.074761 (VIOLATED)
_09191_/S1                              1.500000    1.572891   -0.072891 (VIOLATED)
_09188_/B1                              1.500000    1.572891   -0.072891 (VIOLATED)
_09126_/B1                              1.500000    1.572890   -0.072890 (VIOLATED)
_09129_/S1                              1.500000    1.572889   -0.072889 (VIOLATED)
_09560_/S1                              1.500000    1.572883   -0.072883 (VIOLATED)
_09562_/A                               1.500000    1.572882   -0.072882 (VIOLATED)
_09653_/B1                              1.500000    1.572878   -0.072878 (VIOLATED)
_09655_/S1                              1.500000    1.572875   -0.072875 (VIOLATED)
_09678_/S1                              1.500000    1.572869   -0.072869 (VIOLATED)
_09676_/B1                              1.500000    1.572865   -0.072865 (VIOLATED)
_09324_/B1                              1.500000    1.572862   -0.072862 (VIOLATED)
_09327_/S1                              1.500000    1.572862   -0.072862 (VIOLATED)
_09258_/B1                              1.500000    1.572860   -0.072860 (VIOLATED)
_09260_/S1                              1.500000    1.572860   -0.072860 (VIOLATED)
_09385_/A                               1.500000    1.572857   -0.072857 (VIOLATED)
_09447_/A                               1.500000    1.572856   -0.072856 (VIOLATED)
_09039_/S1                              1.500000    1.572855   -0.072855 (VIOLATED)
_09038_/S1                              1.500000    1.572852   -0.072852 (VIOLATED)
_09450_/S1                              1.500000    1.572852   -0.072852 (VIOLATED)
_09388_/S1                              1.500000    1.572849   -0.072849 (VIOLATED)
_09060_/S1                              1.500000    1.572839   -0.072839 (VIOLATED)
_09735_/S1                              1.500000    1.572837   -0.072837 (VIOLATED)
_09733_/B1                              1.500000    1.572833   -0.072833 (VIOLATED)
_09059_/S1                              1.500000    1.572828   -0.072828 (VIOLATED)
_10421_/A                               1.500000    1.572820   -0.072820 (VIOLATED)
_09939_/A                               1.500000    1.572819   -0.072819 (VIOLATED)
_10419_/S1                              1.500000    1.572814   -0.072814 (VIOLATED)
_09513_/A                               1.500000    1.572811   -0.072811 (VIOLATED)
_09516_/S1                              1.500000    1.572811   -0.072811 (VIOLATED)
_09942_/S1                              1.500000    1.572810   -0.072810 (VIOLATED)
_09814_/B1                              1.500000    1.572808   -0.072808 (VIOLATED)
_09816_/S1                              1.500000    1.572806   -0.072806 (VIOLATED)
_07538_/A                               1.500000    1.572799   -0.072799 (VIOLATED)
_09865_/S1                              1.500000    1.572798   -0.072798 (VIOLATED)
_10126_/S1                              1.500000    1.572798   -0.072798 (VIOLATED)
_09914_/B1                              1.500000    1.572797   -0.072797 (VIOLATED)
_10124_/B1                              1.500000    1.572796   -0.072796 (VIOLATED)
_09863_/B1                              1.500000    1.572795   -0.072795 (VIOLATED)
_10334_/B1                              1.500000    1.572790   -0.072790 (VIOLATED)
_10336_/S1                              1.500000    1.572787   -0.072787 (VIOLATED)
_09916_/S1                              1.500000    1.572786   -0.072786 (VIOLATED)
_10479_/B1                              1.500000    1.572780   -0.072780 (VIOLATED)
_10017_/S1                              1.500000    1.572771   -0.072771 (VIOLATED)
_10019_/A                               1.500000    1.572771   -0.072771 (VIOLATED)
_10069_/S1                              1.500000    1.572770   -0.072770 (VIOLATED)
_10067_/B1                              1.500000    1.572764   -0.072764 (VIOLATED)
_10179_/B1                              1.500000    1.572758   -0.072758 (VIOLATED)
_10481_/S1                              1.500000    1.572754   -0.072754 (VIOLATED)
_10181_/S1                              1.500000    1.572747   -0.072747 (VIOLATED)
_10721_/S1                              1.500000    1.572747   -0.072747 (VIOLATED)
_10719_/B1                              1.500000    1.572746   -0.072746 (VIOLATED)
_10649_/B1                              1.500000    1.572745   -0.072745 (VIOLATED)
_10651_/S1                              1.500000    1.572744   -0.072745 (VIOLATED)
_10675_/S1                              1.500000    1.572741   -0.072741 (VIOLATED)
_10673_/B1                              1.500000    1.572739   -0.072739 (VIOLATED)
_10604_/B1                              1.500000    1.572736   -0.072736 (VIOLATED)
_10286_/S1                              1.500000    1.572735   -0.072735 (VIOLATED)
_10284_/B1                              1.500000    1.572733   -0.072733 (VIOLATED)
_10606_/S1                              1.500000    1.572731   -0.072731 (VIOLATED)
_10216_/S1                              1.500000    1.572726   -0.072726 (VIOLATED)
_10364_/S1                              1.500000    1.572723   -0.072723 (VIOLATED)
_10361_/A                               1.500000    1.572716   -0.072716 (VIOLATED)
_10214_/B1                              1.500000    1.572713   -0.072713 (VIOLATED)
_10549_/B1                              1.500000    1.572711   -0.072711 (VIOLATED)
_10551_/S1                              1.500000    1.572711   -0.072711 (VIOLATED)
_12249_/A2                              1.500000    1.572710   -0.072710 (VIOLATED)
_12250_/A2                              1.500000    1.572706   -0.072706 (VIOLATED)
_16821_/Q                               1.503529    1.572706   -0.069177 (VIOLATED)
_16994_/CLK                             1.500000    1.567181   -0.067181 (VIOLATED)
_07603_/X                               1.504232    1.568347   -0.064115 (VIOLATED)
_14090_/Y                               1.487616    1.550132   -0.062516 (VIOLATED)
_17066_/CLK                             1.500000    1.561947   -0.061947 (VIOLATED)
_07601_/X                               1.504232    1.564856   -0.060624 (VIOLATED)
_16962_/CLK                             1.500000    1.553580   -0.053580 (VIOLATED)
_17034_/CLK                             1.500000    1.550389   -0.050389 (VIOLATED)
_14186_/B1                              1.500000    1.550135   -0.050136 (VIOLATED)
_14179_/B1                              1.500000    1.550135   -0.050135 (VIOLATED)
_14174_/C1                              1.500000    1.550135   -0.050135 (VIOLATED)
_14177_/C1                              1.500000    1.550135   -0.050135 (VIOLATED)
_14165_/C1                              1.500000    1.550134   -0.050134 (VIOLATED)
_14171_/B1                              1.500000    1.550134   -0.050134 (VIOLATED)
_14129_/B1                              1.500000    1.550132   -0.050132 (VIOLATED)
_14132_/B1                              1.500000    1.550132   -0.050132 (VIOLATED)
_14136_/A2                              1.500000    1.550132   -0.050132 (VIOLATED)
_14138_/C1                              1.500000    1.550132   -0.050132 (VIOLATED)
_14143_/C1                              1.500000    1.550132   -0.050132 (VIOLATED)
_14150_/C1                              1.500000    1.550132   -0.050132 (VIOLATED)
_14162_/C1                              1.500000    1.550132   -0.050132 (VIOLATED)
_16446_/CLK                             1.500000    1.530915   -0.030915 (VIOLATED)
_16818_/CLK                             1.500000    1.530896   -0.030896 (VIOLATED)
_16819_/CLK                             1.500000    1.530862   -0.030863 (VIOLATED)
_16449_/CLK                             1.500000    1.530858   -0.030858 (VIOLATED)
_16598_/CLK                             1.500000    1.530758   -0.030758 (VIOLATED)
_16388_/CLK                             1.500000    1.530650   -0.030650 (VIOLATED)
_16404_/CLK                             1.500000    1.530500   -0.030500 (VIOLATED)
_16451_/CLK                             1.500000    1.530494   -0.030494 (VIOLATED)
_16601_/CLK                             1.500000    1.530478   -0.030478 (VIOLATED)
_16597_/CLK                             1.500000    1.530453   -0.030453 (VIOLATED)
_16699_/CLK                             1.500000    1.530453   -0.030453 (VIOLATED)
_16406_/CLK                             1.500000    1.530448   -0.030448 (VIOLATED)
_16407_/CLK                             1.500000    1.530385   -0.030385 (VIOLATED)
_16747_/CLK                             1.500000    1.530209   -0.030209 (VIOLATED)
_16403_/CLK                             1.500000    1.530159   -0.030159 (VIOLATED)
_16745_/CLK                             1.500000    1.530087   -0.030087 (VIOLATED)
_16815_/CLK                             1.500000    1.530036   -0.030036 (VIOLATED)
_16600_/CLK                             1.500000    1.530034   -0.030034 (VIOLATED)
_16413_/CLK                             1.500000    1.530010   -0.030010 (VIOLATED)
_16748_/CLK                             1.500000    1.529997   -0.029997 (VIOLATED)
_16750_/CLK                             1.500000    1.529983   -0.029983 (VIOLATED)
_16751_/CLK                             1.500000    1.529979   -0.029979 (VIOLATED)
_16749_/CLK                             1.500000    1.529969   -0.029969 (VIOLATED)
_16752_/CLK                             1.500000    1.529943   -0.029943 (VIOLATED)
_16411_/CLK                             1.500000    1.529869   -0.029869 (VIOLATED)
_16744_/CLK                             1.500000    1.529861   -0.029861 (VIOLATED)
_16410_/CLK                             1.500000    1.529843   -0.029843 (VIOLATED)
_16746_/CLK                             1.500000    1.529842   -0.029842 (VIOLATED)
_16739_/CLK                             1.500000    1.529775   -0.029775 (VIOLATED)
_16313_/CLK                             1.500000    1.529724   -0.029724 (VIOLATED)
_16741_/CLK                             1.500000    1.529656   -0.029656 (VIOLATED)
_16311_/CLK                             1.500000    1.529643   -0.029643 (VIOLATED)
_16310_/CLK                             1.500000    1.529608   -0.029608 (VIOLATED)
_16386_/CLK                             1.500000    1.529584   -0.029584 (VIOLATED)
_16738_/CLK                             1.500000    1.529580   -0.029580 (VIOLATED)
_16314_/CLK                             1.500000    1.529531   -0.029531 (VIOLATED)
_16770_/CLK                             1.500000    1.529458   -0.029458 (VIOLATED)
_16309_/CLK                             1.500000    1.529093   -0.029093 (VIOLATED)
_16201_/CLK                             1.500000    1.528598   -0.028598 (VIOLATED)
_16740_/CLK                             1.500000    1.528331   -0.028331 (VIOLATED)
_16742_/CLK                             1.500000    1.528107   -0.028108 (VIOLATED)
_16736_/CLK                             1.500000    1.528101   -0.028102 (VIOLATED)
_16734_/CLK                             1.500000    1.528084   -0.028084 (VIOLATED)
_16755_/CLK                             1.500000    1.527960   -0.027960 (VIOLATED)
_16385_/CLK                             1.500000    1.527951   -0.027951 (VIOLATED)
_16415_/CLK                             1.500000    1.527943   -0.027943 (VIOLATED)
_16387_/CLK                             1.500000    1.527942   -0.027942 (VIOLATED)
_16409_/CLK                             1.500000    1.527940   -0.027940 (VIOLATED)
_16754_/CLK                             1.500000    1.527929   -0.027929 (VIOLATED)
_16753_/CLK                             1.500000    1.527927   -0.027927 (VIOLATED)
_16312_/CLK                             1.500000    1.527868   -0.027868 (VIOLATED)
_16412_/CLK                             1.500000    1.527848   -0.027849 (VIOLATED)
_16416_/CLK                             1.500000    1.527793   -0.027793 (VIOLATED)
_16408_/CLK                             1.500000    1.527781   -0.027782 (VIOLATED)
_16756_/CLK                             1.500000    1.527760   -0.027760 (VIOLATED)
_16717_/CLK                             1.500000    1.527682   -0.027682 (VIOLATED)
_16737_/CLK                             1.500000    1.527610   -0.027610 (VIOLATED)
_16735_/CLK                             1.500000    1.527436   -0.027436 (VIOLATED)
_07505_/Y                               1.497817    1.524563   -0.026746 (VIOLATED)
_16743_/CLK                             1.500000    1.526334   -0.026334 (VIOLATED)
_16716_/CLK                             1.500000    1.526010   -0.026010 (VIOLATED)
_16421_/CLK                             1.500000    1.525846   -0.025846 (VIOLATED)
_16418_/CLK                             1.500000    1.525135   -0.025135 (VIOLATED)
_10215_/C1                              1.500000    1.524672   -0.024672 (VIOLATED)
_10365_/A1_N                            1.500000    1.524672   -0.024672 (VIOLATED)
_10400_/S                               1.500000    1.524672   -0.024672 (VIOLATED)
_10233_/S                               1.500000    1.524671   -0.024671 (VIOLATED)
_10285_/C1                              1.500000    1.524668   -0.024668 (VIOLATED)
_10180_/C1                              1.500000    1.524661   -0.024661 (VIOLATED)
_10173_/A1                              1.500000    1.524659   -0.024659 (VIOLATED)
_10068_/C1                              1.500000    1.524657   -0.024657 (VIOLATED)
_10021_/C1                              1.500000    1.524652   -0.024652 (VIOLATED)
_10480_/C1                              1.500000    1.524645   -0.024645 (VIOLATED)
_10335_/C1                              1.500000    1.524644   -0.024644 (VIOLATED)
_10307_/C1                              1.500000    1.524644   -0.024644 (VIOLATED)
_10125_/C1                              1.500000    1.524641   -0.024641 (VIOLATED)
_10113_/C1                              1.500000    1.524640   -0.024640 (VIOLATED)
_13870_/A                               1.500000    1.524639   -0.024639 (VIOLATED)
_13766_/A                               1.500000    1.524637   -0.024637 (VIOLATED)
_10550_/C1                              1.500000    1.524636   -0.024636 (VIOLATED)
_10535_/S                               1.500000    1.524636   -0.024636 (VIOLATED)
_09018_/A                               1.500000    1.524635   -0.024635 (VIOLATED)
_10605_/C1                              1.500000    1.524634   -0.024634 (VIOLATED)
_10674_/C1                              1.500000    1.524632   -0.024632 (VIOLATED)
_10710_/S                               1.500000    1.524630   -0.024630 (VIOLATED)
_10836_/A                               1.500000    1.524622   -0.024622 (VIOLATED)
_13764_/A                               1.500000    1.524622   -0.024622 (VIOLATED)
_08683_/C                               1.500000    1.524622   -0.024622 (VIOLATED)
_13765_/A                               1.500000    1.524621   -0.024621 (VIOLATED)
_13869_/A                               1.500000    1.524621   -0.024621 (VIOLATED)
_10650_/C1                              1.500000    1.524621   -0.024621 (VIOLATED)
_12251_/S                               1.500000    1.524620   -0.024620 (VIOLATED)
_10622_/C1                              1.500000    1.524619   -0.024620 (VIOLATED)
_09807_/C1                              1.500000    1.524618   -0.024618 (VIOLATED)
_10740_/B2                              1.500000    1.524616   -0.024617 (VIOLATED)
_10720_/C1                              1.500000    1.524616   -0.024616 (VIOLATED)
_09815_/C1                              1.500000    1.524614   -0.024614 (VIOLATED)
_07613_/A                               1.500000    1.524612   -0.024612 (VIOLATED)
_10423_/B1                              1.500000    1.524611   -0.024611 (VIOLATED)
_10437_/C1                              1.500000    1.524611   -0.024611 (VIOLATED)
_09068_/C1                              1.500000    1.524608   -0.024608 (VIOLATED)
_09062_/A1                              1.500000    1.524607   -0.024607 (VIOLATED)
_09915_/C1                              1.500000    1.524599   -0.024600 (VIOLATED)
_09979_/S                               1.500000    1.524599   -0.024599 (VIOLATED)
_09041_/A1                              1.500000    1.524598   -0.024598 (VIOLATED)
_09864_/C1                              1.500000    1.524598   -0.024598 (VIOLATED)
_08690_/C1                              1.500000    1.524598   -0.024598 (VIOLATED)
_09943_/A1_N                            1.500000    1.524598   -0.024598 (VIOLATED)
_09734_/C1                              1.500000    1.524595   -0.024595 (VIOLATED)
_09769_/C1                              1.500000    1.524594   -0.024594 (VIOLATED)
_09309_/C1                              1.500000    1.524589   -0.024589 (VIOLATED)
_09517_/A1_N                            1.500000    1.524588   -0.024588 (VIOLATED)
_09468_/S                               1.500000    1.524587   -0.024587 (VIOLATED)
_09024_/A                               1.500000    1.524585   -0.024585 (VIOLATED)
_09027_/A                               1.500000    1.524584   -0.024584 (VIOLATED)
_09677_/C1                              1.500000    1.524584   -0.024584 (VIOLATED)
_09031_/A                               1.500000    1.524584   -0.024584 (VIOLATED)
_09695_/C1                              1.500000    1.524583   -0.024583 (VIOLATED)
_09032_/A                               1.500000    1.524583   -0.024583 (VIOLATED)
_09646_/C1                              1.500000    1.524579   -0.024579 (VIOLATED)
_09654_/C1                              1.500000    1.524572   -0.024572 (VIOLATED)
_09607_/C1                              1.500000    1.524570   -0.024570 (VIOLATED)
_09564_/C1                              1.500000    1.524567   -0.024567 (VIOLATED)
_09259_/C1                              1.500000    1.524566   -0.024566 (VIOLATED)
_09389_/A1_N                            1.500000    1.524566   -0.024566 (VIOLATED)
_09390_/B2                              1.500000    1.524566   -0.024566 (VIOLATED)
_09451_/A1_N                            1.500000    1.524566   -0.024566 (VIOLATED)
_09315_/A                               1.500000    1.524566   -0.024566 (VIOLATED)
_09317_/A                               1.500000    1.524566   -0.024566 (VIOLATED)
_09372_/S                               1.500000    1.524565   -0.024565 (VIOLATED)
_09250_/S1                              1.500000    1.524565   -0.024565 (VIOLATED)
_09206_/S1                              1.500000    1.524565   -0.024565 (VIOLATED)
_09328_/A                               1.500000    1.524564   -0.024564 (VIOLATED)
_07598_/A                               1.500000    1.524563   -0.024563 (VIOLATED)
_09130_/A                               1.500000    1.524563   -0.024563 (VIOLATED)
_09138_/S1                              1.500000    1.524563   -0.024563 (VIOLATED)
_09143_/S                               1.500000    1.524563   -0.024563 (VIOLATED)
_09184_/S1                              1.500000    1.524563   -0.024563 (VIOLATED)
_09192_/A                               1.500000    1.524563   -0.024563 (VIOLATED)
_16315_/CLK                             1.500000    1.524394   -0.024394 (VIOLATED)
_16316_/CLK                             1.500000    1.523319   -0.023319 (VIOLATED)
_16308_/CLK                             1.500000    1.522025   -0.022025 (VIOLATED)
_16318_/CLK                             1.500000    1.520295   -0.020295 (VIOLATED)
_16567_/CLK                             1.500000    1.520174   -0.020174 (VIOLATED)
_16321_/CLK                             1.500000    1.520094   -0.020094 (VIOLATED)
_16275_/CLK                             1.500000    1.519792   -0.019792 (VIOLATED)
_16814_/CLK                             1.500000    1.519522   -0.019522 (VIOLATED)
_16339_/CLK                             1.500000    1.519518   -0.019518 (VIOLATED)
_16516_/CLK                             1.500000    1.519514   -0.019514 (VIOLATED)
_15779_/CLK                             1.500000    1.518638   -0.018638 (VIOLATED)
_17053_/CLK                             1.500000    1.518077   -0.018077 (VIOLATED)
_17021_/CLK                             1.500000    1.517884   -0.017884 (VIOLATED)
_16669_/CLK                             1.500000    1.517632   -0.017632 (VIOLATED)
_16981_/CLK                             1.500000    1.516835   -0.016835 (VIOLATED)
_15953_/CLK                             1.500000    1.516504   -0.016504 (VIOLATED)
_16949_/CLK                             1.500000    1.515293   -0.015293 (VIOLATED)
_15940_/CLK                             1.500000    1.515271   -0.015271 (VIOLATED)
_15908_/CLK                             1.500000    1.515195   -0.015195 (VIOLATED)
_15921_/CLK                             1.500000    1.513630   -0.013630 (VIOLATED)
_16276_/CLK                             1.500000    1.513157   -0.013157 (VIOLATED)
_17054_/CLK                             1.500000    1.513127   -0.013127 (VIOLATED)
_16982_/CLK                             1.500000    1.513098   -0.013098 (VIOLATED)
_17022_/CLK                             1.500000    1.513094   -0.013094 (VIOLATED)
_16950_/CLK                             1.500000    1.512813   -0.012813 (VIOLATED)
_15780_/CLK                             1.500000    1.512355   -0.012355 (VIOLATED)
_15876_/CLK                             1.500000    1.512092   -0.012092 (VIOLATED)
_16952_/CLK                             1.500000    1.509296   -0.009296 (VIOLATED)
_16984_/CLK                             1.500000    1.509178   -0.009178 (VIOLATED)
_17024_/CLK                             1.500000    1.509178   -0.009178 (VIOLATED)
_17056_/CLK                             1.500000    1.509175   -0.009175 (VIOLATED)
_15910_/CLK                             1.500000    1.508836   -0.008836 (VIOLATED)
_15942_/CLK                             1.500000    1.508830   -0.008830 (VIOLATED)
_15782_/CLK                             1.500000    1.508789   -0.008789 (VIOLATED)
_15878_/CLK                             1.500000    1.508166   -0.008166 (VIOLATED)
_15889_/CLK                             1.500000    1.505806   -0.005806 (VIOLATED)
_17023_/CLK                             1.500000    1.505490   -0.005490 (VIOLATED)
_17055_/CLK                             1.500000    1.505489   -0.005489 (VIOLATED)
_15877_/CLK                             1.500000    1.505091   -0.005091 (VIOLATED)
_15781_/CLK                             1.500000    1.505007   -0.005007 (VIOLATED)
_16983_/CLK                             1.500000    1.502650   -0.002651 (VIOLATED)
_16951_/CLK                             1.500000    1.502595   -0.002595 (VIOLATED)
_15793_/CLK                             1.500000    1.502563   -0.002563 (VIOLATED)
_15909_/CLK                             1.500000    1.501831   -0.001831 (VIOLATED)
_15941_/CLK                             1.500000    1.501831   -0.001831 (VIOLATED)

max capacitance

Pin                                        Limit         Cap       Slack
------------------------------------------------------------------------
_07760_/Y                               0.093394    1.108444   -1.015050 (VIOLATED)
_16813_/Q                               0.303049    1.311429   -1.008380 (VIOLATED)
_07878_/Y                               0.093394    1.100318   -1.006924 (VIOLATED)
_07868_/Y                               0.093394    1.095721   -1.002327 (VIOLATED)
_07790_/Y                               0.092478    1.092395   -0.999917 (VIOLATED)
_07804_/X                               0.309458    1.105416   -0.795958 (VIOLATED)
_07983_/X                               0.309458    1.102445   -0.792987 (VIOLATED)
_08011_/X                               0.309458    1.099787   -0.790329 (VIOLATED)
_08039_/X                               0.309458    1.091038   -0.781580 (VIOLATED)
_16822_/Q                               0.303049    0.740044   -0.436995 (VIOLATED)
_07556_/X                               0.299387    0.655407   -0.356020 (VIOLATED)
_16820_/Q                               0.303049    0.626258   -0.323209 (VIOLATED)
_07557_/Y                               0.331431    0.544993   -0.213562 (VIOLATED)
_08403_/Y                               0.093394    0.247246   -0.153852 (VIOLATED)
_07927_/Y                               0.092478    0.243903   -0.151425 (VIOLATED)
_08203_/Y                               0.093394    0.238520   -0.145126 (VIOLATED)
_07506_/Y                               0.331431    0.475614   -0.144183 (VIOLATED)
_08339_/Y                               0.093394    0.236836   -0.143442 (VIOLATED)
_08742_/X                               0.173045    0.315052   -0.142007 (VIOLATED)
_08677_/Y                               0.118113    0.251749   -0.133636 (VIOLATED)
_08737_/X                               0.173045    0.254629   -0.081584 (VIOLATED)
_08750_/X                               0.173045    0.204919   -0.031874 (VIOLATED)
_07599_/X                               0.173045    0.204442   -0.031397 (VIOLATED)
_10941_/Y                               0.092478    0.120861   -0.028383 (VIOLATED)
_11042_/Y                               0.092478    0.110530   -0.018052 (VIOLATED)
_16821_/Q                               0.303049    0.319968   -0.016919 (VIOLATED)
_07602_/X                               0.173045    0.188974   -0.015929 (VIOLATED)
_13764_/Y                               0.092478    0.107146   -0.014668 (VIOLATED)
_07598_/Y                               0.141917    0.156513   -0.014596 (VIOLATED)
_09030_/Y                               0.141917    0.154705   -0.012788 (VIOLATED)
_09032_/Y                               0.141917    0.154383   -0.012466 (VIOLATED)
_13989_/Y                               0.064097    0.073509   -0.009412 (VIOLATED)
_09027_/Y                               0.141917    0.151120   -0.009203 (VIOLATED)
_07603_/X                               0.173045    0.181731   -0.008686 (VIOLATED)
_07601_/X                               0.173045    0.181396   -0.008351 (VIOLATED)
_09023_/Y                               0.141917    0.150231   -0.008314 (VIOLATED)
_07505_/Y                               0.331431    0.338079   -0.006648 (VIOLATED)
_14090_/Y                               0.064097    0.068390   -0.004293 (VIOLATED)



===========================================================================
report_parasitic_annotation -report_unannotated
============================================================================
Found 2 unannotated drivers.
 _17891_/LO
 _17892_/LO
Found 0 partially unannotated drivers.

===========================================================================
max slew violation count 6856
Writing metric design__max_slew_violation__count__corner:nom_tt_025C_1v80: 6856
max fanout violation count 0
Writing metric design__max_fanout_violation__count__corner:nom_tt_025C_1v80: 0
max cap violation count 38
Writing metric design__max_cap_violation__count__corner:nom_tt_025C_1v80: 38
============================================================================

===========================================================================
check_setup -verbose -unconstrained_endpoints -multiple_clock -no_clock -no_input_delay -loops -generated_clocks
===========================================================================
Warning: There are 2 input ports missing set_input_delay.
  rst
  swap_tgrp
Warning: There are 67 unconstrained endpoints.
  pcw[0]
  pcw[10]
  pcw[11]
  pcw[12]
  pcw[13]
  pcw[14]
  pcw[15]
  pcw[16]
  pcw[17]
  pcw[18]
  pcw[19]
  pcw[1]
  pcw[20]
  pcw[21]
  pcw[22]
  pcw[23]
  pcw[24]
  pcw[25]
  pcw[26]
  pcw[27]
  pcw[28]
  pcw[29]
  pcw[2]
  pcw[30]
  pcw[31]
  pcw[3]
  pcw[4]
  pcw[5]
  pcw[6]
  pcw[7]
  pcw[8]
  pcw[9]
  result[0]
  result[10]
  result[11]
  result[12]
  result[13]
  result[14]
  result[15]
  result[16]
  result[17]
  result[18]
  result[19]
  result[1]
  result[20]
  result[21]
  result[22]
  result[23]
  result[24]
  result[25]
  result[26]
  result[27]
  result[28]
  result[29]
  result[2]
  result[30]
  result[31]
  result[3]
  result[4]
  result[5]
  result[6]
  result[7]
  result[8]
  result[9]
  _16770_/D
  decode_stage.rf.tgrp_rf1/EN0
  decode_stage.rf.tgrp_rf2/EN0
