Reading OpenROAD database at '/home/bala/git_stuff/summer_internship/syn/librelane/runs/full_flow/54-odb-cellfrequencytables/mt_cpu.odb'…
Reading library file at '/home/bala/OpenRAM/ciel/sky130/versions/0fe599b2afb6708d281543108caf8310912f54af/sky130A/libs.ref/sky130_fd_sc_hd/lib/sky130_fd_sc_hd__tt_025C_1v80.lib'…
Reading library file at '/home/bala/git_stuff/summer_internship/syn/RAM128_1RW1R/lib/nom_tt_025C_1v80/RAM128_1RW1R__nom_tt_025C_1v80.lib'…
Reading macro library file at '/home/bala/git_stuff/summer_internship/syn/RAM128_1RW1R/lib/nom_tt_025C_1v80/RAM128_1RW1R__nom_tt_025C_1v80.lib'…
[WARNING STA-1140] /home/bala/git_stuff/summer_internship/syn/RAM128_1RW1R/lib/nom_tt_025C_1v80/RAM128_1RW1R__nom_tt_025C_1v80.lib line 1, library RAM128_1RW1R already exists.
Reading design constraints file at '/home/bala/git_stuff/summer_internship/syn/librelane/cons.sdc'…
[INFO] No information on clock propagation in input SDC file-- propagating all clocks.
[INFO] Setting RC values…
[WARNING STA-1650] /home/bala/git_stuff/summer_internship/syn/librelane/runs/full_flow/55-openroad-rcx/nom/mt_cpu.nom.spef line 100548, net ANTENNA_decode_stage.rf.tgrp_rf1_Di0\[10\] not found.
[WARNING STA-1650] /home/bala/git_stuff/summer_internship/syn/librelane/runs/full_flow/55-openroad-rcx/nom/mt_cpu.nom.spef line 126664, net ANTENNA_decode_stage.rf.tgrp_rf1_Do1\[20\] not found.
[WARNING STA-1650] /home/bala/git_stuff/summer_internship/syn/librelane/runs/full_flow/55-openroad-rcx/nom/mt_cpu.nom.spef line 127550, net ANTENNA_decode_stage.rf.tgrp_rf2_A0\[1\] not found.
[WARNING STA-1650] /home/bala/git_stuff/summer_internship/syn/librelane/runs/full_flow/55-openroad-rcx/nom/mt_cpu.nom.spef line 127551, net ANTENNA_decode_stage.rf.tgrp_rf2_A0\[2\] not found.
[WARNING STA-1650] /home/bala/git_stuff/summer_internship/syn/librelane/runs/full_flow/55-openroad-rcx/nom/mt_cpu.nom.spef line 127552, net ANTENNA_decode_stage.rf.tgrp_rf2_A0\[3\] not found.
[WARNING STA-1650] /home/bala/git_stuff/summer_internship/syn/librelane/runs/full_flow/55-openroad-rcx/nom/mt_cpu.nom.spef line 127553, net ANTENNA_decode_stage.rf.tgrp_rf2_A0\[6\] not found.
[WARNING STA-1650] /home/bala/git_stuff/summer_internship/syn/librelane/runs/full_flow/55-openroad-rcx/nom/mt_cpu.nom.spef line 155781, net ANTENNA_decode_stage.rf.tgrp_rf2_Do0\[15\] not found.
[WARNING STA-1648] /home/bala/git_stuff/summer_internship/syn/librelane/runs/full_flow/55-openroad-rcx/nom/mt_cpu.nom.spef line 478967, instance ANTENNA_decode_stage.rf.tgrp_rf1_Di0\[0\] not found.
[WARNING STA-1648] /home/bala/git_stuff/summer_internship/syn/librelane/runs/full_flow/55-openroad-rcx/nom/mt_cpu.nom.spef line 478968, instance ANTENNA_decode_stage.rf.tgrp_rf2_Di0\[0\] not found.
[WARNING STA-1650] /home/bala/git_stuff/summer_internship/syn/librelane/runs/full_flow/55-openroad-rcx/nom/mt_cpu.nom.spef line 478975, net ANTENNA_decode_stage.rf.tgrp_rf1_Di0\[0\] not found.
[WARNING STA-1650] /home/bala/git_stuff/summer_internship/syn/librelane/runs/full_flow/55-openroad-rcx/nom/mt_cpu.nom.spef line 478976, net ANTENNA_decode_stage.rf.tgrp_rf2_Di0\[0\] not found.
[WARNING STA-1650] /home/bala/git_stuff/summer_internship/syn/librelane/runs/full_flow/55-openroad-rcx/nom/mt_cpu.nom.spef line 479035, net ANTENNA_decode_stage.rf.tgrp_rf2_Di0\[0\] not found.
[WARNING STA-1650] /home/bala/git_stuff/summer_internship/syn/librelane/runs/full_flow/55-openroad-rcx/nom/mt_cpu.nom.spef line 479042, net ANTENNA_decode_stage.rf.tgrp_rf1_Di0\[0\] not found.
[WARNING STA-1648] /home/bala/git_stuff/summer_internship/syn/librelane/runs/full_flow/55-openroad-rcx/nom/mt_cpu.nom.spef line 479052, instance ANTENNA_decode_stage.rf.tgrp_rf1_Di0\[10\] not found.
[WARNING STA-1648] /home/bala/git_stuff/summer_internship/syn/librelane/runs/full_flow/55-openroad-rcx/nom/mt_cpu.nom.spef line 479053, instance ANTENNA_decode_stage.rf.tgrp_rf2_Di0\[10\] not found.
[WARNING STA-1650] /home/bala/git_stuff/summer_internship/syn/librelane/runs/full_flow/55-openroad-rcx/nom/mt_cpu.nom.spef line 479060, net ANTENNA_decode_stage.rf.tgrp_rf1_Di0\[10\] not found.
[WARNING STA-1650] /home/bala/git_stuff/summer_internship/syn/librelane/runs/full_flow/55-openroad-rcx/nom/mt_cpu.nom.spef line 479061, net ANTENNA_decode_stage.rf.tgrp_rf2_Di0\[10\] not found.
[WARNING STA-1650] /home/bala/git_stuff/summer_internship/syn/librelane/runs/full_flow/55-openroad-rcx/nom/mt_cpu.nom.spef line 479103, net ANTENNA_decode_stage.rf.tgrp_rf1_Di0\[10\] not found.
[WARNING STA-1650] /home/bala/git_stuff/summer_internship/syn/librelane/runs/full_flow/55-openroad-rcx/nom/mt_cpu.nom.spef line 479115, net ANTENNA_decode_stage.rf.tgrp_rf2_Di0\[10\] not found.
[WARNING STA-1650] /home/bala/git_stuff/summer_internship/syn/librelane/runs/full_flow/55-openroad-rcx/nom/mt_cpu.nom.spef line 479120, net ANTENNA_decode_stage.rf.tgrp_rf1_Di0\[10\] not found.
[WARNING STA-1648] /home/bala/git_stuff/summer_internship/syn/librelane/runs/full_flow/55-openroad-rcx/nom/mt_cpu.nom.spef line 479129, instance ANTENNA_decode_stage.rf.tgrp_rf1_Di0\[11\] not found.
[WARNING STA-1648] /home/bala/git_stuff/summer_internship/syn/librelane/runs/full_flow/55-openroad-rcx/nom/mt_cpu.nom.spef line 479130, instance ANTENNA_decode_stage.rf.tgrp_rf2_Di0\[11\] not found.
[WARNING STA-1650] /home/bala/git_stuff/summer_internship/syn/librelane/runs/full_flow/55-openroad-rcx/nom/mt_cpu.nom.spef line 479137, net ANTENNA_decode_stage.rf.tgrp_rf1_Di0\[11\] not found.
[WARNING STA-1650] /home/bala/git_stuff/summer_internship/syn/librelane/runs/full_flow/55-openroad-rcx/nom/mt_cpu.nom.spef line 479138, net ANTENNA_decode_stage.rf.tgrp_rf2_Di0\[11\] not found.
[WARNING STA-1650] /home/bala/git_stuff/summer_internship/syn/librelane/runs/full_flow/55-openroad-rcx/nom/mt_cpu.nom.spef line 479191, net ANTENNA_decode_stage.rf.tgrp_rf2_Di0\[11\] not found.
[WARNING STA-1650] /home/bala/git_stuff/summer_internship/syn/librelane/runs/full_flow/55-openroad-rcx/nom/mt_cpu.nom.spef line 479196, net ANTENNA_decode_stage.rf.tgrp_rf1_Di0\[11\] not found.
[WARNING STA-1648] /home/bala/git_stuff/summer_internship/syn/librelane/runs/full_flow/55-openroad-rcx/nom/mt_cpu.nom.spef line 479204, instance ANTENNA_decode_stage.rf.tgrp_rf1_Di0\[12\] not found.
[WARNING STA-1648] /home/bala/git_stuff/summer_internship/syn/librelane/runs/full_flow/55-openroad-rcx/nom/mt_cpu.nom.spef line 479205, instance ANTENNA_decode_stage.rf.tgrp_rf2_Di0\[12\] not found.
[WARNING STA-1650] /home/bala/git_stuff/summer_internship/syn/librelane/runs/full_flow/55-openroad-rcx/nom/mt_cpu.nom.spef line 479212, net ANTENNA_decode_stage.rf.tgrp_rf1_Di0\[12\] not found.
[WARNING STA-1650] /home/bala/git_stuff/summer_internship/syn/librelane/runs/full_flow/55-openroad-rcx/nom/mt_cpu.nom.spef line 479213, net ANTENNA_decode_stage.rf.tgrp_rf2_Di0\[12\] not found.
[WARNING STA-1650] /home/bala/git_stuff/summer_internship/syn/librelane/runs/full_flow/55-openroad-rcx/nom/mt_cpu.nom.spef line 479253, net ANTENNA_decode_stage.rf.tgrp_rf2_Di0\[12\] not found.
[WARNING STA-1650] /home/bala/git_stuff/summer_internship/syn/librelane/runs/full_flow/55-openroad-rcx/nom/mt_cpu.nom.spef line 479258, net ANTENNA_decode_stage.rf.tgrp_rf1_Di0\[12\] not found.
[WARNING STA-1648] /home/bala/git_stuff/summer_internship/syn/librelane/runs/full_flow/55-openroad-rcx/nom/mt_cpu.nom.spef line 479264, instance ANTENNA_decode_stage.rf.tgrp_rf2_Di0\[13\] not found.
[WARNING STA-1648] /home/bala/git_stuff/summer_internship/syn/librelane/runs/full_flow/55-openroad-rcx/nom/mt_cpu.nom.spef line 479267, instance ANTENNA_decode_stage.rf.tgrp_rf1_Di0\[13\] not found.
[WARNING STA-1650] /home/bala/git_stuff/summer_internship/syn/librelane/runs/full_flow/55-openroad-rcx/nom/mt_cpu.nom.spef line 479272, net ANTENNA_decode_stage.rf.tgrp_rf2_Di0\[13\] not found.
[WARNING STA-1650] /home/bala/git_stuff/summer_internship/syn/librelane/runs/full_flow/55-openroad-rcx/nom/mt_cpu.nom.spef line 479275, net ANTENNA_decode_stage.rf.tgrp_rf1_Di0\[13\] not found.
[WARNING STA-1650] /home/bala/git_stuff/summer_internship/syn/librelane/runs/full_flow/55-openroad-rcx/nom/mt_cpu.nom.spef line 479288, net ANTENNA_decode_stage.rf.tgrp_rf2_Di0\[13\] not found.
[WARNING STA-1650] /home/bala/git_stuff/summer_internship/syn/librelane/runs/full_flow/55-openroad-rcx/nom/mt_cpu.nom.spef line 479350, net ANTENNA_decode_stage.rf.tgrp_rf1_Di0\[13\] not found.
[WARNING STA-1650] /home/bala/git_stuff/summer_internship/syn/librelane/runs/full_flow/55-openroad-rcx/nom/mt_cpu.nom.spef line 479353, net ANTENNA_decode_stage.rf.tgrp_rf2_Di0\[13\] not found.
[WARNING STA-1648] /home/bala/git_stuff/summer_internship/syn/librelane/runs/full_flow/55-openroad-rcx/nom/mt_cpu.nom.spef line 479359, instance ANTENNA_decode_stage.rf.tgrp_rf1_Di0\[14\] not found.
[WARNING STA-1648] /home/bala/git_stuff/summer_internship/syn/librelane/runs/full_flow/55-openroad-rcx/nom/mt_cpu.nom.spef line 479360, instance ANTENNA_decode_stage.rf.tgrp_rf2_Di0\[14\] not found.
[WARNING STA-1650] /home/bala/git_stuff/summer_internship/syn/librelane/runs/full_flow/55-openroad-rcx/nom/mt_cpu.nom.spef line 479367, net ANTENNA_decode_stage.rf.tgrp_rf1_Di0\[14\] not found.
[WARNING STA-1650] /home/bala/git_stuff/summer_internship/syn/librelane/runs/full_flow/55-openroad-rcx/nom/mt_cpu.nom.spef line 479368, net ANTENNA_decode_stage.rf.tgrp_rf2_Di0\[14\] not found.
[WARNING STA-1650] /home/bala/git_stuff/summer_internship/syn/librelane/runs/full_flow/55-openroad-rcx/nom/mt_cpu.nom.spef line 479378, net ANTENNA_decode_stage.rf.tgrp_rf2_Di0\[14\] not found.
[WARNING STA-1650] /home/bala/git_stuff/summer_internship/syn/librelane/runs/full_flow/55-openroad-rcx/nom/mt_cpu.nom.spef line 479379, net ANTENNA_decode_stage.rf.tgrp_rf2_Di0\[14\] not found.
[WARNING STA-1650] /home/bala/git_stuff/summer_internship/syn/librelane/runs/full_flow/55-openroad-rcx/nom/mt_cpu.nom.spef line 479430, net ANTENNA_decode_stage.rf.tgrp_rf2_Di0\[14\] not found.
[WARNING STA-1650] /home/bala/git_stuff/summer_internship/syn/librelane/runs/full_flow/55-openroad-rcx/nom/mt_cpu.nom.spef line 479434, net ANTENNA_decode_stage.rf.tgrp_rf1_Di0\[14\] not found.
[WARNING STA-1648] /home/bala/git_stuff/summer_internship/syn/librelane/runs/full_flow/55-openroad-rcx/nom/mt_cpu.nom.spef line 479440, instance ANTENNA_decode_stage.rf.tgrp_rf2_Di0\[15\] not found.
[WARNING STA-1648] /home/bala/git_stuff/summer_internship/syn/librelane/runs/full_flow/55-openroad-rcx/nom/mt_cpu.nom.spef line 479443, instance ANTENNA_decode_stage.rf.tgrp_rf1_Di0\[15\] not found.
[WARNING STA-1650] /home/bala/git_stuff/summer_internship/syn/librelane/runs/full_flow/55-openroad-rcx/nom/mt_cpu.nom.spef line 479448, net ANTENNA_decode_stage.rf.tgrp_rf2_Di0\[15\] not found.
[WARNING STA-1650] /home/bala/git_stuff/summer_internship/syn/librelane/runs/full_flow/55-openroad-rcx/nom/mt_cpu.nom.spef line 479451, net ANTENNA_decode_stage.rf.tgrp_rf1_Di0\[15\] not found.
[WARNING STA-1650] /home/bala/git_stuff/summer_internship/syn/librelane/runs/full_flow/55-openroad-rcx/nom/mt_cpu.nom.spef line 479487, net ANTENNA_decode_stage.rf.tgrp_rf2_Di0\[14\] not found.
[WARNING STA-1650] /home/bala/git_stuff/summer_internship/syn/librelane/runs/full_flow/55-openroad-rcx/nom/mt_cpu.nom.spef line 479503, net ANTENNA_decode_stage.rf.tgrp_rf1_Di0\[15\] not found.
[WARNING STA-1650] /home/bala/git_stuff/summer_internship/syn/librelane/runs/full_flow/55-openroad-rcx/nom/mt_cpu.nom.spef line 479507, net ANTENNA_decode_stage.rf.tgrp_rf2_Di0\[15\] not found.
[WARNING STA-1648] /home/bala/git_stuff/summer_internship/syn/librelane/runs/full_flow/55-openroad-rcx/nom/mt_cpu.nom.spef line 479512, instance ANTENNA_decode_stage.rf.tgrp_rf2_Di0\[16\] not found.
[WARNING STA-1648] /home/bala/git_stuff/summer_internship/syn/librelane/runs/full_flow/55-openroad-rcx/nom/mt_cpu.nom.spef line 479515, instance ANTENNA_decode_stage.rf.tgrp_rf1_Di0\[16\] not found.
[WARNING STA-1650] /home/bala/git_stuff/summer_internship/syn/librelane/runs/full_flow/55-openroad-rcx/nom/mt_cpu.nom.spef line 479520, net ANTENNA_decode_stage.rf.tgrp_rf2_Di0\[16\] not found.
[WARNING STA-1650] /home/bala/git_stuff/summer_internship/syn/librelane/runs/full_flow/55-openroad-rcx/nom/mt_cpu.nom.spef line 479523, net ANTENNA_decode_stage.rf.tgrp_rf1_Di0\[16\] not found.
[WARNING STA-1650] /home/bala/git_stuff/summer_internship/syn/librelane/runs/full_flow/55-openroad-rcx/nom/mt_cpu.nom.spef line 479599, net ANTENNA_decode_stage.rf.tgrp_rf1_Di0\[16\] not found.
[WARNING STA-1650] /home/bala/git_stuff/summer_internship/syn/librelane/runs/full_flow/55-openroad-rcx/nom/mt_cpu.nom.spef line 479603, net ANTENNA_decode_stage.rf.tgrp_rf2_Di0\[16\] not found.
[WARNING STA-1648] /home/bala/git_stuff/summer_internship/syn/librelane/runs/full_flow/55-openroad-rcx/nom/mt_cpu.nom.spef line 479610, instance ANTENNA_decode_stage.rf.tgrp_rf1_Di0\[17\] not found.
[WARNING STA-1648] /home/bala/git_stuff/summer_internship/syn/librelane/runs/full_flow/55-openroad-rcx/nom/mt_cpu.nom.spef line 479611, instance ANTENNA_decode_stage.rf.tgrp_rf2_Di0\[17\] not found.
[WARNING STA-1650] /home/bala/git_stuff/summer_internship/syn/librelane/runs/full_flow/55-openroad-rcx/nom/mt_cpu.nom.spef line 479618, net ANTENNA_decode_stage.rf.tgrp_rf1_Di0\[17\] not found.
[WARNING STA-1650] /home/bala/git_stuff/summer_internship/syn/librelane/runs/full_flow/55-openroad-rcx/nom/mt_cpu.nom.spef line 479619, net ANTENNA_decode_stage.rf.tgrp_rf2_Di0\[17\] not found.
[WARNING STA-1650] /home/bala/git_stuff/summer_internship/syn/librelane/runs/full_flow/55-openroad-rcx/nom/mt_cpu.nom.spef line 479632, net ANTENNA_decode_stage.rf.tgrp_rf2_Di0\[17\] not found.
[WARNING STA-1650] /home/bala/git_stuff/summer_internship/syn/librelane/runs/full_flow/55-openroad-rcx/nom/mt_cpu.nom.spef line 479708, net ANTENNA_decode_stage.rf.tgrp_rf2_Di0\[17\] not found.
[WARNING STA-1650] /home/bala/git_stuff/summer_internship/syn/librelane/runs/full_flow/55-openroad-rcx/nom/mt_cpu.nom.spef line 479713, net ANTENNA_decode_stage.rf.tgrp_rf1_Di0\[17\] not found.
[WARNING STA-1648] /home/bala/git_stuff/summer_internship/syn/librelane/runs/full_flow/55-openroad-rcx/nom/mt_cpu.nom.spef line 479721, instance ANTENNA_decode_stage.rf.tgrp_rf1_Di0\[18\] not found.
[WARNING STA-1648] /home/bala/git_stuff/summer_internship/syn/librelane/runs/full_flow/55-openroad-rcx/nom/mt_cpu.nom.spef line 479722, instance ANTENNA_decode_stage.rf.tgrp_rf2_Di0\[18\] not found.
[WARNING STA-1650] /home/bala/git_stuff/summer_internship/syn/librelane/runs/full_flow/55-openroad-rcx/nom/mt_cpu.nom.spef line 479729, net ANTENNA_decode_stage.rf.tgrp_rf1_Di0\[18\] not found.
[WARNING STA-1650] /home/bala/git_stuff/summer_internship/syn/librelane/runs/full_flow/55-openroad-rcx/nom/mt_cpu.nom.spef line 479730, net ANTENNA_decode_stage.rf.tgrp_rf2_Di0\[18\] not found.
[WARNING STA-1650] /home/bala/git_stuff/summer_internship/syn/librelane/runs/full_flow/55-openroad-rcx/nom/mt_cpu.nom.spef line 479740, net ANTENNA_decode_stage.rf.tgrp_rf2_Di0\[18\] not found.
[WARNING STA-1650] /home/bala/git_stuff/summer_internship/syn/librelane/runs/full_flow/55-openroad-rcx/nom/mt_cpu.nom.spef line 479771, net ANTENNA_decode_stage.rf.tgrp_rf2_Di0\[18\] not found.
[WARNING STA-1650] /home/bala/git_stuff/summer_internship/syn/librelane/runs/full_flow/55-openroad-rcx/nom/mt_cpu.nom.spef line 479775, net ANTENNA_decode_stage.rf.tgrp_rf1_Di0\[18\] not found.
[WARNING STA-1648] /home/bala/git_stuff/summer_internship/syn/librelane/runs/full_flow/55-openroad-rcx/nom/mt_cpu.nom.spef line 479783, instance ANTENNA_decode_stage.rf.tgrp_rf2_Di0\[19\] not found.
[WARNING STA-1648] /home/bala/git_stuff/summer_internship/syn/librelane/runs/full_flow/55-openroad-rcx/nom/mt_cpu.nom.spef line 479785, instance ANTENNA_decode_stage.rf.tgrp_rf1_Di0\[19\] not found.
[WARNING STA-1650] /home/bala/git_stuff/summer_internship/syn/librelane/runs/full_flow/55-openroad-rcx/nom/mt_cpu.nom.spef line 479791, net ANTENNA_decode_stage.rf.tgrp_rf2_Di0\[19\] not found.
[WARNING STA-1650] /home/bala/git_stuff/summer_internship/syn/librelane/runs/full_flow/55-openroad-rcx/nom/mt_cpu.nom.spef line 479793, net ANTENNA_decode_stage.rf.tgrp_rf1_Di0\[19\] not found.
[WARNING STA-1650] /home/bala/git_stuff/summer_internship/syn/librelane/runs/full_flow/55-openroad-rcx/nom/mt_cpu.nom.spef line 479829, net ANTENNA_decode_stage.rf.tgrp_rf1_Di0\[19\] not found.
[WARNING STA-1650] /home/bala/git_stuff/summer_internship/syn/librelane/runs/full_flow/55-openroad-rcx/nom/mt_cpu.nom.spef line 479833, net ANTENNA_decode_stage.rf.tgrp_rf2_Di0\[19\] not found.
[WARNING STA-1648] /home/bala/git_stuff/summer_internship/syn/librelane/runs/full_flow/55-openroad-rcx/nom/mt_cpu.nom.spef line 479842, instance ANTENNA_decode_stage.rf.tgrp_rf1_Di0\[1\] not found.
[WARNING STA-1648] /home/bala/git_stuff/summer_internship/syn/librelane/runs/full_flow/55-openroad-rcx/nom/mt_cpu.nom.spef line 479843, instance ANTENNA_decode_stage.rf.tgrp_rf2_Di0\[1\] not found.
[WARNING STA-1650] /home/bala/git_stuff/summer_internship/syn/librelane/runs/full_flow/55-openroad-rcx/nom/mt_cpu.nom.spef line 479850, net ANTENNA_decode_stage.rf.tgrp_rf1_Di0\[1\] not found.
[WARNING STA-1650] /home/bala/git_stuff/summer_internship/syn/librelane/runs/full_flow/55-openroad-rcx/nom/mt_cpu.nom.spef line 479851, net ANTENNA_decode_stage.rf.tgrp_rf2_Di0\[1\] not found.
[WARNING STA-1650] /home/bala/git_stuff/summer_internship/syn/librelane/runs/full_flow/55-openroad-rcx/nom/mt_cpu.nom.spef line 479933, net ANTENNA_decode_stage.rf.tgrp_rf2_Di0\[1\] not found.
[WARNING STA-1650] /home/bala/git_stuff/summer_internship/syn/librelane/runs/full_flow/55-openroad-rcx/nom/mt_cpu.nom.spef line 479940, net ANTENNA_decode_stage.rf.tgrp_rf1_Di0\[1\] not found.
[WARNING STA-1648] /home/bala/git_stuff/summer_internship/syn/librelane/runs/full_flow/55-openroad-rcx/nom/mt_cpu.nom.spef line 479949, instance ANTENNA_decode_stage.rf.tgrp_rf2_Di0\[20\] not found.
[WARNING STA-1648] /home/bala/git_stuff/summer_internship/syn/librelane/runs/full_flow/55-openroad-rcx/nom/mt_cpu.nom.spef line 479951, instance ANTENNA_decode_stage.rf.tgrp_rf1_Di0\[20\] not found.
[WARNING STA-1650] /home/bala/git_stuff/summer_internship/syn/librelane/runs/full_flow/55-openroad-rcx/nom/mt_cpu.nom.spef line 479957, net ANTENNA_decode_stage.rf.tgrp_rf2_Di0\[20\] not found.
[WARNING STA-1650] /home/bala/git_stuff/summer_internship/syn/librelane/runs/full_flow/55-openroad-rcx/nom/mt_cpu.nom.spef line 479959, net ANTENNA_decode_stage.rf.tgrp_rf1_Di0\[20\] not found.
[WARNING STA-1650] /home/bala/git_stuff/summer_internship/syn/librelane/runs/full_flow/55-openroad-rcx/nom/mt_cpu.nom.spef line 480005, net ANTENNA_decode_stage.rf.tgrp_rf1_Di0\[20\] not found.
[WARNING STA-1650] /home/bala/git_stuff/summer_internship/syn/librelane/runs/full_flow/55-openroad-rcx/nom/mt_cpu.nom.spef line 480010, net ANTENNA_decode_stage.rf.tgrp_rf2_Di0\[20\] not found.
[WARNING STA-1648] /home/bala/git_stuff/summer_internship/syn/librelane/runs/full_flow/55-openroad-rcx/nom/mt_cpu.nom.spef line 480017, instance ANTENNA_decode_stage.rf.tgrp_rf2_Di0\[21\] not found.
[WARNING STA-1648] /home/bala/git_stuff/summer_internship/syn/librelane/runs/full_flow/55-openroad-rcx/nom/mt_cpu.nom.spef line 480019, instance ANTENNA_decode_stage.rf.tgrp_rf1_Di0\[21\] not found.
[WARNING STA-1650] /home/bala/git_stuff/summer_internship/syn/librelane/runs/full_flow/55-openroad-rcx/nom/mt_cpu.nom.spef line 480025, net ANTENNA_decode_stage.rf.tgrp_rf2_Di0\[21\] not found.
[WARNING STA-1650] /home/bala/git_stuff/summer_internship/syn/librelane/runs/full_flow/55-openroad-rcx/nom/mt_cpu.nom.spef line 480027, net ANTENNA_decode_stage.rf.tgrp_rf1_Di0\[21\] not found.
[WARNING STA-1650] /home/bala/git_stuff/summer_internship/syn/librelane/runs/full_flow/55-openroad-rcx/nom/mt_cpu.nom.spef line 480084, net ANTENNA_decode_stage.rf.tgrp_rf1_Di0\[21\] not found.
[WARNING STA-1650] /home/bala/git_stuff/summer_internship/syn/librelane/runs/full_flow/55-openroad-rcx/nom/mt_cpu.nom.spef line 480089, net ANTENNA_decode_stage.rf.tgrp_rf2_Di0\[21\] not found.
[WARNING STA-1648] /home/bala/git_stuff/summer_internship/syn/librelane/runs/full_flow/55-openroad-rcx/nom/mt_cpu.nom.spef line 480095, instance ANTENNA_decode_stage.rf.tgrp_rf2_Di0\[22\] not found.
[WARNING STA-1648] /home/bala/git_stuff/summer_internship/syn/librelane/runs/full_flow/55-openroad-rcx/nom/mt_cpu.nom.spef line 480098, instance ANTENNA_decode_stage.rf.tgrp_rf1_Di0\[22\] not found.
[WARNING STA-1650] /home/bala/git_stuff/summer_internship/syn/librelane/runs/full_flow/55-openroad-rcx/nom/mt_cpu.nom.spef line 480103, net ANTENNA_decode_stage.rf.tgrp_rf2_Di0\[22\] not found.
[WARNING STA-1650] /home/bala/git_stuff/summer_internship/syn/librelane/runs/full_flow/55-openroad-rcx/nom/mt_cpu.nom.spef line 480106, net ANTENNA_decode_stage.rf.tgrp_rf1_Di0\[22\] not found.
[WARNING STA-1650] /home/bala/git_stuff/summer_internship/syn/librelane/runs/full_flow/55-openroad-rcx/nom/mt_cpu.nom.spef line 480192, net ANTENNA_decode_stage.rf.tgrp_rf1_Di0\[22\] not found.
[WARNING STA-1650] /home/bala/git_stuff/summer_internship/syn/librelane/runs/full_flow/55-openroad-rcx/nom/mt_cpu.nom.spef line 480200, net ANTENNA_decode_stage.rf.tgrp_rf2_Di0\[22\] not found.
[WARNING STA-1648] /home/bala/git_stuff/summer_internship/syn/librelane/runs/full_flow/55-openroad-rcx/nom/mt_cpu.nom.spef line 480207, instance ANTENNA_decode_stage.rf.tgrp_rf2_Di0\[23\] not found.
[WARNING STA-1648] /home/bala/git_stuff/summer_internship/syn/librelane/runs/full_flow/55-openroad-rcx/nom/mt_cpu.nom.spef line 480209, instance ANTENNA_decode_stage.rf.tgrp_rf1_Di0\[23\] not found.
[WARNING STA-1650] /home/bala/git_stuff/summer_internship/syn/librelane/runs/full_flow/55-openroad-rcx/nom/mt_cpu.nom.spef line 480215, net ANTENNA_decode_stage.rf.tgrp_rf2_Di0\[23\] not found.
[WARNING STA-1650] /home/bala/git_stuff/summer_internship/syn/librelane/runs/full_flow/55-openroad-rcx/nom/mt_cpu.nom.spef line 480217, net ANTENNA_decode_stage.rf.tgrp_rf1_Di0\[23\] not found.
[WARNING STA-1650] /home/bala/git_stuff/summer_internship/syn/librelane/runs/full_flow/55-openroad-rcx/nom/mt_cpu.nom.spef line 480314, net ANTENNA_decode_stage.rf.tgrp_rf1_Di0\[23\] not found.
[WARNING STA-1650] /home/bala/git_stuff/summer_internship/syn/librelane/runs/full_flow/55-openroad-rcx/nom/mt_cpu.nom.spef line 480319, net ANTENNA_decode_stage.rf.tgrp_rf2_Di0\[23\] not found.
[WARNING STA-1648] /home/bala/git_stuff/summer_internship/syn/librelane/runs/full_flow/55-openroad-rcx/nom/mt_cpu.nom.spef line 480327, instance ANTENNA_decode_stage.rf.tgrp_rf2_Di0\[24\] not found.
[WARNING STA-1648] /home/bala/git_stuff/summer_internship/syn/librelane/runs/full_flow/55-openroad-rcx/nom/mt_cpu.nom.spef line 480329, instance ANTENNA_decode_stage.rf.tgrp_rf1_Di0\[24\] not found.
[WARNING STA-1650] /home/bala/git_stuff/summer_internship/syn/librelane/runs/full_flow/55-openroad-rcx/nom/mt_cpu.nom.spef line 480335, net ANTENNA_decode_stage.rf.tgrp_rf2_Di0\[24\] not found.
[WARNING STA-1650] /home/bala/git_stuff/summer_internship/syn/librelane/runs/full_flow/55-openroad-rcx/nom/mt_cpu.nom.spef line 480337, net ANTENNA_decode_stage.rf.tgrp_rf1_Di0\[24\] not found.
[WARNING STA-1650] /home/bala/git_stuff/summer_internship/syn/librelane/runs/full_flow/55-openroad-rcx/nom/mt_cpu.nom.spef line 480382, net ANTENNA_decode_stage.rf.tgrp_rf1_Di0\[24\] not found.
[WARNING STA-1650] /home/bala/git_stuff/summer_internship/syn/librelane/runs/full_flow/55-openroad-rcx/nom/mt_cpu.nom.spef line 480388, net ANTENNA_decode_stage.rf.tgrp_rf2_Di0\[24\] not found.
[WARNING STA-1648] /home/bala/git_stuff/summer_internship/syn/librelane/runs/full_flow/55-openroad-rcx/nom/mt_cpu.nom.spef line 480396, instance ANTENNA_decode_stage.rf.tgrp_rf2_Di0\[25\] not found.
[WARNING STA-1648] /home/bala/git_stuff/summer_internship/syn/librelane/runs/full_flow/55-openroad-rcx/nom/mt_cpu.nom.spef line 480398, instance ANTENNA_decode_stage.rf.tgrp_rf1_Di0\[25\] not found.
[WARNING STA-1650] /home/bala/git_stuff/summer_internship/syn/librelane/runs/full_flow/55-openroad-rcx/nom/mt_cpu.nom.spef line 480404, net ANTENNA_decode_stage.rf.tgrp_rf2_Di0\[25\] not found.
[WARNING STA-1650] /home/bala/git_stuff/summer_internship/syn/librelane/runs/full_flow/55-openroad-rcx/nom/mt_cpu.nom.spef line 480406, net ANTENNA_decode_stage.rf.tgrp_rf1_Di0\[25\] not found.
[WARNING STA-1650] /home/bala/git_stuff/summer_internship/syn/librelane/runs/full_flow/55-openroad-rcx/nom/mt_cpu.nom.spef line 480454, net ANTENNA_decode_stage.rf.tgrp_rf1_Di0\[25\] not found.
[WARNING STA-1650] /home/bala/git_stuff/summer_internship/syn/librelane/runs/full_flow/55-openroad-rcx/nom/mt_cpu.nom.spef line 480458, net ANTENNA_decode_stage.rf.tgrp_rf2_Di0\[25\] not found.
[WARNING STA-1648] /home/bala/git_stuff/summer_internship/syn/librelane/runs/full_flow/55-openroad-rcx/nom/mt_cpu.nom.spef line 480466, instance ANTENNA_decode_stage.rf.tgrp_rf2_Di0\[26\] not found.
[WARNING STA-1648] /home/bala/git_stuff/summer_internship/syn/librelane/runs/full_flow/55-openroad-rcx/nom/mt_cpu.nom.spef line 480467, instance ANTENNA_decode_stage.rf.tgrp_rf1_Di0\[26\] not found.
[WARNING STA-1650] /home/bala/git_stuff/summer_internship/syn/librelane/runs/full_flow/55-openroad-rcx/nom/mt_cpu.nom.spef line 480474, net ANTENNA_decode_stage.rf.tgrp_rf2_Di0\[26\] not found.
[WARNING STA-1650] /home/bala/git_stuff/summer_internship/syn/librelane/runs/full_flow/55-openroad-rcx/nom/mt_cpu.nom.spef line 480475, net ANTENNA_decode_stage.rf.tgrp_rf1_Di0\[26\] not found.
[WARNING STA-1650] /home/bala/git_stuff/summer_internship/syn/librelane/runs/full_flow/55-openroad-rcx/nom/mt_cpu.nom.spef line 480601, net ANTENNA_decode_stage.rf.tgrp_rf1_Di0\[26\] not found.
[WARNING STA-1650] /home/bala/git_stuff/summer_internship/syn/librelane/runs/full_flow/55-openroad-rcx/nom/mt_cpu.nom.spef line 480606, net ANTENNA_decode_stage.rf.tgrp_rf2_Di0\[26\] not found.
[WARNING STA-1648] /home/bala/git_stuff/summer_internship/syn/librelane/runs/full_flow/55-openroad-rcx/nom/mt_cpu.nom.spef line 480613, instance ANTENNA_decode_stage.rf.tgrp_rf2_Di0\[27\] not found.
[WARNING STA-1648] /home/bala/git_stuff/summer_internship/syn/librelane/runs/full_flow/55-openroad-rcx/nom/mt_cpu.nom.spef line 480616, instance ANTENNA_decode_stage.rf.tgrp_rf1_Di0\[27\] not found.
[WARNING STA-1650] /home/bala/git_stuff/summer_internship/syn/librelane/runs/full_flow/55-openroad-rcx/nom/mt_cpu.nom.spef line 480621, net ANTENNA_decode_stage.rf.tgrp_rf2_Di0\[27\] not found.
[WARNING STA-1650] /home/bala/git_stuff/summer_internship/syn/librelane/runs/full_flow/55-openroad-rcx/nom/mt_cpu.nom.spef line 480624, net ANTENNA_decode_stage.rf.tgrp_rf1_Di0\[27\] not found.
[WARNING STA-1650] /home/bala/git_stuff/summer_internship/syn/librelane/runs/full_flow/55-openroad-rcx/nom/mt_cpu.nom.spef line 480671, net ANTENNA_decode_stage.rf.tgrp_rf1_Di0\[27\] not found.
[WARNING STA-1650] /home/bala/git_stuff/summer_internship/syn/librelane/runs/full_flow/55-openroad-rcx/nom/mt_cpu.nom.spef line 480676, net ANTENNA_decode_stage.rf.tgrp_rf2_Di0\[27\] not found.
[WARNING STA-1648] /home/bala/git_stuff/summer_internship/syn/librelane/runs/full_flow/55-openroad-rcx/nom/mt_cpu.nom.spef line 480682, instance ANTENNA_decode_stage.rf.tgrp_rf2_Di0\[28\] not found.
[WARNING STA-1648] /home/bala/git_stuff/summer_internship/syn/librelane/runs/full_flow/55-openroad-rcx/nom/mt_cpu.nom.spef line 480685, instance ANTENNA_decode_stage.rf.tgrp_rf1_Di0\[28\] not found.
[WARNING STA-1650] /home/bala/git_stuff/summer_internship/syn/librelane/runs/full_flow/55-openroad-rcx/nom/mt_cpu.nom.spef line 480690, net ANTENNA_decode_stage.rf.tgrp_rf2_Di0\[28\] not found.
[WARNING STA-1650] /home/bala/git_stuff/summer_internship/syn/librelane/runs/full_flow/55-openroad-rcx/nom/mt_cpu.nom.spef line 480693, net ANTENNA_decode_stage.rf.tgrp_rf1_Di0\[28\] not found.
[WARNING STA-1650] /home/bala/git_stuff/summer_internship/syn/librelane/runs/full_flow/55-openroad-rcx/nom/mt_cpu.nom.spef line 480760, net ANTENNA_decode_stage.rf.tgrp_rf1_Di0\[28\] not found.
[WARNING STA-1650] /home/bala/git_stuff/summer_internship/syn/librelane/runs/full_flow/55-openroad-rcx/nom/mt_cpu.nom.spef line 480766, net ANTENNA_decode_stage.rf.tgrp_rf2_Di0\[28\] not found.
[WARNING STA-1648] /home/bala/git_stuff/summer_internship/syn/librelane/runs/full_flow/55-openroad-rcx/nom/mt_cpu.nom.spef line 480772, instance ANTENNA_decode_stage.rf.tgrp_rf2_Di0\[29\] not found.
[WARNING STA-1648] /home/bala/git_stuff/summer_internship/syn/librelane/runs/full_flow/55-openroad-rcx/nom/mt_cpu.nom.spef line 480775, instance ANTENNA_decode_stage.rf.tgrp_rf1_Di0\[29\] not found.
[WARNING STA-1650] /home/bala/git_stuff/summer_internship/syn/librelane/runs/full_flow/55-openroad-rcx/nom/mt_cpu.nom.spef line 480780, net ANTENNA_decode_stage.rf.tgrp_rf2_Di0\[29\] not found.
[WARNING STA-1650] /home/bala/git_stuff/summer_internship/syn/librelane/runs/full_flow/55-openroad-rcx/nom/mt_cpu.nom.spef line 480783, net ANTENNA_decode_stage.rf.tgrp_rf1_Di0\[29\] not found.
[WARNING STA-1650] /home/bala/git_stuff/summer_internship/syn/librelane/runs/full_flow/55-openroad-rcx/nom/mt_cpu.nom.spef line 480792, net ANTENNA_decode_stage.rf.tgrp_rf2_Di0\[29\] not found.
[WARNING STA-1650] /home/bala/git_stuff/summer_internship/syn/librelane/runs/full_flow/55-openroad-rcx/nom/mt_cpu.nom.spef line 480831, net ANTENNA_decode_stage.rf.tgrp_rf1_Di0\[29\] not found.
[WARNING STA-1650] /home/bala/git_stuff/summer_internship/syn/librelane/runs/full_flow/55-openroad-rcx/nom/mt_cpu.nom.spef line 480836, net ANTENNA_decode_stage.rf.tgrp_rf2_Di0\[29\] not found.
[WARNING STA-1648] /home/bala/git_stuff/summer_internship/syn/librelane/runs/full_flow/55-openroad-rcx/nom/mt_cpu.nom.spef line 480842, instance ANTENNA_decode_stage.rf.tgrp_rf2_Di0\[2\] not found.
[WARNING STA-1648] /home/bala/git_stuff/summer_internship/syn/librelane/runs/full_flow/55-openroad-rcx/nom/mt_cpu.nom.spef line 480845, instance ANTENNA_decode_stage.rf.tgrp_rf1_Di0\[2\] not found.
[WARNING STA-1650] /home/bala/git_stuff/summer_internship/syn/librelane/runs/full_flow/55-openroad-rcx/nom/mt_cpu.nom.spef line 480850, net ANTENNA_decode_stage.rf.tgrp_rf2_Di0\[2\] not found.
[WARNING STA-1650] /home/bala/git_stuff/summer_internship/syn/librelane/runs/full_flow/55-openroad-rcx/nom/mt_cpu.nom.spef line 480853, net ANTENNA_decode_stage.rf.tgrp_rf1_Di0\[2\] not found.
[WARNING STA-1650] /home/bala/git_stuff/summer_internship/syn/librelane/runs/full_flow/55-openroad-rcx/nom/mt_cpu.nom.spef line 480908, net ANTENNA_decode_stage.rf.tgrp_rf1_Di0\[2\] not found.
[WARNING STA-1650] /home/bala/git_stuff/summer_internship/syn/librelane/runs/full_flow/55-openroad-rcx/nom/mt_cpu.nom.spef line 480911, net ANTENNA_decode_stage.rf.tgrp_rf2_Di0\[2\] not found.
[WARNING STA-1648] /home/bala/git_stuff/summer_internship/syn/librelane/runs/full_flow/55-openroad-rcx/nom/mt_cpu.nom.spef line 480917, instance ANTENNA_decode_stage.rf.tgrp_rf2_Di0\[30\] not found.
[WARNING STA-1648] /home/bala/git_stuff/summer_internship/syn/librelane/runs/full_flow/55-openroad-rcx/nom/mt_cpu.nom.spef line 480920, instance ANTENNA_decode_stage.rf.tgrp_rf1_Di0\[30\] not found.
[WARNING STA-1650] /home/bala/git_stuff/summer_internship/syn/librelane/runs/full_flow/55-openroad-rcx/nom/mt_cpu.nom.spef line 480925, net ANTENNA_decode_stage.rf.tgrp_rf2_Di0\[30\] not found.
[WARNING STA-1650] /home/bala/git_stuff/summer_internship/syn/librelane/runs/full_flow/55-openroad-rcx/nom/mt_cpu.nom.spef line 480928, net ANTENNA_decode_stage.rf.tgrp_rf1_Di0\[30\] not found.
[WARNING STA-1650] /home/bala/git_stuff/summer_internship/syn/librelane/runs/full_flow/55-openroad-rcx/nom/mt_cpu.nom.spef line 481000, net ANTENNA_decode_stage.rf.tgrp_rf1_Di0\[30\] not found.
[WARNING STA-1650] /home/bala/git_stuff/summer_internship/syn/librelane/runs/full_flow/55-openroad-rcx/nom/mt_cpu.nom.spef line 481009, net ANTENNA_decode_stage.rf.tgrp_rf2_Di0\[30\] not found.
[WARNING STA-1648] /home/bala/git_stuff/summer_internship/syn/librelane/runs/full_flow/55-openroad-rcx/nom/mt_cpu.nom.spef line 481016, instance ANTENNA_decode_stage.rf.tgrp_rf2_Di0\[31\] not found.
[WARNING STA-1648] /home/bala/git_stuff/summer_internship/syn/librelane/runs/full_flow/55-openroad-rcx/nom/mt_cpu.nom.spef line 481017, instance ANTENNA_decode_stage.rf.tgrp_rf1_Di0\[31\] not found.
[WARNING STA-1650] /home/bala/git_stuff/summer_internship/syn/librelane/runs/full_flow/55-openroad-rcx/nom/mt_cpu.nom.spef line 481024, net ANTENNA_decode_stage.rf.tgrp_rf2_Di0\[31\] not found.
[WARNING STA-1650] /home/bala/git_stuff/summer_internship/syn/librelane/runs/full_flow/55-openroad-rcx/nom/mt_cpu.nom.spef line 481025, net ANTENNA_decode_stage.rf.tgrp_rf1_Di0\[31\] not found.
[WARNING STA-1650] /home/bala/git_stuff/summer_internship/syn/librelane/runs/full_flow/55-openroad-rcx/nom/mt_cpu.nom.spef line 481078, net ANTENNA_decode_stage.rf.tgrp_rf1_Di0\[31\] not found.
[WARNING STA-1650] /home/bala/git_stuff/summer_internship/syn/librelane/runs/full_flow/55-openroad-rcx/nom/mt_cpu.nom.spef line 481082, net ANTENNA_decode_stage.rf.tgrp_rf2_Di0\[31\] not found.
[WARNING STA-1648] /home/bala/git_stuff/summer_internship/syn/librelane/runs/full_flow/55-openroad-rcx/nom/mt_cpu.nom.spef line 481089, instance ANTENNA_decode_stage.rf.tgrp_rf2_Di0\[3\] not found.
[WARNING STA-1648] /home/bala/git_stuff/summer_internship/syn/librelane/runs/full_flow/55-openroad-rcx/nom/mt_cpu.nom.spef line 481092, instance ANTENNA_decode_stage.rf.tgrp_rf1_Di0\[3\] not found.
[WARNING STA-1650] /home/bala/git_stuff/summer_internship/syn/librelane/runs/full_flow/55-openroad-rcx/nom/mt_cpu.nom.spef line 481097, net ANTENNA_decode_stage.rf.tgrp_rf2_Di0\[3\] not found.
[WARNING STA-1650] /home/bala/git_stuff/summer_internship/syn/librelane/runs/full_flow/55-openroad-rcx/nom/mt_cpu.nom.spef line 481100, net ANTENNA_decode_stage.rf.tgrp_rf1_Di0\[3\] not found.
[WARNING STA-1650] /home/bala/git_stuff/summer_internship/syn/librelane/runs/full_flow/55-openroad-rcx/nom/mt_cpu.nom.spef line 481170, net ANTENNA_decode_stage.rf.tgrp_rf1_Di0\[3\] not found.
[WARNING STA-1650] /home/bala/git_stuff/summer_internship/syn/librelane/runs/full_flow/55-openroad-rcx/nom/mt_cpu.nom.spef line 481173, net ANTENNA_decode_stage.rf.tgrp_rf2_Di0\[3\] not found.
[WARNING STA-1648] /home/bala/git_stuff/summer_internship/syn/librelane/runs/full_flow/55-openroad-rcx/nom/mt_cpu.nom.spef line 481180, instance ANTENNA_decode_stage.rf.tgrp_rf1_Di0\[4\] not found.
[WARNING STA-1648] /home/bala/git_stuff/summer_internship/syn/librelane/runs/full_flow/55-openroad-rcx/nom/mt_cpu.nom.spef line 481181, instance ANTENNA_decode_stage.rf.tgrp_rf2_Di0\[4\] not found.
[WARNING STA-1650] /home/bala/git_stuff/summer_internship/syn/librelane/runs/full_flow/55-openroad-rcx/nom/mt_cpu.nom.spef line 481188, net ANTENNA_decode_stage.rf.tgrp_rf1_Di0\[4\] not found.
[WARNING STA-1650] /home/bala/git_stuff/summer_internship/syn/librelane/runs/full_flow/55-openroad-rcx/nom/mt_cpu.nom.spef line 481189, net ANTENNA_decode_stage.rf.tgrp_rf2_Di0\[4\] not found.
[WARNING STA-1650] /home/bala/git_stuff/summer_internship/syn/librelane/runs/full_flow/55-openroad-rcx/nom/mt_cpu.nom.spef line 481247, net ANTENNA_decode_stage.rf.tgrp_rf2_Di0\[4\] not found.
[WARNING STA-1650] /home/bala/git_stuff/summer_internship/syn/librelane/runs/full_flow/55-openroad-rcx/nom/mt_cpu.nom.spef line 481252, net ANTENNA_decode_stage.rf.tgrp_rf1_Di0\[4\] not found.
[WARNING STA-1648] /home/bala/git_stuff/summer_internship/syn/librelane/runs/full_flow/55-openroad-rcx/nom/mt_cpu.nom.spef line 481260, instance ANTENNA_decode_stage.rf.tgrp_rf2_Di0\[5\] not found.
[WARNING STA-1648] /home/bala/git_stuff/summer_internship/syn/librelane/runs/full_flow/55-openroad-rcx/nom/mt_cpu.nom.spef line 481262, instance ANTENNA_decode_stage.rf.tgrp_rf1_Di0\[5\] not found.
[WARNING STA-1650] /home/bala/git_stuff/summer_internship/syn/librelane/runs/full_flow/55-openroad-rcx/nom/mt_cpu.nom.spef line 481268, net ANTENNA_decode_stage.rf.tgrp_rf2_Di0\[5\] not found.
[WARNING STA-1650] /home/bala/git_stuff/summer_internship/syn/librelane/runs/full_flow/55-openroad-rcx/nom/mt_cpu.nom.spef line 481270, net ANTENNA_decode_stage.rf.tgrp_rf1_Di0\[5\] not found.
[WARNING STA-1650] /home/bala/git_stuff/summer_internship/syn/librelane/runs/full_flow/55-openroad-rcx/nom/mt_cpu.nom.spef line 481342, net ANTENNA_decode_stage.rf.tgrp_rf1_Di0\[5\] not found.
[WARNING STA-1650] /home/bala/git_stuff/summer_internship/syn/librelane/runs/full_flow/55-openroad-rcx/nom/mt_cpu.nom.spef line 481345, net ANTENNA_decode_stage.rf.tgrp_rf2_Di0\[5\] not found.
[WARNING STA-1648] /home/bala/git_stuff/summer_internship/syn/librelane/runs/full_flow/55-openroad-rcx/nom/mt_cpu.nom.spef line 481353, instance ANTENNA_decode_stage.rf.tgrp_rf2_Di0\[6\] not found.
[WARNING STA-1648] /home/bala/git_stuff/summer_internship/syn/librelane/runs/full_flow/55-openroad-rcx/nom/mt_cpu.nom.spef line 481354, instance ANTENNA_decode_stage.rf.tgrp_rf1_Di0\[6\] not found.
[WARNING STA-1650] /home/bala/git_stuff/summer_internship/syn/librelane/runs/full_flow/55-openroad-rcx/nom/mt_cpu.nom.spef line 481361, net ANTENNA_decode_stage.rf.tgrp_rf2_Di0\[6\] not found.
[WARNING STA-1650] /home/bala/git_stuff/summer_internship/syn/librelane/runs/full_flow/55-openroad-rcx/nom/mt_cpu.nom.spef line 481362, net ANTENNA_decode_stage.rf.tgrp_rf1_Di0\[6\] not found.
[WARNING STA-1650] /home/bala/git_stuff/summer_internship/syn/librelane/runs/full_flow/55-openroad-rcx/nom/mt_cpu.nom.spef line 481442, net ANTENNA_decode_stage.rf.tgrp_rf1_Di0\[6\] not found.
[WARNING STA-1650] /home/bala/git_stuff/summer_internship/syn/librelane/runs/full_flow/55-openroad-rcx/nom/mt_cpu.nom.spef line 481444, net ANTENNA_decode_stage.rf.tgrp_rf2_Di0\[6\] not found.
[WARNING STA-1648] /home/bala/git_stuff/summer_internship/syn/librelane/runs/full_flow/55-openroad-rcx/nom/mt_cpu.nom.spef line 481451, instance ANTENNA_decode_stage.rf.tgrp_rf2_Di0\[7\] not found.
[WARNING STA-1648] /home/bala/git_stuff/summer_internship/syn/librelane/runs/full_flow/55-openroad-rcx/nom/mt_cpu.nom.spef line 481454, instance ANTENNA_decode_stage.rf.tgrp_rf1_Di0\[7\] not found.
[WARNING STA-1650] /home/bala/git_stuff/summer_internship/syn/librelane/runs/full_flow/55-openroad-rcx/nom/mt_cpu.nom.spef line 481459, net ANTENNA_decode_stage.rf.tgrp_rf2_Di0\[7\] not found.
[WARNING STA-1650] /home/bala/git_stuff/summer_internship/syn/librelane/runs/full_flow/55-openroad-rcx/nom/mt_cpu.nom.spef line 481462, net ANTENNA_decode_stage.rf.tgrp_rf1_Di0\[7\] not found.
[WARNING STA-1650] /home/bala/git_stuff/summer_internship/syn/librelane/runs/full_flow/55-openroad-rcx/nom/mt_cpu.nom.spef line 481553, net ANTENNA_decode_stage.rf.tgrp_rf1_Di0\[7\] not found.
[WARNING STA-1650] /home/bala/git_stuff/summer_internship/syn/librelane/runs/full_flow/55-openroad-rcx/nom/mt_cpu.nom.spef line 481557, net ANTENNA_decode_stage.rf.tgrp_rf2_Di0\[7\] not found.
[WARNING STA-1648] /home/bala/git_stuff/summer_internship/syn/librelane/runs/full_flow/55-openroad-rcx/nom/mt_cpu.nom.spef line 481562, instance ANTENNA_decode_stage.rf.tgrp_rf2_Di0\[8\] not found.
[WARNING STA-1648] /home/bala/git_stuff/summer_internship/syn/librelane/runs/full_flow/55-openroad-rcx/nom/mt_cpu.nom.spef line 481565, instance ANTENNA_decode_stage.rf.tgrp_rf1_Di0\[8\] not found.
[WARNING STA-1650] /home/bala/git_stuff/summer_internship/syn/librelane/runs/full_flow/55-openroad-rcx/nom/mt_cpu.nom.spef line 481570, net ANTENNA_decode_stage.rf.tgrp_rf2_Di0\[8\] not found.
[WARNING STA-1650] /home/bala/git_stuff/summer_internship/syn/librelane/runs/full_flow/55-openroad-rcx/nom/mt_cpu.nom.spef line 481573, net ANTENNA_decode_stage.rf.tgrp_rf1_Di0\[8\] not found.
[WARNING STA-1650] /home/bala/git_stuff/summer_internship/syn/librelane/runs/full_flow/55-openroad-rcx/nom/mt_cpu.nom.spef line 481643, net ANTENNA_decode_stage.rf.tgrp_rf1_Di0\[8\] not found.
[WARNING STA-1650] /home/bala/git_stuff/summer_internship/syn/librelane/runs/full_flow/55-openroad-rcx/nom/mt_cpu.nom.spef line 481646, net ANTENNA_decode_stage.rf.tgrp_rf2_Di0\[8\] not found.
[WARNING STA-1648] /home/bala/git_stuff/summer_internship/syn/librelane/runs/full_flow/55-openroad-rcx/nom/mt_cpu.nom.spef line 481651, instance ANTENNA_decode_stage.rf.tgrp_rf2_Di0\[9\] not found.
[WARNING STA-1648] /home/bala/git_stuff/summer_internship/syn/librelane/runs/full_flow/55-openroad-rcx/nom/mt_cpu.nom.spef line 481653, instance ANTENNA_decode_stage.rf.tgrp_rf1_Di0\[9\] not found.
[WARNING STA-1650] /home/bala/git_stuff/summer_internship/syn/librelane/runs/full_flow/55-openroad-rcx/nom/mt_cpu.nom.spef line 481659, net ANTENNA_decode_stage.rf.tgrp_rf2_Di0\[9\] not found.
[WARNING STA-1650] /home/bala/git_stuff/summer_internship/syn/librelane/runs/full_flow/55-openroad-rcx/nom/mt_cpu.nom.spef line 481661, net ANTENNA_decode_stage.rf.tgrp_rf1_Di0\[9\] not found.
[WARNING STA-1650] /home/bala/git_stuff/summer_internship/syn/librelane/runs/full_flow/55-openroad-rcx/nom/mt_cpu.nom.spef line 481724, net ANTENNA_decode_stage.rf.tgrp_rf1_Di0\[9\] not found.
[WARNING STA-1650] /home/bala/git_stuff/summer_internship/syn/librelane/runs/full_flow/55-openroad-rcx/nom/mt_cpu.nom.spef line 481727, net ANTENNA_decode_stage.rf.tgrp_rf2_Di0\[9\] not found.
[WARNING STA-1650] /home/bala/git_stuff/summer_internship/syn/librelane/runs/full_flow/55-openroad-rcx/nom/mt_cpu.nom.spef line 509566, net ANTENNA_decode_stage.rf.tgrp_rf1_WE0\[3\] not found.
[WARNING STA-1650] /home/bala/git_stuff/summer_internship/syn/librelane/runs/full_flow/55-openroad-rcx/nom/mt_cpu.nom.spef line 535105, net ANTENNA_decode_stage.rf.tgrp_rf2_A0\[0\] not found.
[WARNING STA-1650] /home/bala/git_stuff/summer_internship/syn/librelane/runs/full_flow/55-openroad-rcx/nom/mt_cpu.nom.spef line 535106, net ANTENNA_decode_stage.rf.tgrp_rf2_A0\[2\] not found.
[WARNING STA-1650] /home/bala/git_stuff/summer_internship/syn/librelane/runs/full_flow/55-openroad-rcx/nom/mt_cpu.nom.spef line 535107, net ANTENNA_decode_stage.rf.tgrp_rf2_A0\[3\] not found.
[WARNING STA-1650] /home/bala/git_stuff/summer_internship/syn/librelane/runs/full_flow/55-openroad-rcx/nom/mt_cpu.nom.spef line 535108, net ANTENNA_decode_stage.rf.tgrp_rf2_A0\[6\] not found.
[WARNING STA-1650] /home/bala/git_stuff/summer_internship/syn/librelane/runs/full_flow/55-openroad-rcx/nom/mt_cpu.nom.spef line 535880, net ANTENNA_decode_stage.rf.tgrp_rf1_A0\[2\] not found.
[WARNING STA-1650] /home/bala/git_stuff/summer_internship/syn/librelane/runs/full_flow/55-openroad-rcx/nom/mt_cpu.nom.spef line 536743, net ANTENNA_decode_stage.rf.tgrp_rf2_A1\[5\] not found.
[WARNING STA-1650] /home/bala/git_stuff/summer_internship/syn/librelane/runs/full_flow/55-openroad-rcx/nom/mt_cpu.nom.spef line 537095, net ANTENNA_decode_stage.rf.tgrp_rf1_WE0\[3\] not found.
[WARNING STA-1650] /home/bala/git_stuff/summer_internship/syn/librelane/runs/full_flow/55-openroad-rcx/nom/mt_cpu.nom.spef line 537781, net ANTENNA_decode_stage.rf.tgrp_rf1_A0\[2\] not found.
[WARNING STA-1650] /home/bala/git_stuff/summer_internship/syn/librelane/runs/full_flow/55-openroad-rcx/nom/mt_cpu.nom.spef line 538343, net ANTENNA_decode_stage.rf.tgrp_rf1_A0\[5\] not found.
[WARNING STA-1650] /home/bala/git_stuff/summer_internship/syn/librelane/runs/full_flow/55-openroad-rcx/nom/mt_cpu.nom.spef line 538527, net ANTENNA_decode_stage.rf.tgrp_rf1_WE0\[3\] not found.
[WARNING STA-1650] /home/bala/git_stuff/summer_internship/syn/librelane/runs/full_flow/55-openroad-rcx/nom/mt_cpu.nom.spef line 538809, net ANTENNA_decode_stage.rf.tgrp_rf2_Di0\[13\] not found.
[WARNING STA-1650] /home/bala/git_stuff/summer_internship/syn/librelane/runs/full_flow/55-openroad-rcx/nom/mt_cpu.nom.spef line 538810, net ANTENNA_decode_stage.rf.tgrp_rf2_Di0\[14\] not found.
[WARNING STA-1650] /home/bala/git_stuff/summer_internship/syn/librelane/runs/full_flow/55-openroad-rcx/nom/mt_cpu.nom.spef line 538811, net ANTENNA_decode_stage.rf.tgrp_rf2_Di0\[17\] not found.
[WARNING STA-1650] /home/bala/git_stuff/summer_internship/syn/librelane/runs/full_flow/55-openroad-rcx/nom/mt_cpu.nom.spef line 538812, net ANTENNA_decode_stage.rf.tgrp_rf2_Di0\[18\] not found.
[WARNING STA-1650] /home/bala/git_stuff/summer_internship/syn/librelane/runs/full_flow/55-openroad-rcx/nom/mt_cpu.nom.spef line 538813, net ANTENNA_decode_stage.rf.tgrp_rf2_Di0\[29\] not found.
[WARNING STA-1650] /home/bala/git_stuff/summer_internship/syn/librelane/runs/full_flow/55-openroad-rcx/nom/mt_cpu.nom.spef line 538984, net ANTENNA_decode_stage.rf.tgrp_rf2_A1\[5\] not found.
[WARNING STA-1650] /home/bala/git_stuff/summer_internship/syn/librelane/runs/full_flow/55-openroad-rcx/nom/mt_cpu.nom.spef line 542344, net ANTENNA_decode_stage.rf.tgrp_rf1_A0\[0\] not found.
[WARNING STA-1650] /home/bala/git_stuff/summer_internship/syn/librelane/runs/full_flow/55-openroad-rcx/nom/mt_cpu.nom.spef line 542548, net ANTENNA_decode_stage.rf.tgrp_rf1_A0\[2\] not found.
[WARNING STA-1650] /home/bala/git_stuff/summer_internship/syn/librelane/runs/full_flow/55-openroad-rcx/nom/mt_cpu.nom.spef line 542553, net ANTENNA_decode_stage.rf.tgrp_rf1_A0\[3\] not found.
[WARNING STA-1650] /home/bala/git_stuff/summer_internship/syn/librelane/runs/full_flow/55-openroad-rcx/nom/mt_cpu.nom.spef line 542734, net ANTENNA_decode_stage.rf.tgrp_rf1_A0\[2\] not found.
[WARNING STA-1650] /home/bala/git_stuff/summer_internship/syn/librelane/runs/full_flow/55-openroad-rcx/nom/mt_cpu.nom.spef line 542929, net ANTENNA_decode_stage.rf.tgrp_rf1_A0\[1\] not found.
[WARNING STA-1650] /home/bala/git_stuff/summer_internship/syn/librelane/runs/full_flow/55-openroad-rcx/nom/mt_cpu.nom.spef line 542933, net ANTENNA_decode_stage.rf.tgrp_rf1_A0\[2\] not found.
[WARNING STA-1650] /home/bala/git_stuff/summer_internship/syn/librelane/runs/full_flow/55-openroad-rcx/nom/mt_cpu.nom.spef line 542934, net ANTENNA_decode_stage.rf.tgrp_rf1_A0\[3\] not found.
[WARNING STA-1650] /home/bala/git_stuff/summer_internship/syn/librelane/runs/full_flow/55-openroad-rcx/nom/mt_cpu.nom.spef line 542935, net ANTENNA_decode_stage.rf.tgrp_rf1_A0\[5\] not found.
[WARNING STA-1650] /home/bala/git_stuff/summer_internship/syn/librelane/runs/full_flow/55-openroad-rcx/nom/mt_cpu.nom.spef line 542936, net ANTENNA_decode_stage.rf.tgrp_rf1_A0\[6\] not found.
[WARNING STA-1648] /home/bala/git_stuff/summer_internship/syn/librelane/runs/full_flow/55-openroad-rcx/nom/mt_cpu.nom.spef line 543434, instance ANTENNA_decode_stage.rf.tgrp_rf1_A0\[0\] not found.
[WARNING STA-1650] /home/bala/git_stuff/summer_internship/syn/librelane/runs/full_flow/55-openroad-rcx/nom/mt_cpu.nom.spef line 543440, net ANTENNA_decode_stage.rf.tgrp_rf1_A0\[0\] not found.
[WARNING STA-1650] /home/bala/git_stuff/summer_internship/syn/librelane/runs/full_flow/55-openroad-rcx/nom/mt_cpu.nom.spef line 543491, net ANTENNA_decode_stage.rf.tgrp_rf1_A0\[0\] not found.
[WARNING STA-1650] /home/bala/git_stuff/summer_internship/syn/librelane/runs/full_flow/55-openroad-rcx/nom/mt_cpu.nom.spef line 543502, net ANTENNA_decode_stage.rf.tgrp_rf1_A0\[0\] not found.
[WARNING STA-1648] /home/bala/git_stuff/summer_internship/syn/librelane/runs/full_flow/55-openroad-rcx/nom/mt_cpu.nom.spef line 543507, instance ANTENNA_decode_stage.rf.tgrp_rf1_A0\[1\] not found.
[WARNING STA-1650] /home/bala/git_stuff/summer_internship/syn/librelane/runs/full_flow/55-openroad-rcx/nom/mt_cpu.nom.spef line 543513, net ANTENNA_decode_stage.rf.tgrp_rf1_A0\[1\] not found.
[WARNING STA-1650] /home/bala/git_stuff/summer_internship/syn/librelane/runs/full_flow/55-openroad-rcx/nom/mt_cpu.nom.spef line 543521, net ANTENNA_decode_stage.rf.tgrp_rf1_A0\[1\] not found.
[WARNING STA-1650] /home/bala/git_stuff/summer_internship/syn/librelane/runs/full_flow/55-openroad-rcx/nom/mt_cpu.nom.spef line 543539, net ANTENNA_decode_stage.rf.tgrp_rf1_A0\[1\] not found.
[WARNING STA-1650] /home/bala/git_stuff/summer_internship/syn/librelane/runs/full_flow/55-openroad-rcx/nom/mt_cpu.nom.spef line 543548, net ANTENNA_decode_stage.rf.tgrp_rf1_A0\[1\] not found.
[WARNING STA-1648] /home/bala/git_stuff/summer_internship/syn/librelane/runs/full_flow/55-openroad-rcx/nom/mt_cpu.nom.spef line 543552, instance ANTENNA_decode_stage.rf.tgrp_rf1_A0\[2\] not found.
[WARNING STA-1650] /home/bala/git_stuff/summer_internship/syn/librelane/runs/full_flow/55-openroad-rcx/nom/mt_cpu.nom.spef line 543558, net ANTENNA_decode_stage.rf.tgrp_rf1_A0\[2\] not found.
[WARNING STA-1650] /home/bala/git_stuff/summer_internship/syn/librelane/runs/full_flow/55-openroad-rcx/nom/mt_cpu.nom.spef line 543568, net ANTENNA_decode_stage.rf.tgrp_rf1_A0\[2\] not found.
[WARNING STA-1650] /home/bala/git_stuff/summer_internship/syn/librelane/runs/full_flow/55-openroad-rcx/nom/mt_cpu.nom.spef line 543569, net ANTENNA_decode_stage.rf.tgrp_rf1_A0\[2\] not found.
[WARNING STA-1650] /home/bala/git_stuff/summer_internship/syn/librelane/runs/full_flow/55-openroad-rcx/nom/mt_cpu.nom.spef line 543589, net ANTENNA_decode_stage.rf.tgrp_rf1_A0\[2\] not found.
[WARNING STA-1650] /home/bala/git_stuff/summer_internship/syn/librelane/runs/full_flow/55-openroad-rcx/nom/mt_cpu.nom.spef line 543593, net ANTENNA_decode_stage.rf.tgrp_rf1_A0\[2\] not found.
[WARNING STA-1650] /home/bala/git_stuff/summer_internship/syn/librelane/runs/full_flow/55-openroad-rcx/nom/mt_cpu.nom.spef line 543599, net ANTENNA_decode_stage.rf.tgrp_rf1_A0\[2\] not found.
[WARNING STA-1650] /home/bala/git_stuff/summer_internship/syn/librelane/runs/full_flow/55-openroad-rcx/nom/mt_cpu.nom.spef line 543600, net ANTENNA_decode_stage.rf.tgrp_rf1_A0\[2\] not found.
[WARNING STA-1650] /home/bala/git_stuff/summer_internship/syn/librelane/runs/full_flow/55-openroad-rcx/nom/mt_cpu.nom.spef line 543605, net ANTENNA_decode_stage.rf.tgrp_rf1_A0\[2\] not found.
[WARNING STA-1650] /home/bala/git_stuff/summer_internship/syn/librelane/runs/full_flow/55-openroad-rcx/nom/mt_cpu.nom.spef line 543615, net ANTENNA_decode_stage.rf.tgrp_rf1_A0\[2\] not found.
[WARNING STA-1648] /home/bala/git_stuff/summer_internship/syn/librelane/runs/full_flow/55-openroad-rcx/nom/mt_cpu.nom.spef line 543619, instance ANTENNA_decode_stage.rf.tgrp_rf1_A0\[3\] not found.
[WARNING STA-1650] /home/bala/git_stuff/summer_internship/syn/librelane/runs/full_flow/55-openroad-rcx/nom/mt_cpu.nom.spef line 543625, net ANTENNA_decode_stage.rf.tgrp_rf1_A0\[3\] not found.
[WARNING STA-1650] /home/bala/git_stuff/summer_internship/syn/librelane/runs/full_flow/55-openroad-rcx/nom/mt_cpu.nom.spef line 543649, net ANTENNA_decode_stage.rf.tgrp_rf1_A0\[3\] not found.
[WARNING STA-1650] /home/bala/git_stuff/summer_internship/syn/librelane/runs/full_flow/55-openroad-rcx/nom/mt_cpu.nom.spef line 543655, net ANTENNA_decode_stage.rf.tgrp_rf1_A0\[3\] not found.
[WARNING STA-1650] /home/bala/git_stuff/summer_internship/syn/librelane/runs/full_flow/55-openroad-rcx/nom/mt_cpu.nom.spef line 543663, net ANTENNA_decode_stage.rf.tgrp_rf1_A0\[3\] not found.
[WARNING STA-1648] /home/bala/git_stuff/summer_internship/syn/librelane/runs/full_flow/55-openroad-rcx/nom/mt_cpu.nom.spef line 543668, instance ANTENNA_decode_stage.rf.tgrp_rf1_A0\[4\] not found.
[WARNING STA-1650] /home/bala/git_stuff/summer_internship/syn/librelane/runs/full_flow/55-openroad-rcx/nom/mt_cpu.nom.spef line 543674, net ANTENNA_decode_stage.rf.tgrp_rf1_A0\[4\] not found.
[WARNING STA-1650] /home/bala/git_stuff/summer_internship/syn/librelane/runs/full_flow/55-openroad-rcx/nom/mt_cpu.nom.spef line 543683, net ANTENNA_decode_stage.rf.tgrp_rf1_A0\[4\] not found.
[WARNING STA-1650] /home/bala/git_stuff/summer_internship/syn/librelane/runs/full_flow/55-openroad-rcx/nom/mt_cpu.nom.spef line 543684, net ANTENNA_decode_stage.rf.tgrp_rf1_A0\[4\] not found.
[WARNING STA-1650] /home/bala/git_stuff/summer_internship/syn/librelane/runs/full_flow/55-openroad-rcx/nom/mt_cpu.nom.spef line 543716, net ANTENNA_decode_stage.rf.tgrp_rf1_A0\[4\] not found.
[WARNING STA-1648] /home/bala/git_stuff/summer_internship/syn/librelane/runs/full_flow/55-openroad-rcx/nom/mt_cpu.nom.spef line 543722, instance ANTENNA_decode_stage.rf.tgrp_rf1_A0\[5\] not found.
[WARNING STA-1650] /home/bala/git_stuff/summer_internship/syn/librelane/runs/full_flow/55-openroad-rcx/nom/mt_cpu.nom.spef line 543728, net ANTENNA_decode_stage.rf.tgrp_rf1_A0\[5\] not found.
[WARNING STA-1650] /home/bala/git_stuff/summer_internship/syn/librelane/runs/full_flow/55-openroad-rcx/nom/mt_cpu.nom.spef line 543735, net ANTENNA_decode_stage.rf.tgrp_rf1_A0\[5\] not found.
[WARNING STA-1650] /home/bala/git_stuff/summer_internship/syn/librelane/runs/full_flow/55-openroad-rcx/nom/mt_cpu.nom.spef line 543745, net ANTENNA_decode_stage.rf.tgrp_rf1_A0\[5\] not found.
[WARNING STA-1650] /home/bala/git_stuff/summer_internship/syn/librelane/runs/full_flow/55-openroad-rcx/nom/mt_cpu.nom.spef line 543771, net ANTENNA_decode_stage.rf.tgrp_rf1_A0\[5\] not found.
[WARNING STA-1650] /home/bala/git_stuff/summer_internship/syn/librelane/runs/full_flow/55-openroad-rcx/nom/mt_cpu.nom.spef line 543779, net ANTENNA_decode_stage.rf.tgrp_rf1_A0\[5\] not found.
[WARNING STA-1648] /home/bala/git_stuff/summer_internship/syn/librelane/runs/full_flow/55-openroad-rcx/nom/mt_cpu.nom.spef line 544409, instance ANTENNA_decode_stage.rf.tgrp_rf1_A1\[0\] not found.
[WARNING STA-1650] /home/bala/git_stuff/summer_internship/syn/librelane/runs/full_flow/55-openroad-rcx/nom/mt_cpu.nom.spef line 544415, net ANTENNA_decode_stage.rf.tgrp_rf1_A1\[0\] not found.
[WARNING STA-1650] /home/bala/git_stuff/summer_internship/syn/librelane/runs/full_flow/55-openroad-rcx/nom/mt_cpu.nom.spef line 544436, net ANTENNA_decode_stage.rf.tgrp_rf1_A1\[0\] not found.
[WARNING STA-1648] /home/bala/git_stuff/summer_internship/syn/librelane/runs/full_flow/55-openroad-rcx/nom/mt_cpu.nom.spef line 544443, instance ANTENNA_decode_stage.rf.tgrp_rf1_A1\[1\] not found.
[WARNING STA-1650] /home/bala/git_stuff/summer_internship/syn/librelane/runs/full_flow/55-openroad-rcx/nom/mt_cpu.nom.spef line 544449, net ANTENNA_decode_stage.rf.tgrp_rf1_A1\[1\] not found.
[WARNING STA-1650] /home/bala/git_stuff/summer_internship/syn/librelane/runs/full_flow/55-openroad-rcx/nom/mt_cpu.nom.spef line 544469, net ANTENNA_decode_stage.rf.tgrp_rf1_A0\[2\] not found.
[WARNING STA-1650] /home/bala/git_stuff/summer_internship/syn/librelane/runs/full_flow/55-openroad-rcx/nom/mt_cpu.nom.spef line 544502, net ANTENNA_decode_stage.rf.tgrp_rf1_A1\[1\] not found.
[WARNING STA-1648] /home/bala/git_stuff/summer_internship/syn/librelane/runs/full_flow/55-openroad-rcx/nom/mt_cpu.nom.spef line 544508, instance ANTENNA_decode_stage.rf.tgrp_rf1_A1\[2\] not found.
[WARNING STA-1650] /home/bala/git_stuff/summer_internship/syn/librelane/runs/full_flow/55-openroad-rcx/nom/mt_cpu.nom.spef line 544514, net ANTENNA_decode_stage.rf.tgrp_rf1_A1\[2\] not found.
[WARNING STA-1650] /home/bala/git_stuff/summer_internship/syn/librelane/runs/full_flow/55-openroad-rcx/nom/mt_cpu.nom.spef line 544545, net ANTENNA_decode_stage.rf.tgrp_rf1_WE0\[3\] not found.
[WARNING STA-1650] /home/bala/git_stuff/summer_internship/syn/librelane/runs/full_flow/55-openroad-rcx/nom/mt_cpu.nom.spef line 544554, net ANTENNA_decode_stage.rf.tgrp_rf1_A0\[4\] not found.
[WARNING STA-1650] /home/bala/git_stuff/summer_internship/syn/librelane/runs/full_flow/55-openroad-rcx/nom/mt_cpu.nom.spef line 544609, net ANTENNA_decode_stage.rf.tgrp_rf1_A1\[2\] not found.
[WARNING STA-1648] /home/bala/git_stuff/summer_internship/syn/librelane/runs/full_flow/55-openroad-rcx/nom/mt_cpu.nom.spef line 544615, instance ANTENNA_decode_stage.rf.tgrp_rf1_A1\[3\] not found.
[WARNING STA-1650] /home/bala/git_stuff/summer_internship/syn/librelane/runs/full_flow/55-openroad-rcx/nom/mt_cpu.nom.spef line 544621, net ANTENNA_decode_stage.rf.tgrp_rf1_A1\[3\] not found.
[WARNING STA-1650] /home/bala/git_stuff/summer_internship/syn/librelane/runs/full_flow/55-openroad-rcx/nom/mt_cpu.nom.spef line 544666, net ANTENNA_decode_stage.rf.tgrp_rf1_A1\[3\] not found.
[WARNING STA-1648] /home/bala/git_stuff/summer_internship/syn/librelane/runs/full_flow/55-openroad-rcx/nom/mt_cpu.nom.spef line 544671, instance ANTENNA_decode_stage.rf.tgrp_rf1_A1\[4\] not found.
[WARNING STA-1650] /home/bala/git_stuff/summer_internship/syn/librelane/runs/full_flow/55-openroad-rcx/nom/mt_cpu.nom.spef line 544677, net ANTENNA_decode_stage.rf.tgrp_rf1_A1\[4\] not found.
[WARNING STA-1650] /home/bala/git_stuff/summer_internship/syn/librelane/runs/full_flow/55-openroad-rcx/nom/mt_cpu.nom.spef line 544735, net ANTENNA_decode_stage.rf.tgrp_rf1_A1\[4\] not found.
[WARNING STA-1648] /home/bala/git_stuff/summer_internship/syn/librelane/runs/full_flow/55-openroad-rcx/nom/mt_cpu.nom.spef line 545152, instance ANTENNA_decode_stage.rf.tgrp_rf1_Do0\[0\] not found.
[WARNING STA-1650] /home/bala/git_stuff/summer_internship/syn/librelane/runs/full_flow/55-openroad-rcx/nom/mt_cpu.nom.spef line 545158, net ANTENNA_decode_stage.rf.tgrp_rf1_Do0\[0\] not found.
[WARNING STA-1650] /home/bala/git_stuff/summer_internship/syn/librelane/runs/full_flow/55-openroad-rcx/nom/mt_cpu.nom.spef line 545181, net ANTENNA_decode_stage.rf.tgrp_rf1_Do0\[0\] not found.
[WARNING STA-1648] /home/bala/git_stuff/summer_internship/syn/librelane/runs/full_flow/55-openroad-rcx/nom/mt_cpu.nom.spef line 545196, instance ANTENNA_decode_stage.rf.tgrp_rf1_Do0\[10\] not found.
[WARNING STA-1650] /home/bala/git_stuff/summer_internship/syn/librelane/runs/full_flow/55-openroad-rcx/nom/mt_cpu.nom.spef line 545202, net ANTENNA_decode_stage.rf.tgrp_rf1_Do0\[10\] not found.
[WARNING STA-1650] /home/bala/git_stuff/summer_internship/syn/librelane/runs/full_flow/55-openroad-rcx/nom/mt_cpu.nom.spef line 545237, net ANTENNA_decode_stage.rf.tgrp_rf1_Do0\[10\] not found.
[WARNING STA-1648] /home/bala/git_stuff/summer_internship/syn/librelane/runs/full_flow/55-openroad-rcx/nom/mt_cpu.nom.spef line 545250, instance ANTENNA_decode_stage.rf.tgrp_rf1_Do0\[11\] not found.
[WARNING STA-1650] /home/bala/git_stuff/summer_internship/syn/librelane/runs/full_flow/55-openroad-rcx/nom/mt_cpu.nom.spef line 545256, net ANTENNA_decode_stage.rf.tgrp_rf1_Do0\[11\] not found.
[WARNING STA-1650] /home/bala/git_stuff/summer_internship/syn/librelane/runs/full_flow/55-openroad-rcx/nom/mt_cpu.nom.spef line 545292, net ANTENNA_decode_stage.rf.tgrp_rf1_Do0\[11\] not found.
[WARNING STA-1648] /home/bala/git_stuff/summer_internship/syn/librelane/runs/full_flow/55-openroad-rcx/nom/mt_cpu.nom.spef line 545306, instance ANTENNA_decode_stage.rf.tgrp_rf1_Do0\[12\] not found.
[WARNING STA-1650] /home/bala/git_stuff/summer_internship/syn/librelane/runs/full_flow/55-openroad-rcx/nom/mt_cpu.nom.spef line 545312, net ANTENNA_decode_stage.rf.tgrp_rf1_Do0\[12\] not found.
[WARNING STA-1650] /home/bala/git_stuff/summer_internship/syn/librelane/runs/full_flow/55-openroad-rcx/nom/mt_cpu.nom.spef line 545362, net ANTENNA_decode_stage.rf.tgrp_rf1_Do0\[12\] not found.
[WARNING STA-1648] /home/bala/git_stuff/summer_internship/syn/librelane/runs/full_flow/55-openroad-rcx/nom/mt_cpu.nom.spef line 545380, instance ANTENNA_decode_stage.rf.tgrp_rf1_Do0\[13\] not found.
[WARNING STA-1650] /home/bala/git_stuff/summer_internship/syn/librelane/runs/full_flow/55-openroad-rcx/nom/mt_cpu.nom.spef line 545386, net ANTENNA_decode_stage.rf.tgrp_rf1_Do0\[13\] not found.
[WARNING STA-1650] /home/bala/git_stuff/summer_internship/syn/librelane/runs/full_flow/55-openroad-rcx/nom/mt_cpu.nom.spef line 545416, net ANTENNA_decode_stage.rf.tgrp_rf1_Do0\[13\] not found.
[WARNING STA-1648] /home/bala/git_stuff/summer_internship/syn/librelane/runs/full_flow/55-openroad-rcx/nom/mt_cpu.nom.spef line 545431, instance ANTENNA_decode_stage.rf.tgrp_rf1_Do0\[14\] not found.
[WARNING STA-1650] /home/bala/git_stuff/summer_internship/syn/librelane/runs/full_flow/55-openroad-rcx/nom/mt_cpu.nom.spef line 545437, net ANTENNA_decode_stage.rf.tgrp_rf1_Do0\[14\] not found.
[WARNING STA-1650] /home/bala/git_stuff/summer_internship/syn/librelane/runs/full_flow/55-openroad-rcx/nom/mt_cpu.nom.spef line 545459, net ANTENNA_decode_stage.rf.tgrp_rf1_Do0\[14\] not found.
[WARNING STA-1648] /home/bala/git_stuff/summer_internship/syn/librelane/runs/full_flow/55-openroad-rcx/nom/mt_cpu.nom.spef line 545472, instance ANTENNA_decode_stage.rf.tgrp_rf1_Do0\[15\] not found.
[WARNING STA-1650] /home/bala/git_stuff/summer_internship/syn/librelane/runs/full_flow/55-openroad-rcx/nom/mt_cpu.nom.spef line 545478, net ANTENNA_decode_stage.rf.tgrp_rf1_Do0\[15\] not found.
[WARNING STA-1650] /home/bala/git_stuff/summer_internship/syn/librelane/runs/full_flow/55-openroad-rcx/nom/mt_cpu.nom.spef line 545492, net ANTENNA_decode_stage.rf.tgrp_rf1_Do0\[15\] not found.
[WARNING STA-1648] /home/bala/git_stuff/summer_internship/syn/librelane/runs/full_flow/55-openroad-rcx/nom/mt_cpu.nom.spef line 545503, instance ANTENNA_decode_stage.rf.tgrp_rf1_Do0\[16\] not found.
[WARNING STA-1650] /home/bala/git_stuff/summer_internship/syn/librelane/runs/full_flow/55-openroad-rcx/nom/mt_cpu.nom.spef line 545509, net ANTENNA_decode_stage.rf.tgrp_rf1_Do0\[16\] not found.
[WARNING STA-1650] /home/bala/git_stuff/summer_internship/syn/librelane/runs/full_flow/55-openroad-rcx/nom/mt_cpu.nom.spef line 545555, net ANTENNA_decode_stage.rf.tgrp_rf1_Do0\[16\] not found.
[WARNING STA-1648] /home/bala/git_stuff/summer_internship/syn/librelane/runs/full_flow/55-openroad-rcx/nom/mt_cpu.nom.spef line 545570, instance ANTENNA_decode_stage.rf.tgrp_rf1_Do0\[17\] not found.
[WARNING STA-1650] /home/bala/git_stuff/summer_internship/syn/librelane/runs/full_flow/55-openroad-rcx/nom/mt_cpu.nom.spef line 545576, net ANTENNA_decode_stage.rf.tgrp_rf1_Do0\[17\] not found.
[WARNING STA-1650] /home/bala/git_stuff/summer_internship/syn/librelane/runs/full_flow/55-openroad-rcx/nom/mt_cpu.nom.spef line 545611, net ANTENNA_decode_stage.rf.tgrp_rf1_Do0\[17\] not found.
[WARNING STA-1648] /home/bala/git_stuff/summer_internship/syn/librelane/runs/full_flow/55-openroad-rcx/nom/mt_cpu.nom.spef line 545625, instance ANTENNA_decode_stage.rf.tgrp_rf1_Do0\[18\] not found.
[WARNING STA-1650] /home/bala/git_stuff/summer_internship/syn/librelane/runs/full_flow/55-openroad-rcx/nom/mt_cpu.nom.spef line 545631, net ANTENNA_decode_stage.rf.tgrp_rf1_Do0\[18\] not found.
[WARNING STA-1650] /home/bala/git_stuff/summer_internship/syn/librelane/runs/full_flow/55-openroad-rcx/nom/mt_cpu.nom.spef line 545678, net ANTENNA_decode_stage.rf.tgrp_rf1_Do0\[18\] not found.
[WARNING STA-1648] /home/bala/git_stuff/summer_internship/syn/librelane/runs/full_flow/55-openroad-rcx/nom/mt_cpu.nom.spef line 545693, instance ANTENNA_decode_stage.rf.tgrp_rf1_Do0\[19\] not found.
[WARNING STA-1650] /home/bala/git_stuff/summer_internship/syn/librelane/runs/full_flow/55-openroad-rcx/nom/mt_cpu.nom.spef line 545699, net ANTENNA_decode_stage.rf.tgrp_rf1_Do0\[19\] not found.
[WARNING STA-1650] /home/bala/git_stuff/summer_internship/syn/librelane/runs/full_flow/55-openroad-rcx/nom/mt_cpu.nom.spef line 545716, net ANTENNA_decode_stage.rf.tgrp_rf1_Do0\[19\] not found.
[WARNING STA-1648] /home/bala/git_stuff/summer_internship/syn/librelane/runs/full_flow/55-openroad-rcx/nom/mt_cpu.nom.spef line 545728, instance ANTENNA_decode_stage.rf.tgrp_rf1_Do0\[1\] not found.
[WARNING STA-1650] /home/bala/git_stuff/summer_internship/syn/librelane/runs/full_flow/55-openroad-rcx/nom/mt_cpu.nom.spef line 545734, net ANTENNA_decode_stage.rf.tgrp_rf1_Do0\[1\] not found.
[WARNING STA-1650] /home/bala/git_stuff/summer_internship/syn/librelane/runs/full_flow/55-openroad-rcx/nom/mt_cpu.nom.spef line 545750, net ANTENNA_decode_stage.rf.tgrp_rf1_Do0\[1\] not found.
[WARNING STA-1648] /home/bala/git_stuff/summer_internship/syn/librelane/runs/full_flow/55-openroad-rcx/nom/mt_cpu.nom.spef line 545762, instance ANTENNA_decode_stage.rf.tgrp_rf1_Do0\[20\] not found.
[WARNING STA-1650] /home/bala/git_stuff/summer_internship/syn/librelane/runs/full_flow/55-openroad-rcx/nom/mt_cpu.nom.spef line 545768, net ANTENNA_decode_stage.rf.tgrp_rf1_Do0\[20\] not found.
[WARNING STA-1650] /home/bala/git_stuff/summer_internship/syn/librelane/runs/full_flow/55-openroad-rcx/nom/mt_cpu.nom.spef line 545783, net ANTENNA_decode_stage.rf.tgrp_rf1_Do0\[20\] not found.
[WARNING STA-1648] /home/bala/git_stuff/summer_internship/syn/librelane/runs/full_flow/55-openroad-rcx/nom/mt_cpu.nom.spef line 545795, instance ANTENNA_decode_stage.rf.tgrp_rf1_Do0\[21\] not found.
[WARNING STA-1650] /home/bala/git_stuff/summer_internship/syn/librelane/runs/full_flow/55-openroad-rcx/nom/mt_cpu.nom.spef line 545801, net ANTENNA_decode_stage.rf.tgrp_rf1_Do0\[21\] not found.
[WARNING STA-1650] /home/bala/git_stuff/summer_internship/syn/librelane/runs/full_flow/55-openroad-rcx/nom/mt_cpu.nom.spef line 545854, net ANTENNA_decode_stage.rf.tgrp_rf1_Do0\[21\] not found.
[WARNING STA-1648] /home/bala/git_stuff/summer_internship/syn/librelane/runs/full_flow/55-openroad-rcx/nom/mt_cpu.nom.spef line 545871, instance ANTENNA_decode_stage.rf.tgrp_rf1_Do0\[22\] not found.
[WARNING STA-1650] /home/bala/git_stuff/summer_internship/syn/librelane/runs/full_flow/55-openroad-rcx/nom/mt_cpu.nom.spef line 545877, net ANTENNA_decode_stage.rf.tgrp_rf1_Do0\[22\] not found.
[WARNING STA-1650] /home/bala/git_stuff/summer_internship/syn/librelane/runs/full_flow/55-openroad-rcx/nom/mt_cpu.nom.spef line 545924, net ANTENNA_decode_stage.rf.tgrp_rf1_Do0\[22\] not found.
[WARNING STA-1648] /home/bala/git_stuff/summer_internship/syn/librelane/runs/full_flow/55-openroad-rcx/nom/mt_cpu.nom.spef line 545939, instance ANTENNA_decode_stage.rf.tgrp_rf1_Do0\[23\] not found.
[WARNING STA-1650] /home/bala/git_stuff/summer_internship/syn/librelane/runs/full_flow/55-openroad-rcx/nom/mt_cpu.nom.spef line 545945, net ANTENNA_decode_stage.rf.tgrp_rf1_Do0\[23\] not found.
[WARNING STA-1650] /home/bala/git_stuff/summer_internship/syn/librelane/runs/full_flow/55-openroad-rcx/nom/mt_cpu.nom.spef line 545988, net ANTENNA_decode_stage.rf.tgrp_rf1_Do0\[23\] not found.
[WARNING STA-1648] /home/bala/git_stuff/summer_internship/syn/librelane/runs/full_flow/55-openroad-rcx/nom/mt_cpu.nom.spef line 546001, instance ANTENNA_decode_stage.rf.tgrp_rf1_Do0\[24\] not found.
[WARNING STA-1650] /home/bala/git_stuff/summer_internship/syn/librelane/runs/full_flow/55-openroad-rcx/nom/mt_cpu.nom.spef line 546007, net ANTENNA_decode_stage.rf.tgrp_rf1_Do0\[24\] not found.
[WARNING STA-1650] /home/bala/git_stuff/summer_internship/syn/librelane/runs/full_flow/55-openroad-rcx/nom/mt_cpu.nom.spef line 546047, net ANTENNA_decode_stage.rf.tgrp_rf1_Do0\[24\] not found.
[WARNING STA-1648] /home/bala/git_stuff/summer_internship/syn/librelane/runs/full_flow/55-openroad-rcx/nom/mt_cpu.nom.spef line 546060, instance ANTENNA_decode_stage.rf.tgrp_rf1_Do0\[25\] not found.
[WARNING STA-1650] /home/bala/git_stuff/summer_internship/syn/librelane/runs/full_flow/55-openroad-rcx/nom/mt_cpu.nom.spef line 546066, net ANTENNA_decode_stage.rf.tgrp_rf1_Do0\[25\] not found.
[WARNING STA-1650] /home/bala/git_stuff/summer_internship/syn/librelane/runs/full_flow/55-openroad-rcx/nom/mt_cpu.nom.spef line 546098, net ANTENNA_decode_stage.rf.tgrp_rf1_Do0\[25\] not found.
[WARNING STA-1648] /home/bala/git_stuff/summer_internship/syn/librelane/runs/full_flow/55-openroad-rcx/nom/mt_cpu.nom.spef line 546114, instance ANTENNA_decode_stage.rf.tgrp_rf1_Do0\[26\] not found.
[WARNING STA-1650] /home/bala/git_stuff/summer_internship/syn/librelane/runs/full_flow/55-openroad-rcx/nom/mt_cpu.nom.spef line 546120, net ANTENNA_decode_stage.rf.tgrp_rf1_Do0\[26\] not found.
[WARNING STA-1650] /home/bala/git_stuff/summer_internship/syn/librelane/runs/full_flow/55-openroad-rcx/nom/mt_cpu.nom.spef line 546150, net ANTENNA_decode_stage.rf.tgrp_rf1_Do0\[26\] not found.
[WARNING STA-1648] /home/bala/git_stuff/summer_internship/syn/librelane/runs/full_flow/55-openroad-rcx/nom/mt_cpu.nom.spef line 546160, instance ANTENNA_decode_stage.rf.tgrp_rf1_Do0\[27\] not found.
[WARNING STA-1650] /home/bala/git_stuff/summer_internship/syn/librelane/runs/full_flow/55-openroad-rcx/nom/mt_cpu.nom.spef line 546166, net ANTENNA_decode_stage.rf.tgrp_rf1_Do0\[27\] not found.
[WARNING STA-1650] /home/bala/git_stuff/summer_internship/syn/librelane/runs/full_flow/55-openroad-rcx/nom/mt_cpu.nom.spef line 546216, net ANTENNA_decode_stage.rf.tgrp_rf1_Do0\[27\] not found.
[WARNING STA-1648] /home/bala/git_stuff/summer_internship/syn/librelane/runs/full_flow/55-openroad-rcx/nom/mt_cpu.nom.spef line 546233, instance ANTENNA_decode_stage.rf.tgrp_rf1_Do0\[28\] not found.
[WARNING STA-1650] /home/bala/git_stuff/summer_internship/syn/librelane/runs/full_flow/55-openroad-rcx/nom/mt_cpu.nom.spef line 546239, net ANTENNA_decode_stage.rf.tgrp_rf1_Do0\[28\] not found.
[WARNING STA-1650] /home/bala/git_stuff/summer_internship/syn/librelane/runs/full_flow/55-openroad-rcx/nom/mt_cpu.nom.spef line 546267, net ANTENNA_decode_stage.rf.tgrp_rf1_Do0\[28\] not found.
[WARNING STA-1648] /home/bala/git_stuff/summer_internship/syn/librelane/runs/full_flow/55-openroad-rcx/nom/mt_cpu.nom.spef line 546281, instance ANTENNA_decode_stage.rf.tgrp_rf1_Do0\[29\] not found.
[WARNING STA-1650] /home/bala/git_stuff/summer_internship/syn/librelane/runs/full_flow/55-openroad-rcx/nom/mt_cpu.nom.spef line 546287, net ANTENNA_decode_stage.rf.tgrp_rf1_Do0\[29\] not found.
[WARNING STA-1650] /home/bala/git_stuff/summer_internship/syn/librelane/runs/full_flow/55-openroad-rcx/nom/mt_cpu.nom.spef line 546328, net ANTENNA_decode_stage.rf.tgrp_rf1_Do0\[29\] not found.
[WARNING STA-1648] /home/bala/git_stuff/summer_internship/syn/librelane/runs/full_flow/55-openroad-rcx/nom/mt_cpu.nom.spef line 546341, instance ANTENNA_decode_stage.rf.tgrp_rf1_Do0\[2\] not found.
[WARNING STA-1650] /home/bala/git_stuff/summer_internship/syn/librelane/runs/full_flow/55-openroad-rcx/nom/mt_cpu.nom.spef line 546347, net ANTENNA_decode_stage.rf.tgrp_rf1_Do0\[2\] not found.
[WARNING STA-1650] /home/bala/git_stuff/summer_internship/syn/librelane/runs/full_flow/55-openroad-rcx/nom/mt_cpu.nom.spef line 546372, net ANTENNA_decode_stage.rf.tgrp_rf1_Do0\[2\] not found.
[WARNING STA-1648] /home/bala/git_stuff/summer_internship/syn/librelane/runs/full_flow/55-openroad-rcx/nom/mt_cpu.nom.spef line 546383, instance ANTENNA_decode_stage.rf.tgrp_rf1_Do0\[30\] not found.
[WARNING STA-1650] /home/bala/git_stuff/summer_internship/syn/librelane/runs/full_flow/55-openroad-rcx/nom/mt_cpu.nom.spef line 546389, net ANTENNA_decode_stage.rf.tgrp_rf1_Do0\[30\] not found.
[WARNING STA-1650] /home/bala/git_stuff/summer_internship/syn/librelane/runs/full_flow/55-openroad-rcx/nom/mt_cpu.nom.spef line 546405, net ANTENNA_decode_stage.rf.tgrp_rf1_Do0\[30\] not found.
[WARNING STA-1648] /home/bala/git_stuff/summer_internship/syn/librelane/runs/full_flow/55-openroad-rcx/nom/mt_cpu.nom.spef line 546416, instance ANTENNA_decode_stage.rf.tgrp_rf1_Do0\[31\] not found.
[WARNING STA-1650] /home/bala/git_stuff/summer_internship/syn/librelane/runs/full_flow/55-openroad-rcx/nom/mt_cpu.nom.spef line 546422, net ANTENNA_decode_stage.rf.tgrp_rf1_Do0\[31\] not found.
[WARNING STA-1650] /home/bala/git_stuff/summer_internship/syn/librelane/runs/full_flow/55-openroad-rcx/nom/mt_cpu.nom.spef line 546449, net ANTENNA_decode_stage.rf.tgrp_rf1_Do0\[31\] not found.
[WARNING STA-1648] /home/bala/git_stuff/summer_internship/syn/librelane/runs/full_flow/55-openroad-rcx/nom/mt_cpu.nom.spef line 546461, instance ANTENNA_decode_stage.rf.tgrp_rf1_Do0\[3\] not found.
[WARNING STA-1650] /home/bala/git_stuff/summer_internship/syn/librelane/runs/full_flow/55-openroad-rcx/nom/mt_cpu.nom.spef line 546467, net ANTENNA_decode_stage.rf.tgrp_rf1_Do0\[3\] not found.
[WARNING STA-1650] /home/bala/git_stuff/summer_internship/syn/librelane/runs/full_flow/55-openroad-rcx/nom/mt_cpu.nom.spef line 546479, net ANTENNA_decode_stage.rf.tgrp_rf1_Do0\[3\] not found.
[WARNING STA-1648] /home/bala/git_stuff/summer_internship/syn/librelane/runs/full_flow/55-openroad-rcx/nom/mt_cpu.nom.spef line 546490, instance ANTENNA_decode_stage.rf.tgrp_rf1_Do0\[4\] not found.
[WARNING STA-1650] /home/bala/git_stuff/summer_internship/syn/librelane/runs/full_flow/55-openroad-rcx/nom/mt_cpu.nom.spef line 546496, net ANTENNA_decode_stage.rf.tgrp_rf1_Do0\[4\] not found.
[WARNING STA-1650] /home/bala/git_stuff/summer_internship/syn/librelane/runs/full_flow/55-openroad-rcx/nom/mt_cpu.nom.spef line 546517, net ANTENNA_decode_stage.rf.tgrp_rf1_Do0\[4\] not found.
[WARNING STA-1648] /home/bala/git_stuff/summer_internship/syn/librelane/runs/full_flow/55-openroad-rcx/nom/mt_cpu.nom.spef line 546530, instance ANTENNA_decode_stage.rf.tgrp_rf1_Do0\[5\] not found.
[WARNING STA-1650] /home/bala/git_stuff/summer_internship/syn/librelane/runs/full_flow/55-openroad-rcx/nom/mt_cpu.nom.spef line 546536, net ANTENNA_decode_stage.rf.tgrp_rf1_Do0\[5\] not found.
[WARNING STA-1650] /home/bala/git_stuff/summer_internship/syn/librelane/runs/full_flow/55-openroad-rcx/nom/mt_cpu.nom.spef line 546548, net ANTENNA_decode_stage.rf.tgrp_rf1_Do0\[5\] not found.
[WARNING STA-1648] /home/bala/git_stuff/summer_internship/syn/librelane/runs/full_flow/55-openroad-rcx/nom/mt_cpu.nom.spef line 546560, instance ANTENNA_decode_stage.rf.tgrp_rf1_Do0\[6\] not found.
[WARNING STA-1650] /home/bala/git_stuff/summer_internship/syn/librelane/runs/full_flow/55-openroad-rcx/nom/mt_cpu.nom.spef line 546566, net ANTENNA_decode_stage.rf.tgrp_rf1_Do0\[6\] not found.
[WARNING STA-1650] /home/bala/git_stuff/summer_internship/syn/librelane/runs/full_flow/55-openroad-rcx/nom/mt_cpu.nom.spef line 546585, net ANTENNA_decode_stage.rf.tgrp_rf1_Do0\[6\] not found.
[WARNING STA-1648] /home/bala/git_stuff/summer_internship/syn/librelane/runs/full_flow/55-openroad-rcx/nom/mt_cpu.nom.spef line 546594, instance ANTENNA_decode_stage.rf.tgrp_rf1_Do0\[7\] not found.
[WARNING STA-1650] /home/bala/git_stuff/summer_internship/syn/librelane/runs/full_flow/55-openroad-rcx/nom/mt_cpu.nom.spef line 546600, net ANTENNA_decode_stage.rf.tgrp_rf1_Do0\[7\] not found.
[WARNING STA-1650] /home/bala/git_stuff/summer_internship/syn/librelane/runs/full_flow/55-openroad-rcx/nom/mt_cpu.nom.spef line 546634, net ANTENNA_decode_stage.rf.tgrp_rf1_Do0\[7\] not found.
[WARNING STA-1648] /home/bala/git_stuff/summer_internship/syn/librelane/runs/full_flow/55-openroad-rcx/nom/mt_cpu.nom.spef line 546640, instance ANTENNA_decode_stage.rf.tgrp_rf1_Do0\[8\] not found.
[WARNING STA-1650] /home/bala/git_stuff/summer_internship/syn/librelane/runs/full_flow/55-openroad-rcx/nom/mt_cpu.nom.spef line 546646, net ANTENNA_decode_stage.rf.tgrp_rf1_Do0\[8\] not found.
[WARNING STA-1650] /home/bala/git_stuff/summer_internship/syn/librelane/runs/full_flow/55-openroad-rcx/nom/mt_cpu.nom.spef line 546666, net ANTENNA_decode_stage.rf.tgrp_rf1_Do0\[8\] not found.
[WARNING STA-1648] /home/bala/git_stuff/summer_internship/syn/librelane/runs/full_flow/55-openroad-rcx/nom/mt_cpu.nom.spef line 546675, instance ANTENNA_decode_stage.rf.tgrp_rf1_Do0\[9\] not found.
[WARNING STA-1650] /home/bala/git_stuff/summer_internship/syn/librelane/runs/full_flow/55-openroad-rcx/nom/mt_cpu.nom.spef line 546681, net ANTENNA_decode_stage.rf.tgrp_rf1_Do0\[9\] not found.
[WARNING STA-1650] /home/bala/git_stuff/summer_internship/syn/librelane/runs/full_flow/55-openroad-rcx/nom/mt_cpu.nom.spef line 546708, net ANTENNA_decode_stage.rf.tgrp_rf1_Do0\[9\] not found.
[WARNING STA-1648] /home/bala/git_stuff/summer_internship/syn/librelane/runs/full_flow/55-openroad-rcx/nom/mt_cpu.nom.spef line 546714, instance ANTENNA_decode_stage.rf.tgrp_rf1_Do1\[0\] not found.
[WARNING STA-1650] /home/bala/git_stuff/summer_internship/syn/librelane/runs/full_flow/55-openroad-rcx/nom/mt_cpu.nom.spef line 546720, net ANTENNA_decode_stage.rf.tgrp_rf1_Do1\[0\] not found.
[WARNING STA-1650] /home/bala/git_stuff/summer_internship/syn/librelane/runs/full_flow/55-openroad-rcx/nom/mt_cpu.nom.spef line 546759, net ANTENNA_decode_stage.rf.tgrp_rf1_Do1\[0\] not found.
[WARNING STA-1648] /home/bala/git_stuff/summer_internship/syn/librelane/runs/full_flow/55-openroad-rcx/nom/mt_cpu.nom.spef line 546770, instance ANTENNA_decode_stage.rf.tgrp_rf1_Do1\[10\] not found.
[WARNING STA-1650] /home/bala/git_stuff/summer_internship/syn/librelane/runs/full_flow/55-openroad-rcx/nom/mt_cpu.nom.spef line 546776, net ANTENNA_decode_stage.rf.tgrp_rf1_Do1\[10\] not found.
[WARNING STA-1650] /home/bala/git_stuff/summer_internship/syn/librelane/runs/full_flow/55-openroad-rcx/nom/mt_cpu.nom.spef line 546797, net ANTENNA_decode_stage.rf.tgrp_rf1_Do1\[10\] not found.
[WARNING STA-1648] /home/bala/git_stuff/summer_internship/syn/librelane/runs/full_flow/55-openroad-rcx/nom/mt_cpu.nom.spef line 546832, instance ANTENNA_decode_stage.rf.tgrp_rf1_Do1\[12\] not found.
[WARNING STA-1650] /home/bala/git_stuff/summer_internship/syn/librelane/runs/full_flow/55-openroad-rcx/nom/mt_cpu.nom.spef line 546838, net ANTENNA_decode_stage.rf.tgrp_rf1_Do1\[12\] not found.
[WARNING STA-1650] /home/bala/git_stuff/summer_internship/syn/librelane/runs/full_flow/55-openroad-rcx/nom/mt_cpu.nom.spef line 546867, net ANTENNA_decode_stage.rf.tgrp_rf1_Do1\[12\] not found.
[WARNING STA-1648] /home/bala/git_stuff/summer_internship/syn/librelane/runs/full_flow/55-openroad-rcx/nom/mt_cpu.nom.spef line 546899, instance ANTENNA_decode_stage.rf.tgrp_rf1_Do1\[14\] not found.
[WARNING STA-1650] /home/bala/git_stuff/summer_internship/syn/librelane/runs/full_flow/55-openroad-rcx/nom/mt_cpu.nom.spef line 546905, net ANTENNA_decode_stage.rf.tgrp_rf1_Do1\[14\] not found.
[WARNING STA-1650] /home/bala/git_stuff/summer_internship/syn/librelane/runs/full_flow/55-openroad-rcx/nom/mt_cpu.nom.spef line 546927, net ANTENNA_decode_stage.rf.tgrp_rf1_Do1\[14\] not found.
[WARNING STA-1648] /home/bala/git_stuff/summer_internship/syn/librelane/runs/full_flow/55-openroad-rcx/nom/mt_cpu.nom.spef line 546972, instance ANTENNA_decode_stage.rf.tgrp_rf1_Do1\[16\] not found.
[WARNING STA-1650] /home/bala/git_stuff/summer_internship/syn/librelane/runs/full_flow/55-openroad-rcx/nom/mt_cpu.nom.spef line 546978, net ANTENNA_decode_stage.rf.tgrp_rf1_Do1\[16\] not found.
[WARNING STA-1650] /home/bala/git_stuff/summer_internship/syn/librelane/runs/full_flow/55-openroad-rcx/nom/mt_cpu.nom.spef line 547033, net ANTENNA_decode_stage.rf.tgrp_rf1_Do1\[16\] not found.
[WARNING STA-1648] /home/bala/git_stuff/summer_internship/syn/librelane/runs/full_flow/55-openroad-rcx/nom/mt_cpu.nom.spef line 547048, instance ANTENNA_decode_stage.rf.tgrp_rf1_Do1\[17\] not found.
[WARNING STA-1650] /home/bala/git_stuff/summer_internship/syn/librelane/runs/full_flow/55-openroad-rcx/nom/mt_cpu.nom.spef line 547054, net ANTENNA_decode_stage.rf.tgrp_rf1_Do1\[17\] not found.
[WARNING STA-1650] /home/bala/git_stuff/summer_internship/syn/librelane/runs/full_flow/55-openroad-rcx/nom/mt_cpu.nom.spef line 547076, net ANTENNA_decode_stage.rf.tgrp_rf1_Do1\[17\] not found.
[WARNING STA-1648] /home/bala/git_stuff/summer_internship/syn/librelane/runs/full_flow/55-openroad-rcx/nom/mt_cpu.nom.spef line 547087, instance ANTENNA_decode_stage.rf.tgrp_rf1_Do1\[18\] not found.
[WARNING STA-1650] /home/bala/git_stuff/summer_internship/syn/librelane/runs/full_flow/55-openroad-rcx/nom/mt_cpu.nom.spef line 547093, net ANTENNA_decode_stage.rf.tgrp_rf1_Do1\[18\] not found.
[WARNING STA-1650] /home/bala/git_stuff/summer_internship/syn/librelane/runs/full_flow/55-openroad-rcx/nom/mt_cpu.nom.spef line 547133, net ANTENNA_decode_stage.rf.tgrp_rf1_Do1\[18\] not found.
[WARNING STA-1648] /home/bala/git_stuff/summer_internship/syn/librelane/runs/full_flow/55-openroad-rcx/nom/mt_cpu.nom.spef line 547144, instance ANTENNA_decode_stage.rf.tgrp_rf1_Do1\[19\] not found.
[WARNING STA-1650] /home/bala/git_stuff/summer_internship/syn/librelane/runs/full_flow/55-openroad-rcx/nom/mt_cpu.nom.spef line 547150, net ANTENNA_decode_stage.rf.tgrp_rf1_Do1\[19\] not found.
[WARNING STA-1650] /home/bala/git_stuff/summer_internship/syn/librelane/runs/full_flow/55-openroad-rcx/nom/mt_cpu.nom.spef line 547164, net ANTENNA_decode_stage.rf.tgrp_rf1_Do1\[21\] not found.
[WARNING STA-1650] /home/bala/git_stuff/summer_internship/syn/librelane/runs/full_flow/55-openroad-rcx/nom/mt_cpu.nom.spef line 547165, net ANTENNA_decode_stage.rf.tgrp_rf1_Do1\[23\] not found.
[WARNING STA-1650] /home/bala/git_stuff/summer_internship/syn/librelane/runs/full_flow/55-openroad-rcx/nom/mt_cpu.nom.spef line 547216, net ANTENNA_decode_stage.rf.tgrp_rf1_Do1\[19\] not found.
[WARNING STA-1648] /home/bala/git_stuff/summer_internship/syn/librelane/runs/full_flow/55-openroad-rcx/nom/mt_cpu.nom.spef line 547231, instance ANTENNA_decode_stage.rf.tgrp_rf1_Do1\[1\] not found.
[WARNING STA-1650] /home/bala/git_stuff/summer_internship/syn/librelane/runs/full_flow/55-openroad-rcx/nom/mt_cpu.nom.spef line 547237, net ANTENNA_decode_stage.rf.tgrp_rf1_Do1\[1\] not found.
[WARNING STA-1650] /home/bala/git_stuff/summer_internship/syn/librelane/runs/full_flow/55-openroad-rcx/nom/mt_cpu.nom.spef line 547254, net ANTENNA_decode_stage.rf.tgrp_rf1_Do1\[1\] not found.
[WARNING STA-1648] /home/bala/git_stuff/summer_internship/syn/librelane/runs/full_flow/55-openroad-rcx/nom/mt_cpu.nom.spef line 547262, instance ANTENNA_decode_stage.rf.tgrp_rf1_Do1\[20\] not found.
[WARNING STA-1650] /home/bala/git_stuff/summer_internship/syn/librelane/runs/full_flow/55-openroad-rcx/nom/mt_cpu.nom.spef line 547268, net ANTENNA_decode_stage.rf.tgrp_rf1_Do1\[20\] not found.
[WARNING STA-1650] /home/bala/git_stuff/summer_internship/syn/librelane/runs/full_flow/55-openroad-rcx/nom/mt_cpu.nom.spef line 547276, net ANTENNA_decode_stage.rf.tgrp_rf1_Do1\[20\] not found.
[WARNING STA-1650] /home/bala/git_stuff/summer_internship/syn/librelane/runs/full_flow/55-openroad-rcx/nom/mt_cpu.nom.spef line 547284, net ANTENNA_decode_stage.rf.tgrp_rf1_Do1\[20\] not found.
[WARNING STA-1650] /home/bala/git_stuff/summer_internship/syn/librelane/runs/full_flow/55-openroad-rcx/nom/mt_cpu.nom.spef line 547296, net ANTENNA_decode_stage.rf.tgrp_rf1_Do1\[20\] not found.
[WARNING STA-1648] /home/bala/git_stuff/summer_internship/syn/librelane/runs/full_flow/55-openroad-rcx/nom/mt_cpu.nom.spef line 547302, instance ANTENNA_decode_stage.rf.tgrp_rf1_Do1\[21\] not found.
[WARNING STA-1650] /home/bala/git_stuff/summer_internship/syn/librelane/runs/full_flow/55-openroad-rcx/nom/mt_cpu.nom.spef line 547308, net ANTENNA_decode_stage.rf.tgrp_rf1_Do1\[21\] not found.
[WARNING STA-1650] /home/bala/git_stuff/summer_internship/syn/librelane/runs/full_flow/55-openroad-rcx/nom/mt_cpu.nom.spef line 547350, net ANTENNA_decode_stage.rf.tgrp_rf1_Do1\[21\] not found.
[WARNING STA-1650] /home/bala/git_stuff/summer_internship/syn/librelane/runs/full_flow/55-openroad-rcx/nom/mt_cpu.nom.spef line 547353, net ANTENNA_decode_stage.rf.tgrp_rf1_Do1\[21\] not found.
[WARNING STA-1648] /home/bala/git_stuff/summer_internship/syn/librelane/runs/full_flow/55-openroad-rcx/nom/mt_cpu.nom.spef line 547366, instance ANTENNA_decode_stage.rf.tgrp_rf1_Do1\[22\] not found.
[WARNING STA-1650] /home/bala/git_stuff/summer_internship/syn/librelane/runs/full_flow/55-openroad-rcx/nom/mt_cpu.nom.spef line 547372, net ANTENNA_decode_stage.rf.tgrp_rf1_Do1\[22\] not found.
[WARNING STA-1650] /home/bala/git_stuff/summer_internship/syn/librelane/runs/full_flow/55-openroad-rcx/nom/mt_cpu.nom.spef line 547416, net ANTENNA_decode_stage.rf.tgrp_rf1_Do1\[22\] not found.
[WARNING STA-1648] /home/bala/git_stuff/summer_internship/syn/librelane/runs/full_flow/55-openroad-rcx/nom/mt_cpu.nom.spef line 547429, instance ANTENNA_decode_stage.rf.tgrp_rf1_Do1\[23\] not found.
[WARNING STA-1650] /home/bala/git_stuff/summer_internship/syn/librelane/runs/full_flow/55-openroad-rcx/nom/mt_cpu.nom.spef line 547435, net ANTENNA_decode_stage.rf.tgrp_rf1_Do1\[23\] not found.
[WARNING STA-1650] /home/bala/git_stuff/summer_internship/syn/librelane/runs/full_flow/55-openroad-rcx/nom/mt_cpu.nom.spef line 547477, net ANTENNA_decode_stage.rf.tgrp_rf1_Do1\[23\] not found.
[WARNING STA-1650] /home/bala/git_stuff/summer_internship/syn/librelane/runs/full_flow/55-openroad-rcx/nom/mt_cpu.nom.spef line 547480, net ANTENNA_decode_stage.rf.tgrp_rf1_Do1\[23\] not found.
[WARNING STA-1648] /home/bala/git_stuff/summer_internship/syn/librelane/runs/full_flow/55-openroad-rcx/nom/mt_cpu.nom.spef line 547493, instance ANTENNA_decode_stage.rf.tgrp_rf1_Do1\[24\] not found.
[WARNING STA-1650] /home/bala/git_stuff/summer_internship/syn/librelane/runs/full_flow/55-openroad-rcx/nom/mt_cpu.nom.spef line 547499, net ANTENNA_decode_stage.rf.tgrp_rf1_Do1\[24\] not found.
[WARNING STA-1650] /home/bala/git_stuff/summer_internship/syn/librelane/runs/full_flow/55-openroad-rcx/nom/mt_cpu.nom.spef line 547548, net ANTENNA_decode_stage.rf.tgrp_rf1_Do1\[24\] not found.
[WARNING STA-1648] /home/bala/git_stuff/summer_internship/syn/librelane/runs/full_flow/55-openroad-rcx/nom/mt_cpu.nom.spef line 547560, instance ANTENNA_decode_stage.rf.tgrp_rf1_Do1\[25\] not found.
[WARNING STA-1650] /home/bala/git_stuff/summer_internship/syn/librelane/runs/full_flow/55-openroad-rcx/nom/mt_cpu.nom.spef line 547566, net ANTENNA_decode_stage.rf.tgrp_rf1_Do1\[25\] not found.
[WARNING STA-1650] /home/bala/git_stuff/summer_internship/syn/librelane/runs/full_flow/55-openroad-rcx/nom/mt_cpu.nom.spef line 547608, net ANTENNA_decode_stage.rf.tgrp_rf1_Do1\[25\] not found.
[WARNING STA-1648] /home/bala/git_stuff/summer_internship/syn/librelane/runs/full_flow/55-openroad-rcx/nom/mt_cpu.nom.spef line 547623, instance ANTENNA_decode_stage.rf.tgrp_rf1_Do1\[26\] not found.
[WARNING STA-1650] /home/bala/git_stuff/summer_internship/syn/librelane/runs/full_flow/55-openroad-rcx/nom/mt_cpu.nom.spef line 547629, net ANTENNA_decode_stage.rf.tgrp_rf1_Do1\[26\] not found.
[WARNING STA-1650] /home/bala/git_stuff/summer_internship/syn/librelane/runs/full_flow/55-openroad-rcx/nom/mt_cpu.nom.spef line 547670, net ANTENNA_decode_stage.rf.tgrp_rf1_Do1\[26\] not found.
[WARNING STA-1648] /home/bala/git_stuff/summer_internship/syn/librelane/runs/full_flow/55-openroad-rcx/nom/mt_cpu.nom.spef line 547687, instance ANTENNA_decode_stage.rf.tgrp_rf1_Do1\[27\] not found.
[WARNING STA-1650] /home/bala/git_stuff/summer_internship/syn/librelane/runs/full_flow/55-openroad-rcx/nom/mt_cpu.nom.spef line 547693, net ANTENNA_decode_stage.rf.tgrp_rf1_Do1\[27\] not found.
[WARNING STA-1650] /home/bala/git_stuff/summer_internship/syn/librelane/runs/full_flow/55-openroad-rcx/nom/mt_cpu.nom.spef line 547721, net ANTENNA_decode_stage.rf.tgrp_rf1_Do1\[27\] not found.
[WARNING STA-1648] /home/bala/git_stuff/summer_internship/syn/librelane/runs/full_flow/55-openroad-rcx/nom/mt_cpu.nom.spef line 547732, instance ANTENNA_decode_stage.rf.tgrp_rf1_Do1\[28\] not found.
[WARNING STA-1650] /home/bala/git_stuff/summer_internship/syn/librelane/runs/full_flow/55-openroad-rcx/nom/mt_cpu.nom.spef line 547738, net ANTENNA_decode_stage.rf.tgrp_rf1_Do1\[28\] not found.
[WARNING STA-1650] /home/bala/git_stuff/summer_internship/syn/librelane/runs/full_flow/55-openroad-rcx/nom/mt_cpu.nom.spef line 547768, net ANTENNA_decode_stage.rf.tgrp_rf1_Do1\[28\] not found.
[WARNING STA-1648] /home/bala/git_stuff/summer_internship/syn/librelane/runs/full_flow/55-openroad-rcx/nom/mt_cpu.nom.spef line 547781, instance ANTENNA_decode_stage.rf.tgrp_rf1_Do1\[29\] not found.
[WARNING STA-1650] /home/bala/git_stuff/summer_internship/syn/librelane/runs/full_flow/55-openroad-rcx/nom/mt_cpu.nom.spef line 547787, net ANTENNA_decode_stage.rf.tgrp_rf1_Do1\[29\] not found.
[WARNING STA-1650] /home/bala/git_stuff/summer_internship/syn/librelane/runs/full_flow/55-openroad-rcx/nom/mt_cpu.nom.spef line 547816, net ANTENNA_decode_stage.rf.tgrp_rf1_Do1\[29\] not found.
[WARNING STA-1648] /home/bala/git_stuff/summer_internship/syn/librelane/runs/full_flow/55-openroad-rcx/nom/mt_cpu.nom.spef line 547829, instance ANTENNA_decode_stage.rf.tgrp_rf1_Do1\[2\] not found.
[WARNING STA-1650] /home/bala/git_stuff/summer_internship/syn/librelane/runs/full_flow/55-openroad-rcx/nom/mt_cpu.nom.spef line 547835, net ANTENNA_decode_stage.rf.tgrp_rf1_Do1\[2\] not found.
[WARNING STA-1650] /home/bala/git_stuff/summer_internship/syn/librelane/runs/full_flow/55-openroad-rcx/nom/mt_cpu.nom.spef line 547869, net ANTENNA_decode_stage.rf.tgrp_rf1_Do1\[2\] not found.
[WARNING STA-1648] /home/bala/git_stuff/summer_internship/syn/librelane/runs/full_flow/55-openroad-rcx/nom/mt_cpu.nom.spef line 547882, instance ANTENNA_decode_stage.rf.tgrp_rf1_Do1\[30\] not found.
[WARNING STA-1650] /home/bala/git_stuff/summer_internship/syn/librelane/runs/full_flow/55-openroad-rcx/nom/mt_cpu.nom.spef line 547888, net ANTENNA_decode_stage.rf.tgrp_rf1_Do1\[30\] not found.
[WARNING STA-1650] /home/bala/git_stuff/summer_internship/syn/librelane/runs/full_flow/55-openroad-rcx/nom/mt_cpu.nom.spef line 547913, net ANTENNA_decode_stage.rf.tgrp_rf1_Do1\[30\] not found.
[WARNING STA-1648] /home/bala/git_stuff/summer_internship/syn/librelane/runs/full_flow/55-openroad-rcx/nom/mt_cpu.nom.spef line 547926, instance ANTENNA_decode_stage.rf.tgrp_rf1_Do1\[31\] not found.
[WARNING STA-1650] /home/bala/git_stuff/summer_internship/syn/librelane/runs/full_flow/55-openroad-rcx/nom/mt_cpu.nom.spef line 547932, net ANTENNA_decode_stage.rf.tgrp_rf1_Do1\[31\] not found.
[WARNING STA-1650] /home/bala/git_stuff/summer_internship/syn/librelane/runs/full_flow/55-openroad-rcx/nom/mt_cpu.nom.spef line 547964, net ANTENNA_decode_stage.rf.tgrp_rf1_Do1\[31\] not found.
[WARNING STA-1648] /home/bala/git_stuff/summer_internship/syn/librelane/runs/full_flow/55-openroad-rcx/nom/mt_cpu.nom.spef line 547973, instance ANTENNA_decode_stage.rf.tgrp_rf1_Do1\[3\] not found.
[WARNING STA-1650] /home/bala/git_stuff/summer_internship/syn/librelane/runs/full_flow/55-openroad-rcx/nom/mt_cpu.nom.spef line 547979, net ANTENNA_decode_stage.rf.tgrp_rf1_Do1\[3\] not found.
[WARNING STA-1650] /home/bala/git_stuff/summer_internship/syn/librelane/runs/full_flow/55-openroad-rcx/nom/mt_cpu.nom.spef line 548005, net ANTENNA_decode_stage.rf.tgrp_rf1_Do1\[3\] not found.
[WARNING STA-1648] /home/bala/git_stuff/summer_internship/syn/librelane/runs/full_flow/55-openroad-rcx/nom/mt_cpu.nom.spef line 548009, instance ANTENNA_decode_stage.rf.tgrp_rf1_Do1\[4\] not found.
[WARNING STA-1650] /home/bala/git_stuff/summer_internship/syn/librelane/runs/full_flow/55-openroad-rcx/nom/mt_cpu.nom.spef line 548015, net ANTENNA_decode_stage.rf.tgrp_rf1_Do1\[4\] not found.
[WARNING STA-1650] /home/bala/git_stuff/summer_internship/syn/librelane/runs/full_flow/55-openroad-rcx/nom/mt_cpu.nom.spef line 548046, net ANTENNA_decode_stage.rf.tgrp_rf1_Do1\[4\] not found.
[WARNING STA-1648] /home/bala/git_stuff/summer_internship/syn/librelane/runs/full_flow/55-openroad-rcx/nom/mt_cpu.nom.spef line 548052, instance ANTENNA_decode_stage.rf.tgrp_rf1_Do1\[5\] not found.
[WARNING STA-1650] /home/bala/git_stuff/summer_internship/syn/librelane/runs/full_flow/55-openroad-rcx/nom/mt_cpu.nom.spef line 548058, net ANTENNA_decode_stage.rf.tgrp_rf1_Do1\[5\] not found.
[WARNING STA-1650] /home/bala/git_stuff/summer_internship/syn/librelane/runs/full_flow/55-openroad-rcx/nom/mt_cpu.nom.spef line 548065, net ANTENNA_decode_stage.rf.tgrp_rf1_Do1\[7\] not found.
[WARNING STA-1650] /home/bala/git_stuff/summer_internship/syn/librelane/runs/full_flow/55-openroad-rcx/nom/mt_cpu.nom.spef line 548085, net ANTENNA_decode_stage.rf.tgrp_rf1_Do1\[5\] not found.
[WARNING STA-1648] /home/bala/git_stuff/summer_internship/syn/librelane/runs/full_flow/55-openroad-rcx/nom/mt_cpu.nom.spef line 548096, instance ANTENNA_decode_stage.rf.tgrp_rf1_Do1\[6\] not found.
[WARNING STA-1650] /home/bala/git_stuff/summer_internship/syn/librelane/runs/full_flow/55-openroad-rcx/nom/mt_cpu.nom.spef line 548102, net ANTENNA_decode_stage.rf.tgrp_rf1_Do1\[6\] not found.
[WARNING STA-1650] /home/bala/git_stuff/summer_internship/syn/librelane/runs/full_flow/55-openroad-rcx/nom/mt_cpu.nom.spef line 548140, net ANTENNA_decode_stage.rf.tgrp_rf1_Do1\[6\] not found.
[WARNING STA-1648] /home/bala/git_stuff/summer_internship/syn/librelane/runs/full_flow/55-openroad-rcx/nom/mt_cpu.nom.spef line 548152, instance ANTENNA_decode_stage.rf.tgrp_rf1_Do1\[7\] not found.
[WARNING STA-1650] /home/bala/git_stuff/summer_internship/syn/librelane/runs/full_flow/55-openroad-rcx/nom/mt_cpu.nom.spef line 548158, net ANTENNA_decode_stage.rf.tgrp_rf1_Do1\[7\] not found.
[WARNING STA-1650] /home/bala/git_stuff/summer_internship/syn/librelane/runs/full_flow/55-openroad-rcx/nom/mt_cpu.nom.spef line 548174, net ANTENNA_decode_stage.rf.tgrp_rf1_Do1\[7\] not found.
[WARNING STA-1650] /home/bala/git_stuff/summer_internship/syn/librelane/runs/full_flow/55-openroad-rcx/nom/mt_cpu.nom.spef line 548177, net ANTENNA_decode_stage.rf.tgrp_rf1_Do1\[7\] not found.
[WARNING STA-1648] /home/bala/git_stuff/summer_internship/syn/librelane/runs/full_flow/55-openroad-rcx/nom/mt_cpu.nom.spef line 548207, instance ANTENNA_decode_stage.rf.tgrp_rf1_Do1\[9\] not found.
[WARNING STA-1650] /home/bala/git_stuff/summer_internship/syn/librelane/runs/full_flow/55-openroad-rcx/nom/mt_cpu.nom.spef line 548213, net ANTENNA_decode_stage.rf.tgrp_rf1_Do1\[9\] not found.
[WARNING STA-1650] /home/bala/git_stuff/summer_internship/syn/librelane/runs/full_flow/55-openroad-rcx/nom/mt_cpu.nom.spef line 548241, net ANTENNA_decode_stage.rf.tgrp_rf1_Do1\[20\] not found.
[WARNING STA-1650] /home/bala/git_stuff/summer_internship/syn/librelane/runs/full_flow/55-openroad-rcx/nom/mt_cpu.nom.spef line 548265, net ANTENNA_decode_stage.rf.tgrp_rf1_Do1\[9\] not found.
[WARNING STA-1648] /home/bala/git_stuff/summer_internship/syn/librelane/runs/full_flow/55-openroad-rcx/nom/mt_cpu.nom.spef line 548269, instance ANTENNA_decode_stage.rf.tgrp_rf2_A0\[0\] not found.
[WARNING STA-1650] /home/bala/git_stuff/summer_internship/syn/librelane/runs/full_flow/55-openroad-rcx/nom/mt_cpu.nom.spef line 548275, net ANTENNA_decode_stage.rf.tgrp_rf2_A0\[0\] not found.
[WARNING STA-1650] /home/bala/git_stuff/summer_internship/syn/librelane/runs/full_flow/55-openroad-rcx/nom/mt_cpu.nom.spef line 548282, net ANTENNA_decode_stage.rf.tgrp_rf2_A0\[0\] not found.
[WARNING STA-1650] /home/bala/git_stuff/summer_internship/syn/librelane/runs/full_flow/55-openroad-rcx/nom/mt_cpu.nom.spef line 548301, net ANTENNA_decode_stage.rf.tgrp_rf2_A0\[0\] not found.
[WARNING STA-1650] /home/bala/git_stuff/summer_internship/syn/librelane/runs/full_flow/55-openroad-rcx/nom/mt_cpu.nom.spef line 548313, net ANTENNA_decode_stage.rf.tgrp_rf2_A0\[0\] not found.
[WARNING STA-1648] /home/bala/git_stuff/summer_internship/syn/librelane/runs/full_flow/55-openroad-rcx/nom/mt_cpu.nom.spef line 548317, instance ANTENNA_decode_stage.rf.tgrp_rf2_A0\[1\] not found.
[WARNING STA-1650] /home/bala/git_stuff/summer_internship/syn/librelane/runs/full_flow/55-openroad-rcx/nom/mt_cpu.nom.spef line 548323, net ANTENNA_decode_stage.rf.tgrp_rf2_A0\[1\] not found.
[WARNING STA-1650] /home/bala/git_stuff/summer_internship/syn/librelane/runs/full_flow/55-openroad-rcx/nom/mt_cpu.nom.spef line 548331, net ANTENNA_decode_stage.rf.tgrp_rf2_A0\[1\] not found.
[WARNING STA-1650] /home/bala/git_stuff/summer_internship/syn/librelane/runs/full_flow/55-openroad-rcx/nom/mt_cpu.nom.spef line 548342, net ANTENNA_decode_stage.rf.tgrp_rf2_A0\[1\] not found.
[WARNING STA-1650] /home/bala/git_stuff/summer_internship/syn/librelane/runs/full_flow/55-openroad-rcx/nom/mt_cpu.nom.spef line 548361, net ANTENNA_decode_stage.rf.tgrp_rf2_A0\[1\] not found.
[WARNING STA-1648] /home/bala/git_stuff/summer_internship/syn/librelane/runs/full_flow/55-openroad-rcx/nom/mt_cpu.nom.spef line 548365, instance ANTENNA_decode_stage.rf.tgrp_rf2_A0\[2\] not found.
[WARNING STA-1650] /home/bala/git_stuff/summer_internship/syn/librelane/runs/full_flow/55-openroad-rcx/nom/mt_cpu.nom.spef line 548371, net ANTENNA_decode_stage.rf.tgrp_rf2_A0\[2\] not found.
[WARNING STA-1650] /home/bala/git_stuff/summer_internship/syn/librelane/runs/full_flow/55-openroad-rcx/nom/mt_cpu.nom.spef line 548388, net ANTENNA_decode_stage.rf.tgrp_rf2_A0\[2\] not found.
[WARNING STA-1650] /home/bala/git_stuff/summer_internship/syn/librelane/runs/full_flow/55-openroad-rcx/nom/mt_cpu.nom.spef line 548393, net ANTENNA_decode_stage.rf.tgrp_rf2_A0\[2\] not found.
[WARNING STA-1650] /home/bala/git_stuff/summer_internship/syn/librelane/runs/full_flow/55-openroad-rcx/nom/mt_cpu.nom.spef line 548412, net ANTENNA_decode_stage.rf.tgrp_rf2_A0\[2\] not found.
[WARNING STA-1648] /home/bala/git_stuff/summer_internship/syn/librelane/runs/full_flow/55-openroad-rcx/nom/mt_cpu.nom.spef line 548416, instance ANTENNA_decode_stage.rf.tgrp_rf2_A0\[3\] not found.
[WARNING STA-1650] /home/bala/git_stuff/summer_internship/syn/librelane/runs/full_flow/55-openroad-rcx/nom/mt_cpu.nom.spef line 548422, net ANTENNA_decode_stage.rf.tgrp_rf2_A0\[3\] not found.
[WARNING STA-1650] /home/bala/git_stuff/summer_internship/syn/librelane/runs/full_flow/55-openroad-rcx/nom/mt_cpu.nom.spef line 548437, net ANTENNA_decode_stage.rf.tgrp_rf2_A0\[3\] not found.
[WARNING STA-1650] /home/bala/git_stuff/summer_internship/syn/librelane/runs/full_flow/55-openroad-rcx/nom/mt_cpu.nom.spef line 548443, net ANTENNA_decode_stage.rf.tgrp_rf2_A0\[3\] not found.
[WARNING STA-1650] /home/bala/git_stuff/summer_internship/syn/librelane/runs/full_flow/55-openroad-rcx/nom/mt_cpu.nom.spef line 548456, net ANTENNA_decode_stage.rf.tgrp_rf2_A0\[3\] not found.
[WARNING STA-1648] /home/bala/git_stuff/summer_internship/syn/librelane/runs/full_flow/55-openroad-rcx/nom/mt_cpu.nom.spef line 548461, instance ANTENNA_decode_stage.rf.tgrp_rf2_A0\[4\] not found.
[WARNING STA-1650] /home/bala/git_stuff/summer_internship/syn/librelane/runs/full_flow/55-openroad-rcx/nom/mt_cpu.nom.spef line 548467, net ANTENNA_decode_stage.rf.tgrp_rf2_A0\[4\] not found.
[WARNING STA-1650] /home/bala/git_stuff/summer_internship/syn/librelane/runs/full_flow/55-openroad-rcx/nom/mt_cpu.nom.spef line 548482, net ANTENNA_decode_stage.rf.tgrp_rf2_A0\[4\] not found.
[WARNING STA-1648] /home/bala/git_stuff/summer_internship/syn/librelane/runs/full_flow/55-openroad-rcx/nom/mt_cpu.nom.spef line 548487, instance ANTENNA_decode_stage.rf.tgrp_rf2_A0\[5\] not found.
[WARNING STA-1650] /home/bala/git_stuff/summer_internship/syn/librelane/runs/full_flow/55-openroad-rcx/nom/mt_cpu.nom.spef line 548493, net ANTENNA_decode_stage.rf.tgrp_rf2_A0\[5\] not found.
[WARNING STA-1650] /home/bala/git_stuff/summer_internship/syn/librelane/runs/full_flow/55-openroad-rcx/nom/mt_cpu.nom.spef line 548524, net ANTENNA_decode_stage.rf.tgrp_rf2_A0\[5\] not found.
[WARNING STA-1648] /home/bala/git_stuff/summer_internship/syn/librelane/runs/full_flow/55-openroad-rcx/nom/mt_cpu.nom.spef line 548609, instance ANTENNA_decode_stage.rf.tgrp_rf2_A1\[5\] not found.
[WARNING STA-1650] /home/bala/git_stuff/summer_internship/syn/librelane/runs/full_flow/55-openroad-rcx/nom/mt_cpu.nom.spef line 548617, net ANTENNA_decode_stage.rf.tgrp_rf2_A1\[5\] not found.
[WARNING STA-1650] /home/bala/git_stuff/summer_internship/syn/librelane/runs/full_flow/55-openroad-rcx/nom/mt_cpu.nom.spef line 548654, net ANTENNA_decode_stage.rf.tgrp_rf2_A1\[5\] not found.
[WARNING STA-1650] /home/bala/git_stuff/summer_internship/syn/librelane/runs/full_flow/55-openroad-rcx/nom/mt_cpu.nom.spef line 548663, net ANTENNA_decode_stage.rf.tgrp_rf2_A1\[5\] not found.
[WARNING STA-1650] /home/bala/git_stuff/summer_internship/syn/librelane/runs/full_flow/55-openroad-rcx/nom/mt_cpu.nom.spef line 548680, net ANTENNA_decode_stage.rf.tgrp_rf2_A1\[5\] not found.
[WARNING STA-1648] /home/bala/git_stuff/summer_internship/syn/librelane/runs/full_flow/55-openroad-rcx/nom/mt_cpu.nom.spef line 548689, instance ANTENNA_decode_stage.rf.tgrp_rf2_A1\[6\] not found.
[WARNING STA-1650] /home/bala/git_stuff/summer_internship/syn/librelane/runs/full_flow/55-openroad-rcx/nom/mt_cpu.nom.spef line 548695, net ANTENNA_decode_stage.rf.tgrp_rf2_A1\[6\] not found.
[WARNING STA-1650] /home/bala/git_stuff/summer_internship/syn/librelane/runs/full_flow/55-openroad-rcx/nom/mt_cpu.nom.spef line 548733, net ANTENNA_decode_stage.rf.tgrp_rf1_A0\[5\] not found.
[WARNING STA-1650] /home/bala/git_stuff/summer_internship/syn/librelane/runs/full_flow/55-openroad-rcx/nom/mt_cpu.nom.spef line 548822, net ANTENNA_decode_stage.rf.tgrp_rf2_A1\[6\] not found.
[WARNING STA-1648] /home/bala/git_stuff/summer_internship/syn/librelane/runs/full_flow/55-openroad-rcx/nom/mt_cpu.nom.spef line 549425, instance ANTENNA_decode_stage.rf.tgrp_rf2_Do0\[0\] not found.
[WARNING STA-1650] /home/bala/git_stuff/summer_internship/syn/librelane/runs/full_flow/55-openroad-rcx/nom/mt_cpu.nom.spef line 549431, net ANTENNA_decode_stage.rf.tgrp_rf2_Do0\[0\] not found.
[WARNING STA-1650] /home/bala/git_stuff/summer_internship/syn/librelane/runs/full_flow/55-openroad-rcx/nom/mt_cpu.nom.spef line 549458, net ANTENNA_decode_stage.rf.tgrp_rf2_Do0\[0\] not found.
[WARNING STA-1648] /home/bala/git_stuff/summer_internship/syn/librelane/runs/full_flow/55-openroad-rcx/nom/mt_cpu.nom.spef line 549468, instance ANTENNA_decode_stage.rf.tgrp_rf2_Do0\[10\] not found.
[WARNING STA-1650] /home/bala/git_stuff/summer_internship/syn/librelane/runs/full_flow/55-openroad-rcx/nom/mt_cpu.nom.spef line 549474, net ANTENNA_decode_stage.rf.tgrp_rf2_Do0\[10\] not found.
[WARNING STA-1650] /home/bala/git_stuff/summer_internship/syn/librelane/runs/full_flow/55-openroad-rcx/nom/mt_cpu.nom.spef line 549493, net ANTENNA_decode_stage.rf.tgrp_rf2_Do0\[10\] not found.
[WARNING STA-1648] /home/bala/git_stuff/summer_internship/syn/librelane/runs/full_flow/55-openroad-rcx/nom/mt_cpu.nom.spef line 549544, instance ANTENNA_decode_stage.rf.tgrp_rf2_Do0\[13\] not found.
[WARNING STA-1650] /home/bala/git_stuff/summer_internship/syn/librelane/runs/full_flow/55-openroad-rcx/nom/mt_cpu.nom.spef line 549550, net ANTENNA_decode_stage.rf.tgrp_rf2_Do0\[13\] not found.
[WARNING STA-1650] /home/bala/git_stuff/summer_internship/syn/librelane/runs/full_flow/55-openroad-rcx/nom/mt_cpu.nom.spef line 549582, net ANTENNA_decode_stage.rf.tgrp_rf2_Do0\[13\] not found.
[WARNING STA-1648] /home/bala/git_stuff/summer_internship/syn/librelane/runs/full_flow/55-openroad-rcx/nom/mt_cpu.nom.spef line 549594, instance ANTENNA_decode_stage.rf.tgrp_rf2_Do0\[14\] not found.
[WARNING STA-1650] /home/bala/git_stuff/summer_internship/syn/librelane/runs/full_flow/55-openroad-rcx/nom/mt_cpu.nom.spef line 549600, net ANTENNA_decode_stage.rf.tgrp_rf2_Do0\[14\] not found.
[WARNING STA-1650] /home/bala/git_stuff/summer_internship/syn/librelane/runs/full_flow/55-openroad-rcx/nom/mt_cpu.nom.spef line 549626, net ANTENNA_decode_stage.rf.tgrp_rf2_Do0\[14\] not found.
[WARNING STA-1648] /home/bala/git_stuff/summer_internship/syn/librelane/runs/full_flow/55-openroad-rcx/nom/mt_cpu.nom.spef line 549636, instance ANTENNA_decode_stage.rf.tgrp_rf2_Do0\[15\] not found.
[WARNING STA-1650] /home/bala/git_stuff/summer_internship/syn/librelane/runs/full_flow/55-openroad-rcx/nom/mt_cpu.nom.spef line 549642, net ANTENNA_decode_stage.rf.tgrp_rf2_Do0\[15\] not found.
[WARNING STA-1650] /home/bala/git_stuff/summer_internship/syn/librelane/runs/full_flow/55-openroad-rcx/nom/mt_cpu.nom.spef line 549677, net ANTENNA_decode_stage.rf.tgrp_rf2_Do0\[15\] not found.
[WARNING STA-1650] /home/bala/git_stuff/summer_internship/syn/librelane/runs/full_flow/55-openroad-rcx/nom/mt_cpu.nom.spef line 549704, net ANTENNA_decode_stage.rf.tgrp_rf2_Do0\[15\] not found.
[WARNING STA-1648] /home/bala/git_stuff/summer_internship/syn/librelane/runs/full_flow/55-openroad-rcx/nom/mt_cpu.nom.spef line 549731, instance ANTENNA_decode_stage.rf.tgrp_rf2_Do0\[17\] not found.
[WARNING STA-1650] /home/bala/git_stuff/summer_internship/syn/librelane/runs/full_flow/55-openroad-rcx/nom/mt_cpu.nom.spef line 549737, net ANTENNA_decode_stage.rf.tgrp_rf2_Do0\[17\] not found.
[WARNING STA-1650] /home/bala/git_stuff/summer_internship/syn/librelane/runs/full_flow/55-openroad-rcx/nom/mt_cpu.nom.spef line 549762, net ANTENNA_decode_stage.rf.tgrp_rf2_Do0\[17\] not found.
[WARNING STA-1648] /home/bala/git_stuff/summer_internship/syn/librelane/runs/full_flow/55-openroad-rcx/nom/mt_cpu.nom.spef line 549792, instance ANTENNA_decode_stage.rf.tgrp_rf2_Do0\[19\] not found.
[WARNING STA-1650] /home/bala/git_stuff/summer_internship/syn/librelane/runs/full_flow/55-openroad-rcx/nom/mt_cpu.nom.spef line 549798, net ANTENNA_decode_stage.rf.tgrp_rf2_Do0\[19\] not found.
[WARNING STA-1650] /home/bala/git_stuff/summer_internship/syn/librelane/runs/full_flow/55-openroad-rcx/nom/mt_cpu.nom.spef line 549819, net ANTENNA_decode_stage.rf.tgrp_rf2_Do0\[19\] not found.
[WARNING STA-1648] /home/bala/git_stuff/summer_internship/syn/librelane/runs/full_flow/55-openroad-rcx/nom/mt_cpu.nom.spef line 549829, instance ANTENNA_decode_stage.rf.tgrp_rf2_Do0\[1\] not found.
[WARNING STA-1650] /home/bala/git_stuff/summer_internship/syn/librelane/runs/full_flow/55-openroad-rcx/nom/mt_cpu.nom.spef line 549835, net ANTENNA_decode_stage.rf.tgrp_rf2_Do0\[1\] not found.
[WARNING STA-1650] /home/bala/git_stuff/summer_internship/syn/librelane/runs/full_flow/55-openroad-rcx/nom/mt_cpu.nom.spef line 549860, net ANTENNA_decode_stage.rf.tgrp_rf2_Do0\[1\] not found.
[WARNING STA-1648] /home/bala/git_stuff/summer_internship/syn/librelane/runs/full_flow/55-openroad-rcx/nom/mt_cpu.nom.spef line 549873, instance ANTENNA_decode_stage.rf.tgrp_rf2_Do0\[20\] not found.
[WARNING STA-1650] /home/bala/git_stuff/summer_internship/syn/librelane/runs/full_flow/55-openroad-rcx/nom/mt_cpu.nom.spef line 549879, net ANTENNA_decode_stage.rf.tgrp_rf2_Do0\[20\] not found.
[WARNING STA-1650] /home/bala/git_stuff/summer_internship/syn/librelane/runs/full_flow/55-openroad-rcx/nom/mt_cpu.nom.spef line 549919, net ANTENNA_decode_stage.rf.tgrp_rf2_Do0\[20\] not found.
[WARNING STA-1648] /home/bala/git_stuff/summer_internship/syn/librelane/runs/full_flow/55-openroad-rcx/nom/mt_cpu.nom.spef line 550202, instance ANTENNA_decode_stage.rf.tgrp_rf2_Do0\[4\] not found.
[WARNING STA-1650] /home/bala/git_stuff/summer_internship/syn/librelane/runs/full_flow/55-openroad-rcx/nom/mt_cpu.nom.spef line 550208, net ANTENNA_decode_stage.rf.tgrp_rf2_Do0\[4\] not found.
[WARNING STA-1650] /home/bala/git_stuff/summer_internship/syn/librelane/runs/full_flow/55-openroad-rcx/nom/mt_cpu.nom.spef line 550245, net ANTENNA_decode_stage.rf.tgrp_rf2_Do0\[4\] not found.
[WARNING STA-1648] /home/bala/git_stuff/summer_internship/syn/librelane/runs/full_flow/55-openroad-rcx/nom/mt_cpu.nom.spef line 550251, instance ANTENNA_decode_stage.rf.tgrp_rf2_Do0\[5\] not found.
[WARNING STA-1650] /home/bala/git_stuff/summer_internship/syn/librelane/runs/full_flow/55-openroad-rcx/nom/mt_cpu.nom.spef line 550257, net ANTENNA_decode_stage.rf.tgrp_rf2_Do0\[5\] not found.
[WARNING STA-1650] /home/bala/git_stuff/summer_internship/syn/librelane/runs/full_flow/55-openroad-rcx/nom/mt_cpu.nom.spef line 550293, net ANTENNA_decode_stage.rf.tgrp_rf2_Do0\[5\] not found.
[WARNING STA-1648] /home/bala/git_stuff/summer_internship/syn/librelane/runs/full_flow/55-openroad-rcx/nom/mt_cpu.nom.spef line 550304, instance ANTENNA_decode_stage.rf.tgrp_rf2_Do0\[6\] not found.
[WARNING STA-1650] /home/bala/git_stuff/summer_internship/syn/librelane/runs/full_flow/55-openroad-rcx/nom/mt_cpu.nom.spef line 550310, net ANTENNA_decode_stage.rf.tgrp_rf2_Do0\[6\] not found.
[WARNING STA-1650] /home/bala/git_stuff/summer_internship/syn/librelane/runs/full_flow/55-openroad-rcx/nom/mt_cpu.nom.spef line 550339, net ANTENNA_decode_stage.rf.tgrp_rf2_Do0\[6\] not found.
[WARNING STA-1648] /home/bala/git_stuff/summer_internship/syn/librelane/runs/full_flow/55-openroad-rcx/nom/mt_cpu.nom.spef line 550350, instance ANTENNA_decode_stage.rf.tgrp_rf2_Do0\[7\] not found.
[WARNING STA-1650] /home/bala/git_stuff/summer_internship/syn/librelane/runs/full_flow/55-openroad-rcx/nom/mt_cpu.nom.spef line 550356, net ANTENNA_decode_stage.rf.tgrp_rf2_Do0\[7\] not found.
[WARNING STA-1650] /home/bala/git_stuff/summer_internship/syn/librelane/runs/full_flow/55-openroad-rcx/nom/mt_cpu.nom.spef line 550401, net ANTENNA_decode_stage.rf.tgrp_rf2_Do0\[7\] not found.
[WARNING STA-1648] /home/bala/git_stuff/summer_internship/syn/librelane/runs/full_flow/55-openroad-rcx/nom/mt_cpu.nom.spef line 550407, instance ANTENNA_decode_stage.rf.tgrp_rf2_Do0\[8\] not found.
[WARNING STA-1650] /home/bala/git_stuff/summer_internship/syn/librelane/runs/full_flow/55-openroad-rcx/nom/mt_cpu.nom.spef line 550413, net ANTENNA_decode_stage.rf.tgrp_rf2_Do0\[8\] not found.
[WARNING STA-1650] /home/bala/git_stuff/summer_internship/syn/librelane/runs/full_flow/55-openroad-rcx/nom/mt_cpu.nom.spef line 550445, net ANTENNA_decode_stage.rf.tgrp_rf2_Do0\[8\] not found.
[WARNING STA-1648] /home/bala/git_stuff/summer_internship/syn/librelane/runs/full_flow/55-openroad-rcx/nom/mt_cpu.nom.spef line 550455, instance ANTENNA_decode_stage.rf.tgrp_rf2_Do0\[9\] not found.
[WARNING STA-1650] /home/bala/git_stuff/summer_internship/syn/librelane/runs/full_flow/55-openroad-rcx/nom/mt_cpu.nom.spef line 550461, net ANTENNA_decode_stage.rf.tgrp_rf2_Do0\[9\] not found.
[WARNING STA-1650] /home/bala/git_stuff/summer_internship/syn/librelane/runs/full_flow/55-openroad-rcx/nom/mt_cpu.nom.spef line 550500, net ANTENNA_decode_stage.rf.tgrp_rf2_Do0\[9\] not found.
[WARNING STA-1648] /home/bala/git_stuff/summer_internship/syn/librelane/runs/full_flow/55-openroad-rcx/nom/mt_cpu.nom.spef line 550964, instance ANTENNA_decode_stage.rf.tgrp_rf2_Do1\[3\] not found.
[WARNING STA-1650] /home/bala/git_stuff/summer_internship/syn/librelane/runs/full_flow/55-openroad-rcx/nom/mt_cpu.nom.spef line 550970, net ANTENNA_decode_stage.rf.tgrp_rf2_Do1\[3\] not found.
[WARNING STA-1650] /home/bala/git_stuff/summer_internship/syn/librelane/runs/full_flow/55-openroad-rcx/nom/mt_cpu.nom.spef line 551019, net ANTENNA_decode_stage.rf.tgrp_rf2_Do1\[3\] not found.
[WARNING STA-1648] /home/bala/git_stuff/summer_internship/syn/librelane/runs/full_flow/55-openroad-rcx/nom/mt_cpu.nom.spef line 696432, instance ANTENNA_decode_stage.rf.tgrp_rf1_A1\[5\] not found.
[WARNING STA-1650] /home/bala/git_stuff/summer_internship/syn/librelane/runs/full_flow/55-openroad-rcx/nom/mt_cpu.nom.spef line 696438, net ANTENNA_decode_stage.rf.tgrp_rf1_A1\[5\] not found.
[WARNING STA-1650] /home/bala/git_stuff/summer_internship/syn/librelane/runs/full_flow/55-openroad-rcx/nom/mt_cpu.nom.spef line 696457, net ANTENNA_decode_stage.rf.tgrp_rf1_A1\[5\] not found.
[WARNING STA-1648] /home/bala/git_stuff/summer_internship/syn/librelane/runs/full_flow/55-openroad-rcx/nom/mt_cpu.nom.spef line 700474, instance ANTENNA_decode_stage.rf.tgrp_rf1_WE0\[3\] not found.
[WARNING STA-1648] /home/bala/git_stuff/summer_internship/syn/librelane/runs/full_flow/55-openroad-rcx/nom/mt_cpu.nom.spef line 700476, instance ANTENNA_decode_stage.rf.tgrp_rf1_WE0\[2\] not found.
[WARNING STA-1650] /home/bala/git_stuff/summer_internship/syn/librelane/runs/full_flow/55-openroad-rcx/nom/mt_cpu.nom.spef line 700548, net ANTENNA_decode_stage.rf.tgrp_rf1_WE0\[3\] not found.
[WARNING STA-1650] /home/bala/git_stuff/summer_internship/syn/librelane/runs/full_flow/55-openroad-rcx/nom/mt_cpu.nom.spef line 700550, net ANTENNA_decode_stage.rf.tgrp_rf1_WE0\[2\] not found.
[WARNING STA-1650] /home/bala/git_stuff/summer_internship/syn/librelane/runs/full_flow/55-openroad-rcx/nom/mt_cpu.nom.spef line 700734, net ANTENNA_decode_stage.rf.tgrp_rf1_WE0\[3\] not found.
[WARNING STA-1650] /home/bala/git_stuff/summer_internship/syn/librelane/runs/full_flow/55-openroad-rcx/nom/mt_cpu.nom.spef line 700828, net ANTENNA_decode_stage.rf.tgrp_rf1_WE0\[3\] not found.
[WARNING STA-1650] /home/bala/git_stuff/summer_internship/syn/librelane/runs/full_flow/55-openroad-rcx/nom/mt_cpu.nom.spef line 700837, net ANTENNA_decode_stage.rf.tgrp_rf1_WE0\[3\] not found.
[WARNING STA-1650] /home/bala/git_stuff/summer_internship/syn/librelane/runs/full_flow/55-openroad-rcx/nom/mt_cpu.nom.spef line 700848, net ANTENNA_decode_stage.rf.tgrp_rf1_WE0\[3\] not found.
[WARNING STA-1650] /home/bala/git_stuff/summer_internship/syn/librelane/runs/full_flow/55-openroad-rcx/nom/mt_cpu.nom.spef line 700936, net ANTENNA_decode_stage.rf.tgrp_rf1_WE0\[2\] not found.
[WARNING STA-1650] /home/bala/git_stuff/summer_internship/syn/librelane/runs/full_flow/55-openroad-rcx/nom/mt_cpu.nom.spef line 700940, net ANTENNA_decode_stage.rf.tgrp_rf1_WE0\[3\] not found.
[WARNING STA-1648] /home/bala/git_stuff/summer_internship/syn/librelane/runs/full_flow/55-openroad-rcx/nom/mt_cpu.nom.spef line 701081, instance ANTENNA_decode_stage.rf.tgrp_rf1_WE0\[1\] not found.
[WARNING STA-1648] /home/bala/git_stuff/summer_internship/syn/librelane/runs/full_flow/55-openroad-rcx/nom/mt_cpu.nom.spef line 701084, instance ANTENNA_decode_stage.rf.tgrp_rf1_WE0\[0\] not found.
[WARNING STA-1650] /home/bala/git_stuff/summer_internship/syn/librelane/runs/full_flow/55-openroad-rcx/nom/mt_cpu.nom.spef line 701103, net ANTENNA_decode_stage.rf.tgrp_rf1_WE0\[1\] not found.
[WARNING STA-1650] /home/bala/git_stuff/summer_internship/syn/librelane/runs/full_flow/55-openroad-rcx/nom/mt_cpu.nom.spef line 701106, net ANTENNA_decode_stage.rf.tgrp_rf1_WE0\[0\] not found.
[WARNING STA-1650] /home/bala/git_stuff/summer_internship/syn/librelane/runs/full_flow/55-openroad-rcx/nom/mt_cpu.nom.spef line 701317, net ANTENNA_decode_stage.rf.tgrp_rf1_WE0\[0\] not found.
[WARNING STA-1650] /home/bala/git_stuff/summer_internship/syn/librelane/runs/full_flow/55-openroad-rcx/nom/mt_cpu.nom.spef line 701324, net ANTENNA_decode_stage.rf.tgrp_rf1_WE0\[1\] not found.
[WARNING STA-1648] /home/bala/git_stuff/summer_internship/syn/librelane/runs/full_flow/55-openroad-rcx/nom/mt_cpu.nom.spef line 703493, instance ANTENNA_decode_stage.rf.tgrp_rf2_A0\[6\] not found.
[WARNING STA-1650] /home/bala/git_stuff/summer_internship/syn/librelane/runs/full_flow/55-openroad-rcx/nom/mt_cpu.nom.spef line 703499, net ANTENNA_decode_stage.rf.tgrp_rf2_A0\[6\] not found.
[WARNING STA-1650] /home/bala/git_stuff/summer_internship/syn/librelane/runs/full_flow/55-openroad-rcx/nom/mt_cpu.nom.spef line 703513, net ANTENNA_decode_stage.rf.tgrp_rf2_A0\[6\] not found.
[WARNING STA-1650] /home/bala/git_stuff/summer_internship/syn/librelane/runs/full_flow/55-openroad-rcx/nom/mt_cpu.nom.spef line 703518, net ANTENNA_decode_stage.rf.tgrp_rf2_A0\[6\] not found.
[WARNING STA-1650] /home/bala/git_stuff/summer_internship/syn/librelane/runs/full_flow/55-openroad-rcx/nom/mt_cpu.nom.spef line 703541, net ANTENNA_decode_stage.rf.tgrp_rf2_A0\[6\] not found.
[WARNING STA-1648] /home/bala/git_stuff/summer_internship/syn/librelane/runs/full_flow/55-openroad-rcx/nom/mt_cpu.nom.spef line 703547, instance ANTENNA_decode_stage.rf.tgrp_rf1_A0\[6\] not found.
[WARNING STA-1650] /home/bala/git_stuff/summer_internship/syn/librelane/runs/full_flow/55-openroad-rcx/nom/mt_cpu.nom.spef line 703571, net ANTENNA_decode_stage.rf.tgrp_rf1_A0\[6\] not found.
[WARNING STA-1650] /home/bala/git_stuff/summer_internship/syn/librelane/runs/full_flow/55-openroad-rcx/nom/mt_cpu.nom.spef line 703618, net ANTENNA_decode_stage.rf.tgrp_rf1_A0\[6\] not found.
[WARNING STA-1650] /home/bala/git_stuff/summer_internship/syn/librelane/runs/full_flow/55-openroad-rcx/nom/mt_cpu.nom.spef line 703777, net ANTENNA_decode_stage.rf.tgrp_rf1_A0\[6\] not found.
[WARNING STA-1650] /home/bala/git_stuff/summer_internship/syn/librelane/runs/full_flow/55-openroad-rcx/nom/mt_cpu.nom.spef line 703833, net ANTENNA_decode_stage.rf.tgrp_rf1_A0\[6\] not found.
[WARNING STA-1648] /home/bala/git_stuff/summer_internship/syn/librelane/runs/full_flow/55-openroad-rcx/nom/mt_cpu.nom.spef line 711570, instance ANTENNA_decode_stage.rf.tgrp_rf2_WE0\[3\] not found.
[WARNING STA-1648] /home/bala/git_stuff/summer_internship/syn/librelane/runs/full_flow/55-openroad-rcx/nom/mt_cpu.nom.spef line 711573, instance ANTENNA_decode_stage.rf.tgrp_rf2_WE0\[2\] not found.
[WARNING STA-1648] /home/bala/git_stuff/summer_internship/syn/librelane/runs/full_flow/55-openroad-rcx/nom/mt_cpu.nom.spef line 711574, instance ANTENNA_decode_stage.rf.tgrp_rf2_WE0\[1\] not found.
[WARNING STA-1648] /home/bala/git_stuff/summer_internship/syn/librelane/runs/full_flow/55-openroad-rcx/nom/mt_cpu.nom.spef line 711576, instance ANTENNA_decode_stage.rf.tgrp_rf2_WE0\[0\] not found.
[WARNING STA-1650] /home/bala/git_stuff/summer_internship/syn/librelane/runs/full_flow/55-openroad-rcx/nom/mt_cpu.nom.spef line 711664, net ANTENNA_decode_stage.rf.tgrp_rf2_WE0\[3\] not found.
[WARNING STA-1650] /home/bala/git_stuff/summer_internship/syn/librelane/runs/full_flow/55-openroad-rcx/nom/mt_cpu.nom.spef line 711667, net ANTENNA_decode_stage.rf.tgrp_rf2_WE0\[2\] not found.
[WARNING STA-1650] /home/bala/git_stuff/summer_internship/syn/librelane/runs/full_flow/55-openroad-rcx/nom/mt_cpu.nom.spef line 711668, net ANTENNA_decode_stage.rf.tgrp_rf2_WE0\[1\] not found.
[WARNING STA-1650] /home/bala/git_stuff/summer_internship/syn/librelane/runs/full_flow/55-openroad-rcx/nom/mt_cpu.nom.spef line 711670, net ANTENNA_decode_stage.rf.tgrp_rf2_WE0\[0\] not found.
[WARNING STA-1650] /home/bala/git_stuff/summer_internship/syn/librelane/runs/full_flow/55-openroad-rcx/nom/mt_cpu.nom.spef line 712195, net ANTENNA_decode_stage.rf.tgrp_rf2_WE0\[0\] not found.
[WARNING STA-1650] /home/bala/git_stuff/summer_internship/syn/librelane/runs/full_flow/55-openroad-rcx/nom/mt_cpu.nom.spef line 712197, net ANTENNA_decode_stage.rf.tgrp_rf2_WE0\[1\] not found.
[WARNING STA-1650] /home/bala/git_stuff/summer_internship/syn/librelane/runs/full_flow/55-openroad-rcx/nom/mt_cpu.nom.spef line 712198, net ANTENNA_decode_stage.rf.tgrp_rf2_WE0\[2\] not found.
[WARNING STA-1650] /home/bala/git_stuff/summer_internship/syn/librelane/runs/full_flow/55-openroad-rcx/nom/mt_cpu.nom.spef line 712201, net ANTENNA_decode_stage.rf.tgrp_rf2_WE0\[3\] not found.
[WARNING STA-1650] /home/bala/git_stuff/summer_internship/syn/librelane/runs/full_flow/55-openroad-rcx/nom/mt_cpu.nom.spef line 712824, net ANTENNA_decode_stage.rf.tgrp_rf1_A0\[6\] not found.
[WARNING STA-1650] /home/bala/git_stuff/summer_internship/syn/librelane/runs/full_flow/55-openroad-rcx/nom/mt_cpu.nom.spef line 714194, net ANTENNA_decode_stage.rf.tgrp_rf2_A0\[0\] not found.
[WARNING STA-1650] /home/bala/git_stuff/summer_internship/syn/librelane/runs/full_flow/55-openroad-rcx/nom/mt_cpu.nom.spef line 714195, net ANTENNA_decode_stage.rf.tgrp_rf2_A0\[1\] not found.
[WARNING STA-1650] /home/bala/git_stuff/summer_internship/syn/librelane/runs/full_flow/55-openroad-rcx/nom/mt_cpu.nom.spef line 716657, net ANTENNA_decode_stage.rf.tgrp_rf1_A0\[1\] not found.
[WARNING STA-1650] /home/bala/git_stuff/summer_internship/syn/librelane/runs/full_flow/55-openroad-rcx/nom/mt_cpu.nom.spef line 716658, net ANTENNA_decode_stage.rf.tgrp_rf1_A0\[4\] not found.
[WARNING STA-1650] /home/bala/git_stuff/summer_internship/syn/librelane/runs/full_flow/55-openroad-rcx/nom/mt_cpu.nom.spef line 716836, net ANTENNA_decode_stage.rf.tgrp_rf1_A0\[2\] not found.
[WARNING STA-1648] /home/bala/git_stuff/summer_internship/syn/librelane/runs/full_flow/55-openroad-rcx/nom/mt_cpu.nom.spef line 730838, instance ANTENNA_decode_stage.rf.tgrp_rf1_A1\[6\] not found.
[WARNING STA-1650] /home/bala/git_stuff/summer_internship/syn/librelane/runs/full_flow/55-openroad-rcx/nom/mt_cpu.nom.spef line 730844, net ANTENNA_decode_stage.rf.tgrp_rf1_A1\[6\] not found.
[WARNING STA-1650] /home/bala/git_stuff/summer_internship/syn/librelane/runs/full_flow/55-openroad-rcx/nom/mt_cpu.nom.spef line 730862, net ANTENNA_decode_stage.rf.tgrp_rf1_A1\[6\] not found.
[INFO] Using voltage extracted from lib (1.8000000000V) for power nets and 0V for ground nets…
%OL_CREATE_REPORT irdrop.rpt
[INFO PSM-0040] All shapes on net VPWR are connected.
########## IR report #################
Net              : VPWR
Corner           : nom_tt_025C_1v80
Supply voltage   : 1.80e+00 V
Worstcase voltage: 1.80e+00 V
Average voltage  : 1.80e+00 V
Average IR drop  : 2.71e-05 V
Worstcase IR drop: 3.22e-04 V
Percentage drop  : 0.02 %
######################################
[INFO PSM-0040] All shapes on net VGND are connected.
########## IR report #################
Net              : VGND
Corner           : nom_tt_025C_1v80
Supply voltage   : 0.00e+00 V
Worstcase voltage: 3.23e-04 V
Average voltage  : 2.82e-05 V
Average IR drop  : 2.82e-05 V
Worstcase IR drop: 3.23e-04 V
Percentage drop  : 0.02 %
######################################
%OL_END_REPORT
