net,length_um
clk,2.20191mm
clknet_4_3_0_clk_regs,1.60516mm
de.rd1_e\[23\],1.590155mm
net241,1.56875mm
de.rd2_e\[14\],1.56398mm
de.rd2_e\[5\],1.52246mm
de.rd1_e\[30\],1.51838mm
de.rd2_e\[24\],1.50018mm
de.rd1_e\[15\],1.49226mm
de.rd1_e\[5\],1.48028mm
de.rd1_e\[18\],1.47324mm
de.rd1_e\[1\],1.469715mm
de.rd2_e\[22\],1.45866mm
_07461_,1.447825mm
de.rd1_e\[25\],1.4459mm
de.rd1_e\[26\],1.419775mm
de.rd2_e\[29\],1.414755mm
de.rd1_e\[28\],1.413175mm
de.rd1_e\[29\],1.40725mm
_01348_,1.406855mm
de.rd1_e\[6\],1.39596mm
de.rd1_e\[24\],1.39388mm
de.rd2_e\[23\],1.38622mm
_01352_,1.38416mm
_01354_,1.354925mm
de.rd2_e\[26\],1.35489mm
decode_stage.imex.instr\[19\],1.33724mm
de.rd2_e\[19\],1.33348mm
clknet_4_6_0_clk_regs,1.33316mm
_01394_,1.30104mm
_01349_,1.29132mm
de.rd2_e\[27\],1.27687mm
decode_stage.rd_w\[4\],1.27455mm
_01395_,1.24156mm
decode_stage.rf.rf1_index2\[2\],1.20975mm
_01361_,1.184825mm
_04814_,1.13002mm
_04998_,1.117325mm
_04975_,1.10181mm
_04981_,1.089075mm
_04980_,1.08263mm
_04977_,1.07846mm
_04476_,1.07823mm
_05002_,1.07185mm
_04966_,1.06334mm
_04982_,1.062585mm
_04404_,1.060615mm
_04979_,1.059035mm
net257,1.054505mm
_04971_,1.0522mm
_04983_,1.046225mm
_04943_,1.04096mm
_04618_,1.03914mm
decode_stage.rf.rf1_index2\[3\],1.03547mm
_04984_,1.032195mm
_05006_,1.03008mm
_04969_,1.02911mm
_04978_,1.024895mm
_04945_,1.02271mm
_05008_,1.013495mm
_05003_,1.012515mm
_04953_,1.009015mm
_04947_,1.004945mm
_07347_,1.000995mm
de.rd2_e\[31\],999.255µm
_04970_,998.82µm
net227,997.21µm
net239,996.75µm
_05005_,996.25µm
_07208_,996.01µm
_04549_,993.235µm
net113,989.82µm
_04972_,986.515µm
_04957_,979.44µm
_07278_,978.325µm
_05007_,971.575µm
_04964_,970.055µm
de.rd1_e\[7\],963.57µm
net231,962.435µm
_05001_,949.965µm
_04967_,948.29µm
net258,946.175µm
_05004_,946.03µm
net102,945.475µm
_04955_,941.825µm
net116,941.66µm
_04973_,940.75µm
_04949_,940.09µm
_04968_,936.83µm
de.rd1_e\[3\],928.07µm
de.rd1_e\[19\],927.62µm
_05516_,923.225µm
de.rd2_e\[17\],921.72µm
_04951_,916.095µm
_04935_,912.545µm
de.rd2_e\[21\],909.56µm
clknet_0_clk,906.51µm
_07276_,906.46µm
net105,904.75µm
net108,904.16µm
de.rd1_e\[4\],898.135µm
net117,895.63µm
net237,894.785µm
net103,893.355µm
de.rd2_e\[12\],892.655µm
_05520_,891.93µm
net166,888.33µm
net167,887.53µm
_05525_,885.875µm
decode_stage.rf.rf1_index2\[4\],884.61µm
decode_stage.rf.rf1_index1\[4\],880.47µm
net221,880.29µm
net106,879.85µm
net171,879.09µm
net170,878.305µm
de.rd1_e\[9\],875.68µm
net222,870.56µm
net238,866.755µm
decode_stage.rf.rf1_index2\[1\],862.19µm
net168,859.2µm
de.rd1_e\[11\],858.925µm
de.rd1_e\[16\],856.81µm
_05535_,854.895µm
_05019_,853.6µm
_04546_,852.69µm
net104,851.615µm
_05523_,851.405µm
_05015_,849.045µm
_07345_,848.48µm
de.rd2_e\[15\],848.18µm
net232,846.685µm
net111,845.77µm
_04471_,842.99µm
_04613_,829.2µm
net109,829.17µm
_04401_,828.05µm
net233,826.035µm
net107,824.23µm
net194,820.995µm
_05538_,820.84µm
net81,819µm
_04541_,811.52µm
de.rd1_e\[8\],810.18µm
net119,808.32µm
_05237_,805.225µm
_07206_,803.575µm
_04474_,803.045µm
net100,798.21µm
alu_result_w_o\[1\],797.4µm
_07346_,792.665µm
net114,786.07µm
alu_result_w_o\[0\],784.23µm
net98,783.97µm
net254,781.435µm
de.rd1_e\[2\],780.78µm
alu_result_w_o\[2\],779.43µm
decode_stage.rf.rf2_r,779.34µm
net112,779.315µm
_07204_,779.095µm
_05232_,778.55µm
net220,772.35µm
clknet_4_4_0_clk_regs,769.76µm
de.rd1_e\[17\],769.5µm
net218,769.125µm
_04615_,768.355µm
_04849_,767.365µm
_04399_,767.22µm
_07197_,764.7µm
_04616_,759.72µm
de.rd1_e\[14\],758.08µm
_04467_,758.035µm
net118,757.51µm
net115,756.765µm
decode_stage.rf.tid_write\[1\],755.925µm
_04610_,754.105µm
alu_result_w_o\[6\],753.77µm
de.rd1_e\[12\],753.45µm
_04473_,752.525µm
_04544_,749.245µm
de.rd1_e\[10\],748.47µm
_07343_,747.875µm
net219,747.58µm
de.rd1_e\[0\],746.545µm
alu_result_w_o\[5\],743.885µm
_05036_,741.805µm
net110,739.09µm
net228,739.05µm
_05178_,738.07µm
alu_result_w_o\[3\],734.83µm
net99,732.22µm
_05514_,728.28µm
decode_stage.rf.rf2_index2\[5\],728.27µm
alu_result_w_o\[4\],727.73µm
net230,725.59µm
net224,725.33µm
_05014_,722.085µm
de.rd1_e\[13\],719.82µm
alu_src_b_e_i,716.38µm
decode_stage.rf.rf2_index1\[0\],715.33µm
_04547_,714.18µm
decode_stage.rf.rf2_index2\[6\],713.26µm
_07207_,711.42µm
_05537_,710.15µm
_05536_,709.04µm
net235,705.185µm
alu_result_w_o\[7\],705.09µm
_04402_,701.84µm
net229,701.45µm
alu_result_w_o\[17\],699.96µm
net240,698.295µm
_07209_,697.04µm
_05011_,696.82µm
_05526_,689.875µm
_05524_,689.645µm
decode_stage.rf.rf2_index1\[3\],689.55µm
alu_result_w_o\[13\],685.94µm
_01673_,685.91µm
_07348_,685.61µm
de.rd2_e\[2\],684.8µm
alu_result_w_o\[18\],684.14µm
_04937_,681.535µm
net79,681.2µm
_05245_,679.35µm
alu_result_w_o\[9\],677.75µm
_05517_,677.09µm
clknet_4_5_0_clk_regs,674.08µm
clknet_4_10_0_clk_regs,672.015µm
de.rd2_e\[6\],671.54µm
alu_result_w_o\[14\],671µm
alu_result_w_o\[22\],670.34µm
alu_result_w_o\[8\],669.99µm
net225,669.85µm
alu_src_a_e_i,668.125µm
alu_result_w_o\[11\],664.16µm
de.rd2_e\[28\],663.395µm
_07277_,662.715µm
_07274_,661.6µm
_04468_,655.71µm
alu_result_w_o\[10\],655.5µm
alu_result_w_o\[15\],655.33µm
alu_result_w_o\[16\],653.99µm
decode_stage.imex.instr\[24\],651.22µm
decode_stage.rf.rf2_index1\[2\],651µm
alu_result_w_o\[12\],649.3µm
_04403_,647.92µm
_04847_,645.885µm
net101,644µm
decode_stage.rf.rf1_index2\[5\],640.5µm
_05521_,639.33µm
alu_result_w_o\[26\],639.06µm
net223,638.01µm
net169,637.76µm
decode_stage.rf.rf2_index1\[5\],634.37µm
clknet_4_7_0_clk_regs,624.58µm
de.alu_control_e\[1\],620.39µm
de.rd2_e\[30\],618.72µm
_05244_,618.06µm
alu_result_w_o\[19\],616.57µm
de.rd2_e\[25\],616.36µm
net80,615.445µm
net246,614.695µm
clknet_4_11_0_clk_regs,614.215µm
decode_stage.rf.rf1_index2\[6\],613.3µm
alu_result_w_o\[20\],611.41µm
alu_result_w_o\[23\],609.26µm
alu_result_w_o\[30\],608.12µm
net234,605.01µm
de.alu_control_e\[0\],604.23µm
_04783_,601.12µm
decode_stage.rf.rf2_index1\[1\],598.63µm
net78,598.53µm
clknet_4_1_0_clk_regs,597.55µm
alu_result_w_o\[28\],597.24µm
alu_result_w_o\[21\],595.13µm
clknet_4_13_0_clk_regs,593.92µm
alu_result_w_o\[25\],593.52µm
alu_result_w_o\[24\],590.44µm
net250,589.47µm
de.rd2_e\[3\],587.9µm
_04611_,587.13µm
_04475_,583.07µm
net248,582.48µm
alu_result_w_o\[29\],581.55µm
decode_stage.imex.instr\[23\],577.34µm
de.rd2_e\[4\],576.96µm
de.rd1_e\[27\],575.22µm
net243,574.91µm
net247,571.14µm
net252,570.44µm
_07340_,570.285µm
net244,568.64µm
alu_result_w_o\[31\],567.22µm
_04542_,566.42µm
_07198_,564.87µm
de.rd2_e\[16\],561.78µm
de.alu_control_e\[5\],559.885µm
net256,559.46µm
alu_result_w_o\[27\],556.56µm
net35,553.805µm
net2,551.84µm
net242,551.365µm
_07271_,551.16µm
net251,549.965µm
_07279_,548.98µm
de.alu_control_e\[8\],547.61µm
de.alu_control_e\[7\],546.22µm
net236,542.045µm
_05179_,541.29µm
_04396_,538.69µm
_04784_,534.82µm
de.rd1_e\[31\],532.04µm
de.rd1_e\[20\],531.8µm
decode_stage.rf.rf1rd1\[27\],530.69µm
decode_stage.rf.rf1rd1\[25\],519.09µm
clknet_4_12_0_clk_regs,518.87µm
clknet_4_0_0_clk_regs,515.14µm
decode_stage.rf.rf1rd1\[22\],513.59µm
de.rd2_e\[18\],512.94µm
decode_stage.rf.rf1rd1\[0\],510.81µm
decode_stage.rf.rf1rd1\[28\],510.54µm
decode_stage.imex.instr\[22\],502.52µm
net39,494.82µm
net40,490.45µm
decode_stage.rf.rf1rd1\[21\],487.15µm
decode_stage.rf.rf1rd1\[18\],485.65µm
net253,481.98µm
decode_stage.rf.rf1rd1\[26\],477.53µm
decode_stage.rf.rf1_index1\[6\],476.98µm
_04851_,473.54µm
_05229_,473.255µm
clknet_4_2_0_clk_regs,471.19µm
decode_stage.rf.rf1rd1\[19\],471.01µm
decode_stage.rf.rf1rd1\[31\],469.73µm
_07470_,468.3µm
_04472_,467.47µm
net249,466.2µm
_05228_,465.575µm
decode_stage.rf.rf1_index1\[5\],464.23µm
decode_stage.rf.rf1_index2\[0\],463.31µm
_07475_,462.52µm
decode_stage.rf.rf1rd1\[24\],459.91µm
decode_stage.rf.rf1rd1\[14\],458.43µm
clknet_2_3_0_clk_regs,457.56µm
_05259_,452.415µm
decode_stage.imex.instr\[21\],451.88µm
_04963_,450.885µm
_04400_,450.73µm
_05172_,447.17µm
decode_stage.rf.rf1rd1\[12\],446.15µm
de.alu_control_e\[6\],445.1µm
mw.pc_plus4_w\[2\],444.82µm
decode_stage.rf.rf1rd1\[2\],444.16µm
de.rd2_e\[1\],443.66µm
_07477_,443.09µm
_05043_,440.56µm
_06434_,440.52µm
_07474_,438.52µm
decode_stage.rf.rf1rd1\[16\],438.355µm
decode_stage.rf.rf2rd1\[20\],434.47µm
decode_stage.rf.rf1rd1\[30\],433.77µm
_07473_,431.7µm
_07344_,431.52µm
decode_stage.rf.rf1rd1\[13\],430.15µm
decode_stage.rf.rf1rd2\[16\],428.35µm
_05067_,428.12µm
_06514_,421.97µm
_04614_,421.095µm
_04832_,420.285µm
decode_stage.rf.rf1rd1\[29\],419.975µm
decode_stage.rf.rf1rd1\[17\],418.79µm
decode_stage.rf.rf1rd2\[25\],417.23µm
net43,417.11µm
decode_stage.imex.instr\[20\],416.85µm
net57,416.82µm
net245,416.13µm
_07495_,414.9µm
decode_stage.rf.rf1rd1\[10\],414.15µm
_07205_,414.1µm
clknet_4_14_0_clk_regs,411.865µm
_05515_,407.645µm
net61,407.24µm
_04545_,407.21µm
_07476_,407.01µm
clknet_2_2_0_clk_regs,406.22µm
net38,405.87µm
_04852_,402.93µm
net59,400.72µm
net60,399.8µm
net62,397.76µm
net56,395.5µm
de.rd2_e\[0\],395.38µm
net58,394.12µm
de.rd2_e\[9\],392.6µm
clknet_2_1_0_clk_regs,391.3µm
decode_stage.rf.rf1rd1\[11\],389.77µm
_04826_,389.56µm
net65,389.19µm
_04853_,388.81µm
_07469_,388.62µm
net64,387.14µm
mw.pc_plus4_w\[18\],386.63µm
clknet_0_clk_regs,385.68µm
_07493_,385.34µm
net41,385.14µm
net54,384.84µm
fd.tid_f\[0\],383.375µm
_07467_,383.28µm
net226,382.28µm
net36,382.14µm
de.rd2_e\[10\],381.46µm
_07486_,380.9µm
_05260_,380.195µm
net55,379.74µm
_07480_,379.58µm
_07472_,378.95µm
clknet_2_0_0_clk_regs,377.63µm
net66,377.13µm
_06560_,376.565µm
decode_stage.rf.rf1rd2\[28\],375.49µm
mw.pc_plus4_w\[15\],374.68µm
net28,374µm
net50,373.64µm
net63,370.41µm
net53,369.94µm
_07275_,369.44µm
net49,369.39µm
net72,369.325µm
mw.pc_plus4_w\[13\],368.84µm
net48,368.76µm
net37,367.35µm
decode_stage.rf.rf1rd1\[8\],367.09µm
decode_stage.rf.rf1rd1\[5\],366.15µm
mw.pc_plus4_w\[17\],365.975µm
_07463_,365.18µm
_05869_,364.88µm
net191,364.44µm
net51,362.4µm
_06357_,362.385µm
_07479_,360.96µm
mw.pc_plus4_w\[12\],360.61µm
net180,359.965µm
net30,359.8µm
net77,359.32µm
_06619_,358.06µm
decode_stage.rf.rf1rd2\[23\],357.87µm
mw.pc_plus4_w\[24\],357.82µm
net4,357.48µm
net70,356.415µm
mw.pc_plus4_w\[27\],355.86µm
decode_stage.rf.rf1rd2\[26\],355.53µm
decode_stage.rf.rf1rd1\[23\],355.47µm
net29,353.6µm
net52,352.96µm
net215,352.275µm
decode_stage.rf.rf1rd2\[27\],352.15µm
mw.pc_plus4_w\[21\],351.56µm
decode_stage.rf.rf1rd1\[3\],351.51µm
net47,351.35µm
net42,351.3µm
net150,350.11µm
_05870_,349.985µm
decode_stage.rf.rf1rd2\[30\],349.89µm
net46,349.33µm
net165,348.065µm
_05597_,347.99µm
decode_stage.rf.rf1rd2\[19\],347.83µm
net3,347.74µm
decode_stage.rf.rf1rd2\[0\],347.65µm
net123,346.77µm
decode_stage.rf.rf2rd1\[15\],346.39µm
net161,346.32µm
mw.pc_plus4_w\[16\],346.15µm
decode_stage.rf.rf1rd1\[9\],345.31µm
mw.pc_plus4_w\[22\],344.3µm
net32,343.22µm
_05482_,342.44µm
net44,340.74µm
net187,339.835µm
_07484_,338.94µm
net31,338.92µm
mw.pc_plus4_w\[31\],337.54µm
net33,337.4µm
net71,337.02µm
mw.pc_plus4_w\[14\],336.17µm
clknet_4_9_0_clk_regs,335.82µm
net45,335.76µm
_07483_,335.42µm
net153,335.035µm
net87,332.94µm
_04824_,332.52µm
mw.pc_plus4_w\[30\],331.08µm
net88,330.325µm
net120,329.28µm
net133,328.93µm
_04825_,328.75µm
net1,328.3µm
net34,328.04µm
net140,327.77µm
net143,326.815µm
decode_stage.rf.rf1rd1\[1\],326.305µm
decode_stage.rf.rf1rd1\[7\],325.79µm
net76,325.7µm
net208,325.6µm
net93,324.9µm
mw.pc_plus4_w\[19\],324.33µm
mw.pc_plus4_w\[23\],324.19µm
mw.pc_plus4_w\[28\],323.74µm
net204,323.665µm
net183,322.91µm
decode_stage.rf.rf1rd1\[4\],322.31µm
mw.pc_plus4_w\[20\],321.42µm
net74,321.23µm
net82,320.36µm
em.write_data_m\[4\],319.92µm
_05679_,319.85µm
de.rd2_e\[8\],319.535µm
_06723_,319.46µm
net128,318.6µm
decode_stage.rf.rf1rd2\[29\],317.87µm
net149,316.94µm
net138,316.575µm
net210,316.225µm
mw.pc_plus4_w\[26\],315.74µm
net126,315.405µm
net5,314.74µm
clknet_4_15_0_clk_regs,314.73µm
_05811_,313.82µm
de.funct3_d\[13\],313.7µm
mw.pc_plus4_w\[29\],313.58µm
net121,313.45µm
net172,313.415µm
de.alu_control_e\[3\],312.01µm
_06465_,309.85µm
decode_stage.rf.rf1rd2\[20\],309.01µm
net134,307.8µm
net255,307.265µm
em.write_data_m\[0\],306.57µm
_03005_,306.005µm
_03515_,305.98µm
net201,305.825µm
mw.pc_plus4_w\[25\],305.82µm
net212,305.59µm
net203,305.555µm
_07468_,305.36µm
net152,304.395µm
net122,303.27µm
de.pc_e\[1\],303.14µm
net195,302.685µm
net162,302.395µm
net157,301.16µm
net130,300.245µm
net68,300µm
net92,299.96µm
_05480_,298.1µm
_05490_,297.56µm
net186,297.39µm
net137,296.92µm
net199,296.755µm
net135,296.145µm
_04791_,295.08µm
net144,294.82µm
de.funct3_d\[12\],294.55µm
net136,294.235µm
net156,294.19µm
net132,293.785µm
net205,292.945µm
net188,292.52µm
net125,291.81µm
net216,290.815µm
_04084_,290.38µm
net83,290.31µm
net14,290.1µm
net147,289.905µm
net25,288.32µm
net67,288.27µm
net190,288.205µm
net146,287.98µm
net179,287.93µm
net189,287.795µm
clknet_leaf_126_clk_regs,286.99µm
net213,286.91µm
_07270_,286.89µm
em.write_data_m\[3\],285.21µm
net155,285.01µm
net176,284.945µm
net86,283.24µm
net154,282.615µm
clknet_4_8_0_clk_regs,280.85µm
net200,280.41µm
net197,280.22µm
_03599_,279.74µm
net198,279.425µm
decode_stage.rf.rf1rd2\[9\],278.33µm
net91,278.3µm
net202,277.795µm
_05929_,277.46µm
net139,277.36µm
net95,277.155µm
net142,276.38µm
decode_stage.rf.rf1rd1\[6\],276.305µm
em.write_data_m\[6\],275.48µm
net90,275.17µm
_03046_,274.21µm
net158,273.91µm
_04896_,273.575µm
net207,273.2µm
net160,272.67µm
net151,272.42µm
decode_stage.rf.rf1rd2\[2\],272.23µm
net182,272.145µm
_07464_,271.7µm
net174,271.645µm
_06839_,271.26µm
decode_stage.rf.rf2rd2\[3\],270.87µm
net159,270.845µm
net193,270.37µm
_01228_,270.3µm
net173,270.135µm
decode_stage.rf.rf1rd2\[22\],267.51µm
net206,267.175µm
_05354_,266.15µm
_04786_,265.82µm
net163,265.76µm
_04819_,264.99µm
net217,264.91µm
em.write_data_m\[7\],264.56µm
_05620_,264.08µm
_07471_,262.32µm
_05745_,261.4µm
net94,261.28µm
net209,260.48µm
em.write_data_m\[5\],260.44µm
net196,260.09µm
clk_regs,259.66µm
_05306_,257.56µm
decode_stage.rf.rf2rd1\[6\],256.81µm
clknet_leaf_110_clk_regs,256.38µm
net141,255.89µm
_05484_,255.11µm
em.write_data_m\[2\],254.82µm
_06378_,253.275µm
decode_stage.rf.rf1_index1\[0\],252.54µm
decode_stage.rf.rf1rd2\[4\],252.495µm
_06774_,252.26µm
net73,251.535µm
net177,251.43µm
_03557_,251.02µm
_05319_,250.99µm
net131,250.335µm
em.write_data_m\[1\],250.32µm
_06018_,250.04µm
_07466_,249.62µm
net148,249.465µm
net211,249.44µm
_05498_,249.18µm
clknet_leaf_133_clk_regs,247.47µm
_06189_,247.21µm
_01510_,245.895µm
net127,245.87µm
_05746_,242.5µm
_04988_,242.33µm
_05994_,241.75µm
decode_stage.rf.rf2rd1\[1\],241.75µm
_04395_,241.405µm
net184,241.255µm
decode_stage.rf.rf2rd1\[4\],240.87µm
clknet_leaf_98_clk_regs,240.84µm
_04126_,239.42µm
_06421_,239.22µm
decode_stage.rf.rf1rd2\[3\],239.11µm
_07491_,238.04µm
_01512_,237.475µm
net145,236.875µm
net181,236.515µm
_04792_,235.65µm
clknet_leaf_165_clk_regs,235.27µm
net96,235.02µm
_05312_,234.745µm
_06402_,233.94µm
de.tid_d\[1\],233.9µm
_07488_,233.7µm
_04794_,233.38µm
_05267_,232.725µm
_05325_,232.57µm
_05496_,232.29µm
_03685_,231.46µm
_04787_,229.68µm
_04939_,228.265µm
decode_stage.rf.rf1rd2\[21\],226.87µm
_04343_,226.505µm
_04793_,224.74µm
decode_stage.rf.rf2rd1\[5\],223.61µm
net129,223.545µm
net185,223.535µm
_06969_,222.52µm
decode_stage.rf.rf1_index1\[3\],221.58µm
net89,221.26µm
_06072_,220.25µm
_04795_,220.12µm
net124,220.115µm
_03729_,219.39µm
_01758_,218.955µm
_04962_,218.395µm
_04817_,218.35µm
_04300_,218.12µm
_01511_,216.16µm
_02826_,215.195µm
net175,215.015µm
_04999_,214.79µm
_05233_,214.355µm
_05246_,213.195µm
_05331_,212.66µm
_05336_,211.995µm
_05283_,211.685µm
_05812_,211.655µm
decode_stage.rf.rf1_index1\[2\],211.38µm
_07492_,210.56µm
decode_stage.rf.rf1rd2\[17\],208.83µm
_04170_,208.81µm
_03771_,208.39µm
_06734_,207.33µm
de.alu_control_e\[10\],207.3µm
_06903_,206.81µm
_04257_,206.56µm
_04386_,206.53µm
net192,206.34µm
_05258_,205.94µm
net178,205.23µm
alu_result_m_i\[7\],205.02µm
_07499_,204.94µm
_05274_,204.84µm
_06203_,204.52µm
_05230_,204.355µm
_04548_,204.075µm
_07457_,204.04µm
_04617_,203.875µm
net214,203.265µm
decode_stage.rf.rf1rd2\[6\],203.01µm
_06945_,202.43µm
_06110_,201.89µm
_04213_,201.3µm
de.rd2_e\[20\],200.94µm
decode_stage.rf.rf2rd1\[7\],200.41µm
_04820_,198.79µm
net164,197.32µm
de.pc_e\[0\],196.75µm
_06808_,196.54µm
_03472_,196.31µm
_06364_,196.03µm
net69,195.69µm
_07431_,193.795µm
decode_stage.imex.instr\[16\],192.35µm
_05144_,192.32µm
_03473_,191.12µm
_04796_,190.3µm
decode_stage.imex.instr\[18\],189.81µm
_05080_,189.65µm
decode_stage.rf.rf1rd2\[24\],189.35µm
_07482_,189.295µm
clknet_leaf_70_clk_regs,189.18µm
_04990_,188.57µm
alu_result_m_i\[6\],188.475µm
_02821_,188.42µm
_01547_,188.12µm
decode_stage.rf.rf1rd1\[15\],187.85µm
clknet_leaf_91_clk_regs,187.33µm
_05238_,187.19µm
clknet_leaf_158_clk_regs,186.97µm
decode_stage.rf.rf1rd2\[10\],186.75µm
_07459_,186.3µm
_05059_,186.05µm
_05993_,185.615µm
alu_result_m_i\[4\],185.615µm
_05222_,185.21µm
_04751_,185.175µm
clknet_leaf_88_clk_regs,184.58µm
clknet_leaf_127_clk_regs,184.435µm
clknet_leaf_125_clk_regs,183.72µm
em.funct3_m\[13\],183.635µm
_05239_,183.57µm
alu_result_m_i\[2\],183.105µm
_05177_,182.895µm
_05049_,182.86µm
clknet_leaf_96_clk_regs,182.12µm
_06702_,181.595µm
_04836_,181.135µm
_07420_,180.765µm
decode_stage.imex.instr\[17\],180.45µm
_05639_,180.095µm
clknet_leaf_95_clk_regs,179.815µm
_03430_,179.79µm
_05037_,179.41µm
_04747_,179.1µm
_04770_,179.05µm
_07462_,178.74µm
_04779_,178.28µm
_07190_,178.19µm
clknet_leaf_113_clk_regs,177.78µm
clknet_leaf_81_clk_regs,177.52µm
_05078_,176.91µm
clknet_leaf_132_clk_regs,176.38µm
net97,176.35µm
clknet_leaf_105_clk_regs,175.56µm
alu_result_m_i\[5\],174.645µm
_03218_,174.32µm
clknet_leaf_128_clk_regs,174.32µm
clknet_leaf_121_clk_regs,173.24µm
clknet_leaf_106_clk_regs,173.22µm
decode_stage.rf.rf1_index1\[1\],173.08µm
_05298_,172.905µm
_05685_,172.51µm
_04958_,171.97µm
alu_result_m_i\[3\],171.8µm
decode_stage.rf.rf1rd2\[1\],171.55µm
_07193_,171.34µm
_01544_,171.02µm
_02798_,170.16µm
decode_stage.rf.rf2rd1\[14\],169.85µm
_05969_,169.63µm
_06525_,168.86µm
clknet_leaf_90_clk_regs,168.68µm
_04689_,168.57µm
clknet_leaf_137_clk_regs,167µm
_06666_,166.96µm
clknet_leaf_170_clk_regs,166.96µm
decode_stage.rf.rf1rd2\[5\],166.63µm
_07485_,166.62µm
_04705_,166.58µm
clknet_leaf_62_clk_regs,166.52µm
_01303_,166.5µm
clknet_leaf_171_clk_regs,166.36µm
clknet_leaf_92_clk_regs,165.97µm
_07433_,165.335µm
clknet_leaf_63_clk_regs,165.32µm
_02810_,164.76µm
_05064_,164.675µm
clknet_leaf_51_clk_regs,164.34µm
_05192_,164.31µm
_05047_,164.19µm
decode_stage.rf.rf1_r,164.13µm
_06317_,164.01µm
decode_stage.rf.rf1rd2\[31\],163.91µm
clknet_leaf_103_clk_regs,163.835µm
clknet_leaf_102_clk_regs,163.78µm
clknet_leaf_174_clk_regs,162.64µm
clknet_leaf_48_clk_regs,162.38µm
clknet_leaf_75_clk_regs,162.22µm
clknet_leaf_172_clk_regs,161.85µm
clknet_leaf_141_clk_regs,161.7µm
_06633_,161.68µm
clknet_leaf_80_clk_regs,161.485µm
_06025_,160.295µm
clknet_leaf_49_clk_regs,160.25µm
decode_stage.rf.rf2rd1\[8\],160.09µm
_04688_,159.78µm
_05234_,159.72µm
clknet_leaf_119_clk_regs,159.12µm
clknet_leaf_97_clk_regs,158.94µm
_04694_,158.475µm
_04683_,158.42µm
_01194_,158.395µm
_06457_,158.025µm
_05905_,157.54µm
_07481_,157.46µm
de.alu_control_e\[4\],156.755µm
_07339_,156.565µm
_06241_,156.42µm
clknet_leaf_71_clk_regs,156.395µm
clknet_leaf_138_clk_regs,156.34µm
_04723_,156.26µm
clknet_leaf_129_clk_regs,156.22µm
_03260_,156.2µm
clknet_leaf_111_clk_regs,155.8µm
_05750_,155.54µm
_04724_,155.28µm
_04690_,155.2µm
_04539_,154.79µm
clknet_leaf_112_clk_regs,153.775µm
clknet_leaf_99_clk_regs,153.72µm
clknet_leaf_68_clk_regs,152.98µm
clknet_leaf_66_clk_regs,152.845µm
clknet_leaf_143_clk_regs,152.76µm
clknet_leaf_53_clk_regs,152.44µm
de.funct3_e\[14\],152.3µm
clknet_leaf_52_clk_regs,151.875µm
_05583_,151.745µm
_05032_,151.71µm
_05205_,151.485µm
decode_stage.rf.rf1rd2\[12\],150.87µm
clknet_leaf_115_clk_regs,150.8µm
_03642_,150.76µm
_01359_,150.66µm
_07426_,149.64µm
clknet_leaf_87_clk_regs,149.42µm
_05054_,149.19µm
_06950_,149.18µm
_07490_,149.04µm
decode_stage.rf.rf1rd1\[20\],148.97µm
em.funct3_m\[12\],148.95µm
_04735_,148.76µm
clknet_leaf_161_clk_regs,148.66µm
_06845_,148.315µm
_04753_,148µm
_07450_,147.84µm
clknet_leaf_77_clk_regs,147.68µm
_04743_,147.64µm
_06974_,147.36µm
_07144_,147.32µm
_04775_,147.14µm
clknet_leaf_101_clk_regs,147.105µm
clknet_leaf_50_clk_regs,146.9µm
clknet_leaf_152_clk_regs,146.87µm
_05071_,146.66µm
clknet_leaf_123_clk_regs,146.44µm
_05010_,146.15µm
_05510_,146.11µm
_04850_,145.94µm
_07194_,145.66µm
clknet_leaf_69_clk_regs,145.605µm
_07439_,144.91µm
_02828_,144.6µm
_06817_,144.36µm
_07192_,144.28µm
_05074_,144.27µm
_04750_,144.15µm
_06479_,144.04µm
clknet_leaf_169_clk_regs,143.115µm
_04776_,142.9µm
clknet_leaf_78_clk_regs,142.86µm
_05173_,142.76µm
_04993_,142.58µm
decode_stage.rf.rf2rd1\[13\],142.37µm
_05012_,142.32µm
clknet_leaf_47_clk_regs,142.06µm
_03176_,141.73µm
_04774_,141.56µm
_07489_,141.48µm
_04848_,141.45µm
_05077_,141.38µm
_04719_,141.36µm
clknet_leaf_74_clk_regs,141.08µm
_05068_,140.72µm
clknet_leaf_46_clk_regs,140.5µm
_04030_,140.34µm
_04699_,139.78µm
_07487_,139.66µm
_06703_,139.35µm
clknet_leaf_107_clk_regs,139.16µm
_05070_,138.96µm
clknet_leaf_72_clk_regs,138.95µm
_05069_,138.52µm
clknet_leaf_131_clk_regs,138.38µm
clknet_leaf_117_clk_regs,138.2µm
_07414_,138.08µm
clknet_leaf_86_clk_regs,137.98µm
_04737_,137.84µm
clknet_leaf_109_clk_regs,137.74µm
_06329_,137.535µm
_04812_,137.5µm
_05088_,137.165µm
_06537_,136.93µm
_01327_,136.905µm
_07442_,136.68µm
_05211_,136.625µm
clknet_leaf_144_clk_regs,136.62µm
decode_stage.rf.rf2_index1\[4\],136.53µm
_05072_,136.45µm
_05038_,136.28µm
_05013_,136.21µm
clknet_leaf_166_clk_regs,136.18µm
_05062_,136.125µm
_01302_,136.045µm
de.rd2_e\[13\],135.98µm
_05608_,135.93µm
decode_stage.rf.rf2rd1\[9\],135.91µm
_04745_,134.99µm
_04391_,134.98µm
mw.pc_plus4_w\[3\],134.89µm
_07437_,134.78µm
_07444_,134.59µm
_05030_,134.5µm
_03988_,134.46µm
clknet_leaf_100_clk_regs,134.335µm
_04708_,134µm
_04808_,133.985µm
_04684_,133.98µm
_05060_,133.94µm
clknet_leaf_140_clk_regs,133.915µm
_04706_,133.91µm
_05065_,133.88µm
clknet_leaf_168_clk_regs,133.82µm
clknet_leaf_56_clk_regs,133.8µm
_04717_,133.6µm
clknet_leaf_67_clk_regs,133.5µm
_04731_,133.42µm
_04732_,133.41µm
decode_stage.imex.instr\[15\],133.39µm
_05057_,133.28µm
clknet_leaf_79_clk_regs,133.075µm
_03089_,133.01µm
clknet_leaf_149_clk_regs,132.82µm
_07427_,132.71µm
_04734_,132.54µm
_07188_,132.45µm
_05199_,132.425µm
_05362_,132.28µm
_04713_,132.24µm
clknet_leaf_184_clk_regs,131.89µm
mw.pc_plus4_w\[7\],131.7µm
_07412_,131.63µm
_07428_,131.58µm
_03797_,131.41µm
_01301_,131.24µm
_04388_,131.22µm
_04769_,131.16µm
_05029_,131.12µm
_04721_,131.1µm
decode_stage.cu.funct7b5,130.515µm
clknet_leaf_58_clk_regs,130.36µm
_05046_,130.27µm
decode_stage.cu.op\[5\],129.9µm
clknet_leaf_142_clk_regs,129.82µm
clknet_leaf_64_clk_regs,129.63µm
clknet_leaf_5_clk_regs,129.57µm
decode_stage.rf.rf1rd2\[7\],129.45µm
_07449_,129.37µm
decode_stage.rd_w\[3\],129.37µm
_04985_,129.3µm
_04693_,129.22µm
_04393_,129.19µm
_05053_,129.12µm
_05034_,128.84µm
_06103_,128.755µm
_03814_,128.71µm
clknet_leaf_177_clk_regs,128.61µm
_07424_,128.58µm
_04686_,128.14µm
_05055_,128.12µm
clknet_leaf_151_clk_regs,127.995µm
_05162_,127.74µm
_03134_,127.62µm
_07441_,127.62µm
_07411_,127.61µm
decode_stage.rf.rf1rd2\[18\],127.59µm
_04739_,127.28µm
_04940_,127.27µm
_04768_,127.26µm
_05045_,126.9µm
_04763_,126.7µm
_04728_,126.61µm
_05084_,126.44µm
_07443_,126.34µm
_04811_,126.33µm
_04756_,126.28µm
clknet_leaf_178_clk_regs,126.24µm
clknet_leaf_135_clk_regs,126.08µm
_01396_,126µm
_05050_,125.86µm
_05726_,125.81µm
_04965_,125.67µm
_05681_,125.61µm
mw.pc_plus4_w\[10\],125.43µm
_04746_,125.42µm
_07435_,125.32µm
_04726_,125.29µm
_07430_,125.275µm
_04691_,125.13µm
_06989_,125.13µm
_06782_,125.1µm
_03345_,124.88µm
clknet_leaf_120_clk_regs,124.8µm
_04959_,124.74µm
clknet_leaf_173_clk_regs,124.72µm
_05401_,124.435µm
_05016_,124.14µm
_05081_,124.12µm
_05187_,124.08µm
_07422_,124.08µm
_06921_,123.71µm
_04781_,123.64µm
_07189_,123.42µm
clknet_leaf_93_clk_regs,123.3µm
clknet_leaf_94_clk_regs,123.22µm
_04695_,122.6µm
_04765_,122.42µm
de.pc_d\[16\],122.25µm
_04748_,122.2µm
_06232_,122.18µm
_05747_,122.16µm
_05085_,122.15µm
_05909_,122.02µm
_05061_,121.98µm
_02823_,121.94µm
_04720_,121.85µm
_05033_,121.78µm
_04703_,121.77µm
_07448_,121.76µm
_04692_,121.54µm
_05086_,121.52µm
_07418_,121.44µm
_04759_,121.42µm
_04741_,121.2µm
_04711_,121.04µm
_06952_,120.88µm
clknet_leaf_118_clk_regs,120.83µm
_01196_,120.75µm
_06999_,120.62µm
_04738_,120.56µm
_05145_,120.54µm
_02870_,120.52µm
clknet_leaf_108_clk_regs,120.48µm
clknet_leaf_122_clk_regs,120.36µm
_06013_,120.165µm
_04761_,119.66µm
clknet_leaf_73_clk_regs,119.66µm
_04762_,119.51µm
_04772_,119.5µm
_05024_,119.5µm
_01304_,119.365µm
clknet_leaf_163_clk_regs,119.34µm
_07432_,119.3µm
_03750_,119.26µm
_04782_,119.26µm
_05503_,119.16µm
decode_stage.rf.rf2rd1\[17\],119.15µm
_04809_,119.06µm
clknet_leaf_59_clk_regs,119.06µm
_04994_,118.95µm
_06010_,118.82µm
_05403_,118.74µm
_05027_,118.32µm
_06929_,118.3µm
_04766_,118.28µm
_01195_,118.235µm
_05051_,117.72µm
_05437_,117.5µm
em.write_data_m\[11\],117.455µm
_05031_,117.03µm
_04760_,116.96µm
clknet_leaf_89_clk_regs,116.4µm
_04938_,116.26µm
clknet_leaf_114_clk_regs,116.22µm
_04682_,116.205µm
_04696_,116.055µm
clknet_leaf_157_clk_regs,115.92µm
mw.pc_plus4_w\[4\],115.7µm
_07445_,115.56µm
_04986_,115.52µm
_06437_,115.51µm
_07434_,115.38µm
_04733_,115.36µm
clknet_leaf_57_clk_regs,115.36µm
_07425_,115.24µm
_06223_,115.125µm
_05026_,115.12µm
clknet_leaf_139_clk_regs,115.105µm
_04976_,115.1µm
_03900_,115.08µm
net75,115.01µm
_04773_,114.98µm
_07423_,114.69µm
_04749_,114.62µm
_04777_,114.62µm
_07419_,114.34µm
_04778_,114.16µm
_05087_,114.11µm
clknet_leaf_76_clk_regs,114µm
_04992_,113.9µm
_04771_,113.88µm
_04394_,113.87µm
_05752_,113.86µm
_05044_,113.54µm
decode_stage.rf.rf2rd1\[19\],113.31µm
_03002_,113.055µm
_04995_,113.02µm
clknet_leaf_61_clk_regs,112.86µm
_05056_,112.82µm
_04742_,112.75µm
_06187_,112.67µm
_02822_,112.37µm
_07436_,112.37µm
clknet_leaf_167_clk_regs,112.26µm
_05052_,112.22µm
_04987_,112µm
_05040_,111.86µm
de.rd1_e\[21\],111.845µm
_01326_,111.635µm
clknet_leaf_0_clk_regs,111.62µm
_04700_,111.55µm
_07410_,111.44µm
_03826_,111.36µm
_05321_,111.32µm
_04991_,111.18µm
clknet_leaf_15_clk_regs,111.17µm
_04813_,111.16µm
_07042_,111.14µm
_06645_,111µm
_04709_,110.96µm
clknet_leaf_136_clk_regs,110.96µm
_05009_,110.83µm
_05020_,110.66µm
_03388_,110.3µm
_06263_,110.28µm
decode_stage.cu.op\[4\],110.14µm
_04744_,109.76µm
_04789_,109.76µm
_05082_,109.7µm
_02827_,109.66µm
clknet_leaf_134_clk_regs,109.48µm
_01329_,109.475µm
_05041_,109.3µm
_05609_,109.24µm
_07017_,109.1µm
_06859_,108.84µm
_02796_,108.72µm
_05058_,108.7µm
_07117_,108.615µm
clknet_leaf_55_clk_regs,108.6µm
_05039_,108.52µm
_05000_,108.5µm
_04730_,108.49µm
_07415_,108.39µm
_06099_,108.3µm
_05451_,108.18µm
_04685_,108.08µm
_07438_,108µm
_03640_,107.98µm
_06413_,107.905µm
_05839_,107.83µm
_05964_,107.75µm
_07416_,107.42µm
_04715_,107.4µm
_06265_,107.37µm
_05849_,107.36µm
_04701_,107.28µm
clknet_leaf_153_clk_regs,107.26µm
_07187_,107.225µm
clknet_leaf_2_clk_regs,107.2µm
clknet_leaf_9_clk_regs,107.13µm
clknet_leaf_104_clk_regs,107.06µm
_06677_,106.86µm
_07191_,106.86µm
_05415_,106.69µm
_02824_,106.6µm
_01203_,106.505µm
_04934_,106.5µm
_04389_,106.14µm
mw.pc_plus4_w\[9\],106.14µm
_03003_,106.13µm
_04702_,106µm
decode_stage.rd_w\[1\],105.99µm
clknet_leaf_116_clk_regs,105.98µm
_07440_,105.58µm
mw.pc_plus4_w\[6\],105.57µm
_05930_,105.53µm
_06014_,105.52µm
clknet_leaf_14_clk_regs,105.38µm
_04729_,105.36µm
_06062_,105.24µm
_02825_,105.22µm
_04758_,105.2µm
_05971_,105.16µm
_06489_,105.04µm
_04698_,105.01µm
_07048_,105µm
_06580_,104.94µm
_03728_,104.88µm
_04752_,104.85µm
_02817_,104.84µm
clknet_leaf_159_clk_regs,104.65µm
_06704_,104.61µm
_05022_,104.6µm
_05766_,104.5µm
_04714_,104.34µm
_07447_,104.2µm
_06775_,104.1µm
clknet_leaf_65_clk_regs,104.055µm
decode_stage.rf.rf1rd2\[14\],103.98µm
_05368_,103.81µm
_07417_,103.76µm
alu_result_m_i\[1\],103.6µm
de.imm_val_d\[31\],103.44µm
clknet_leaf_4_clk_regs,103.24µm
_07413_,103.2µm
_04780_,103.035µm
de.rd1_e\[22\],102.82µm
clknet_leaf_187_clk_regs,102.72µm
_02840_,102.7µm
_02887_,102.7µm
_05714_,102.57µm
_04755_,102.32µm
_06239_,102.14µm
_04933_,102.13µm
_05709_,102.12µm
_02881_,101.98µm
decode_stage.cu.op\[6\],101.95µm
_05210_,101.915µm
_05066_,101.9µm
clknet_leaf_83_clk_regs,101.88µm
clknet_leaf_146_clk_regs,101.78µm
_05023_,101.775µm
_06626_,101.75µm
_05815_,101.62µm
_05079_,101.57µm
em.write_data_m\[10\],101.465µm
clknet_leaf_36_clk_regs,101.4µm
_01204_,101.235µm
_01285_,101.165µm
_07026_,100.94µm
_04704_,100.515µm
_05452_,100.49µm
clknet_leaf_17_clk_regs,100.455µm
_04074_,100.39µm
_04961_,100.31µm
_05686_,100.22µm
_04235_,99.82µm
_04932_,99.59µm
_04754_,98.97µm
_05841_,98.87µm
_04764_,98.74µm
_05063_,98.7µm
_04392_,98.56µm
_04697_,98.51µm
_04727_,98.46µm
_06684_,98.36µm
clknet_leaf_181_clk_regs,98.33µm
_05073_,98.26µm
_06390_,98.19µm
_05083_,98.14µm
_05025_,97.62µm
_05680_,97.62µm
_06439_,97.375µm
_06214_,97.25µm
clknet_leaf_130_clk_regs,96.98µm
clknet_leaf_7_clk_regs,96.6µm
_02819_,96.44µm
_04722_,96.4µm
_05748_,96.33µm
_04736_,96.24µm
_06519_,96.125µm
_05641_,96.12µm
clknet_leaf_176_clk_regs,96.12µm
decode_stage.rf.rf2rd1\[0\],95.89µm
_01522_,95.36µm
de.funct3_e\[12\],95.1µm
clknet_leaf_147_clk_regs,95.07µm
_05408_,94.965µm
_07421_,94.63µm
_05324_,94.6µm
_07429_,94.59µm
_05339_,94.57µm
clknet_leaf_82_clk_regs,94.4µm
_05796_,94.385µm
_04767_,94.3µm
_04707_,94.16µm
_04716_,94.12µm
_05682_,94.11µm
_05206_,93.97µm
_05504_,93.795µm
_05335_,93.79µm
_04989_,93.78µm
decode_stage.rf.rf2rd1\[10\],93.77µm
_06728_,93.7µm
_05375_,93.54µm
_04941_,93.34µm
_05785_,93.32µm
_05284_,93.28µm
_05697_,93µm
_06340_,92.86µm
_06157_,92.54µm
_03045_,92.32µm
_02892_,92.28µm
clknet_leaf_150_clk_regs,92.2µm
_05035_,92.08µm
_04712_,92.06µm
_05916_,91.96µm
_05479_,91.745µm
_04740_,91.535µm
_04833_,91.43µm
_02872_,91.38µm
clknet_leaf_20_clk_regs,90.99µm
_05604_,90.96µm
_02806_,90.84µm
_05028_,90.68µm
_01198_,90.645µm
_05430_,90.56µm
_06224_,90.48µm
_04790_,90.36µm
_05355_,90.065µm
_05076_,90.06µm
_05075_,89.88µm
clknet_leaf_154_clk_regs,89.855µm
_05188_,89.78µm
_05453_,89.78µm
de.pc_e\[21\],89.58µm
_05021_,89.42µm
_04341_,89.36µm
_05017_,89.24µm
_06904_,89.2µm
clknet_leaf_124_clk_regs,89.16µm
_07078_,89.08µm
_02835_,88.93µm
decode_stage.rf.rf2rd1\[30\],88.91µm
_06083_,88.87µm
_04390_,88.56µm
clknet_leaf_160_clk_regs,88.53µm
_02829_,88.46µm
_04710_,88.44µm
_03956_,88.43µm
_04757_,88.4µm
_05394_,88.345µm
_01328_,88.285µm
net20,88.08µm
_05472_,88µm
_05856_,87.7µm
_05483_,87.615µm
clknet_leaf_145_clk_regs,87.58µm
_04840_,87.48µm
em.write_data_m\[8\],87.315µm
clknet_leaf_37_clk_regs,87.14µm
clknet_leaf_179_clk_regs,87.06µm
clknet_leaf_180_clk_regs,87.02µm
_06195_,87.01µm
_05438_,86.97µm
clknet_leaf_84_clk_regs,86.9µm
_05778_,86.72µm
_03324_,86.7µm
_02816_,86.68µm
_04718_,86.68µm
_04806_,86.66µm
net19,86.38µm
de.rd2_e\[7\],86.25µm
clknet_leaf_1_clk_regs,86.24µm
_05310_,86.235µm
_05048_,86.16µm
_06572_,86.03µm
_03302_,86µm
_04974_,85.92µm
_05553_,85.92µm
_01192_,85.905µm
_03856_,85.88µm
_05194_,85.835µm
_05374_,85.835µm
_05018_,85.62µm
clknet_leaf_6_clk_regs,85.56µm
_05432_,85.55µm
decode_stage.rf.rf2rd1\[2\],85.39µm
_06067_,85.24µm
_01513_,85.205µm
_05042_,84.84µm
_06865_,84.62µm
_06744_,84.57µm
de.funct3_d\[14\],84.47µm
clknet_leaf_164_clk_regs,84.415µm
_05942_,84.305µm
_05417_,84.14µm
clknet_leaf_175_clk_regs,84.1µm
_06473_,84.07µm
mw.pc_plus4_w\[5\],84.03µm
_02838_,84.01µm
_06795_,84.01µm
_07478_,83.82µm
_06726_,83.74µm
_07077_,83.68µm
_01408_,83.58µm
_04931_,83.285µm
em.write_data_m\[12\],83.205µm
_07018_,83.08µm
_02871_,83.04µm
_07446_,82.8µm
decode_stage.imex.instr\[25\],82.8µm
_03945_,82.78µm
_01516_,82.76µm
_07066_,82.56µm
_05302_,82.5µm
_07096_,82.4µm
_06298_,82.28µm
_02799_,82.2µm
_04725_,82.17µm
_03641_,82.04µm
_06367_,81.98µm
mw.pc_plus4_w\[8\],81.975µm
_05753_,81.96µm
_06323_,81.95µm
_06593_,81.92µm
_02859_,81.81µm
_03944_,81.74µm
_06491_,81.61µm
_01562_,81.605µm
_03858_,81.44µm
_02902_,81.42µm
_06671_,81.37µm
clknet_leaf_35_clk_regs,81.365µm
_05491_,81.23µm
_05813_,81.11µm
_04837_,81.03µm
_03361_,80.98µm
clknet_leaf_155_clk_regs,80.96µm
_01202_,80.84µm
_07182_,80.74µm
_01208_,80.68µm
_04926_,80.61µm
_05642_,80.56µm
_02851_,80.38µm
clknet_leaf_38_clk_regs,80.14µm
_04687_,80.02µm
_04325_,79.72µm
_01523_,79.605µm
_06274_,79.42µm
_06371_,79.22µm
_06508_,79.205µm
_03684_,79.2µm
_05204_,79.07µm
_03081_,78.92µm
_05329_,78.88µm
clknet_leaf_60_clk_regs,78.86µm
decode_stage.rf.rf1rd2\[11\],78.83µm
decode_stage.rf.rf2rd2\[10\],78.81µm
_06874_,78.8µm
_06598_,78.725µm
clknet_leaf_41_clk_regs,78.71µm
_05667_,78.5µm
_06306_,78.45µm
_02861_,78.43µm
decode_stage.rf.rf2rd2\[25\],78.21µm
decode_stage.imex.instr\[28\],78.14µm
_06169_,78.03µm
_06466_,77.98µm
_03735_,77.94µm
_05716_,77.86µm
_04149_,77.68µm
_05313_,77.635µm
em.write_data_m\[17\],77.46µm
em.write_data_m\[19\],77.35µm
_06190_,77.24µm
_05897_,77.22µm
_06636_,76.97µm
_03131_,76.87µm
_03696_,76.86µm
_07199_,76.82µm
_03130_,76.8µm
_03857_,76.72µm
_01199_,76.66µm
_05307_,76.6µm
clknet_leaf_16_clk_regs,76.6µm
_06454_,76.595µm
_03047_,76.51µm
decode_stage.rf.rf2rd2\[1\],76.51µm
em.mem_write_m,76.51µm
net21,76.5µm
_06359_,76.38µm
clknet_leaf_54_clk_regs,76.28µm
_02797_,76.24µm
net84,76.16µm
_05850_,76.14µm
_05733_,76.12µm
de.rd_d\[0\],76µm
_04127_,75.84µm
_06121_,75.835µm
decode_stage.rf.rf2rd1\[3\],75.83µm
_05255_,75.68µm
fetch_stage.thread_pc.t_pc\[4\]\[20\],75.64µm
de.rd2_e\[11\],75.62µm
_01193_,75.535µm
decode_stage.rf.rf1rd2\[15\],75.53µm
_05213_,75.44µm
em.write_data_m\[9\],75.295µm
_05833_,75.29µm
_05340_,75.12µm
decode_stage.rf.rf2rd2\[16\],75.11µm
_06247_,75.06µm
em.write_data_m\[21\],74.96µm
decode_stage.rf.rf2rd1\[25\],74.95µm
_05478_,74.76µm
clknet_leaf_3_clk_regs,74.36µm
_05363_,74.16µm
_06261_,74.145µm
_05901_,74.12µm
_01205_,74.085µm
_03488_,74.08µm
_03286_,73.84µm
_07161_,73.76µm
_02877_,73.6µm
_01345_,73.58µm
_04785_,73.58µm
_06694_,73.52µm
_04031_,73.5µm
_03343_,73.44µm
fetch_stage.thread_pc.t_pc\[5\]\[20\],73.42µm
decode_stage.rf.rf2rd1\[26\],73.35µm
_05393_,73.3µm
net85,73.23µm
_01200_,72.975µm
_05326_,72.9µm
_04912_,72.86µm
_05305_,72.76µm
_03577_,72.66µm
_06346_,72.4µm
_06141_,72.27µm
mw.pc_plus4_w\[11\],72.125µm
_05495_,72.09µm
decode_stage.rf.rf2rd1\[28\],72.07µm
_05631_,72.04µm
_05578_,71.96µm
_05996_,71.88µm
_02875_,71.83µm
_05421_,71.605µm
_01563_,71.505µm
_07101_,71.425µm
_02855_,71.4µm
_02917_,71.38µm
em.write_data_m\[15\],71.305µm
_05669_,71.22µm
_05671_,71.04µm
branch_e_i,71.04µm
_06180_,71.02µm
clknet_leaf_29_clk_regs,70.98µm
_03943_,70.88µm
em.write_data_m\[20\],70.82µm
_01209_,70.805µm
_06227_,70.75µm
_04212_,70.72µm
_06552_,70.66µm
clknet_leaf_12_clk_regs,70.64µm
_01210_,70.63µm
clknet_leaf_44_clk_regs,70.58µm
em.funct3_m\[14\],70.54µm
_05763_,70.48µm
_03965_,70.36µm
_06230_,70.24µm
decode_stage.rf.rf2rd2\[26\],70.23µm
_03182_,70.14µm
em.write_data_m\[18\],70.14µm
_01207_,70.1µm
_05399_,70.075µm
_06356_,70.04µm
_05116_,69.96µm
_06041_,69.93µm
_01672_,69.88µm
clknet_leaf_21_clk_regs,69.86µm
em.write_data_m\[13\],69.705µm
clknet_leaf_39_clk_regs,69.7µm
_01696_,69.62µm
_05396_,69.59µm
_06494_,69.58µm
clknet_leaf_11_clk_regs,69.48µm
_02812_,69.42µm
_05793_,69.36µm
_01521_,69.3µm
_05886_,69.24µm
_05200_,69.205µm
_06660_,69.16µm
_06309_,69.02µm
_01309_,68.9µm
_01524_,68.82µm
_05332_,68.66µm
_07115_,68.66µm
_01587_,68.245µm
clknet_leaf_13_clk_regs,68.235µm
de.pc_plus4_d\[15\],68.18µm
_07137_,68.14µm
_03597_,68.12µm
_05287_,68.09µm
_04960_,68.06µm
decode_stage.rf.rf2rd1\[12\],68.05µm
_02839_,67.98µm
em.write_data_m\[14\],67.945µm
net12,67.82µm
_05621_,67.78µm
_05627_,67.765µm
_01212_,67.755µm
decode_stage.rf.rf2rd1\[24\],67.75µm
_01206_,67.685µm
de.pc_plus4_e\[5\],67.58µm
_04277_,67.54µm
_05501_,67.46µm
clknet_leaf_183_clk_regs,67.37µm
alu_result_m_i\[0\],67.345µm
_05370_,67.32µm
_05197_,67.14µm
_05276_,67.13µm
fetch_stage.thread_pc.t_pc\[4\]\[6\],67.11µm
_03429_,67.1µm
_03291_,67.06µm
_06793_,66.96µm
_06858_,66.92µm
_04044_,66.68µm
_06451_,66.56µm
_05376_,66.44µm
_06517_,66.2µm
_05695_,66.165µm
_05579_,66.155µm
de.pc_plus4_d\[16\],66.08µm
_05337_,65.98µm
_02813_,65.84µm
_03521_,65.84µm
_06293_,65.82µm
_05381_,65.78µm
_04846_,65.68µm
_03303_,65.65µm
_07120_,65.56µm
clknet_leaf_24_clk_regs,65.54µm
_02845_,65.42µm
alu_result_m_i\[31\],65.24µm
_05268_,65.2µm
clknet_leaf_18_clk_regs,65.2µm
_04240_,65.06µm
_06106_,65µm
_06129_,64.64µm
_01527_,64.625µm
_04163_,64.62µm
decode_stage.rf.rf1rd2\[8\],64.57µm
_06983_,64.54µm
_06872_,64.5µm
de.pc_d\[23\],64.22µm
_01586_,64.165µm
_03902_,64.1µm
_06801_,64.08µm
decode_stage.rf.rf2rd2\[21\],63.95µm
_01760_,63.92µm
_06185_,63.86µm
_01712_,63.82µm
_05910_,63.7µm
_03200_,63.68µm
_01299_,63.645µm
_01588_,63.62µm
_06533_,63.62µm
de.pc_plus4_d\[14\],63.58µm
_05932_,63.46µm
_05224_,63.38µm
alu_result_m_i\[30\],63.34µm
_03139_,63.32µm
_04788_,63.28µm
_02882_,63.24µm
_03123_,63.2µm
_03205_,63.16µm
_02818_,63.1µm
fetch_stage.thread_pc.t_pc\[5\]\[4\],63.1µm
decode_stage.rf.rf2rd2\[24\],62.95µm
fetch_stage.thread_pc.t_pc\[5\]\[6\],62.94µm
_02815_,62.84µm
_04841_,62.84µm
_06368_,62.7µm
_06310_,62.65µm
_05100_,62.62µm
decode_stage.rf.rf2rd2\[5\],62.61µm
de.imm_val_e\[26\],62.6µm
_05826_,62.455µm
fetch_stage.thread_pc.t_pc\[5\]\[2\],62.36µm
_02842_,62.26µm
_07456_,62.11µm
_06276_,62.06µm
de.pc_plus4_d\[17\],62.04µm
mw.pc_plus4_w\[0\],62µm
decode_stage.rf.rf2rd2\[22\],61.77µm
_06850_,61.69µm
_01526_,61.665µm
_03217_,61.6µm
_06193_,61.4µm
_05361_,61.36µm
_06715_,61.24µm
_01668_,61.16µm
_05913_,61.13µm
_05409_,61.01µm
_03556_,60.99µm
_01507_,60.925µm
decode_stage.rf.rf2rd1\[31\],60.73µm
_01546_,60.6µm
_06362_,60.48µm
_03441_,60.38µm
_06992_,60.37µm
_02858_,60.32µm
_01585_,60.305µm
de.pc_plus4_d\[18\],60.3µm
_06892_,60.24µm
de.pc_e\[12\],60.18µm
_02833_,60.16µm
net24,60.14µm
_06857_,60.1µm
fetch_stage.thread_pc.t_pc\[0\]\[6\],60.03µm
_04211_,59.9µm
_04075_,59.86µm
em.write_data_m\[23\],59.74µm
_05429_,59.64µm
de.pc_plus4_e\[21\],59.56µm
_05814_,59.475µm
em.write_data_m\[16\],59.32µm
_03691_,59.28µm
_05406_,59.24µm
_01310_,59.16µm
clknet_leaf_10_clk_regs,59.08µm
_05873_,59.06µm
_03678_,58.98µm
_06823_,58.94µm
_05265_,58.92µm
_01560_,58.845µm
_06624_,58.82µm
_05963_,58.72µm
_02803_,58.7µm
_05216_,58.7µm
_01711_,58.62µm
_06567_,58.5µm
_01568_,58.46µm
de.pc_plus4_d\[13\],58.46µm
_06614_,58.4µm
_06148_,58.14µm
_02811_,58.12µm
_06843_,58.04µm
_01519_,57.985µm
_01561_,57.92µm
_02939_,57.88µm
decode_stage.rf.rf2rd2\[17\],57.85µm
_01518_,57.825µm
_04205_,57.62µm
_05308_,57.525µm
_03673_,57.52µm
decode_stage.rf.rf2rd2\[12\],57.51µm
_07003_,57.44µm
_05632_,57.27µm
_07036_,57.265µm
_04908_,57.22µm
_05433_,57.14µm
_05473_,57.13µm
de.imm_val_e\[3\],57.11µm
_04904_,57.02µm
_01713_,57µm
_05534_,56.965µm
_05890_,56.84µm
de.pc_plus4_d\[23\],56.8µm
decode_stage.rf.rf2rd1\[27\],56.71µm
_03113_,56.61µm
_01582_,56.585µm
fetch_stage.thread_pc.t_pc\[3\]\[27\],56.585µm
_01506_,56.405µm
_01308_,56.4µm
_00003_,56.325µm
_06650_,56.29µm
_05744_,56.28µm
_03271_,56.22µm
_03807_,56.14µm
_06210_,56.12µm
_06623_,56.07µm
_04375_,56.06µm
em.write_data_m\[22\],56.05µm
_01538_,55.96µm
_02837_,55.88µm
_01213_,55.865µm
_04858_,55.8µm
_06284_,55.72µm
de.pc_plus4_d\[12\],55.72µm
_01201_,55.525µm
decode_stage.rf.rf2rd2\[31\],55.49µm
_06256_,55.44µm
_01670_,55.38µm
_06681_,55.34µm
_07045_,55.33µm
_06226_,55.3µm
fetch_stage.thread_pc.t_pc\[0\]\[4\],55.29µm
_04263_,55.26µm
_01671_,55.16µm
_07125_,55.1µm
_05683_,55.02µm
_01298_,54.965µm
_05684_,54.88µm
_01331_,54.845µm
_01594_,54.845µm
_06069_,54.84µm
clknet_leaf_186_clk_regs,54.84µm
_03985_,54.82µm
net6,54.82µm
decode_stage.rf.rf2rd2\[30\],54.79µm
_06815_,54.78µm
decode_stage.rf.rf2rd1\[11\],54.67µm
_05582_,54.665µm
decode_stage.cu.op\[3\],54.48µm
_01295_,54.46µm
_01490_,54.44µm
_03530_,54.44µm
_04857_,54.38µm
clknet_leaf_8_clk_regs,54.36µm
_01576_,54.345µm
mw.pc_plus4_w\[1\],54.32µm
_01515_,54.295µm
_01189_,54.265µm
_07076_,54.26µm
_01553_,54.225µm
_01407_,54.22µm
_01580_,54.185µm
_03253_,54.04µm
decode_stage.rf.rf2rd1\[16\],53.99µm
net7,53.98µm
decode_stage.rf.rf2rd2\[6\],53.83µm
_06282_,53.76µm
_01508_,53.745µm
_05803_,53.72µm
_03086_,53.7µm
_01489_,53.68µm
_07034_,53.68µm
_04831_,53.58µm
_06542_,53.58µm
fetch_stage.thread_pc.t_pc\[1\]\[4\],53.58µm
_06813_,53.5µm
_06814_,53.46µm
de.pc_plus4_d\[19\],53.38µm
_05485_,53.32µm
_06410_,53.28µm
_03899_,53.24µm
_03385_,53.2µm
_05786_,53.18µm
_03234_,53.16µm
_01505_,53.105µm
_05854_,53.07µm
_03158_,53.055µm
_06943_,52.88µm
_01471_,52.825µm
_04888_,52.73µm
_05876_,52.66µm
_04297_,52.64µm
decode_stage.rf.rf2rd1\[29\],52.59µm
clknet_leaf_32_clk_regs,52.58µm
_06101_,52.57µm
fetch_stage.thread_pc.t_pc\[1\]\[7\],52.56µm
fetch_stage.thread_pc.t_pc\[7\]\[5\],52.48µm
_01525_,52.445µm
_03619_,52.36µm
de.pc_plus4_e\[23\],52.34µm
_05273_,52.28µm
_02849_,52.18µm
_05743_,52.17µm
clknet_leaf_42_clk_regs,52.16µm
_01520_,52.08µm
_03479_,52.06µm
alu_result_m_i\[14\],52.06µm
alu_result_m_i\[26\],52µm
_03706_,51.98µm
_03663_,51.94µm
_03901_,51.92µm
fetch_stage.thread_pc.t_pc\[5\]\[25\],51.88µm
_05630_,51.86µm
de.pc_plus4_d\[30\],51.84µm
clknet_leaf_27_clk_regs,51.84µm
_05280_,51.8µm
de.jump_e,51.78µm
_01514_,51.76µm
_03034_,51.68µm
_01537_,51.665µm
_03451_,51.66µm
net17,51.6µm
_02795_,51.58µm
_01695_,51.56µm
_05118_,51.52µm
_06050_,51.515µm
de.pc_plus4_e\[20\],51.5µm
_01781_,51.4µm
_07186_,51.39µm
_03076_,51.36µm
_03555_,51.36µm
_03329_,51.34µm
_05946_,51.29µm
fetch_stage.thread_pc.t_pc\[4\]\[10\],51.26µm
_01517_,51.245µm
decode_stage.rf.rf2rd2\[23\],51.23µm
_01191_,51.205µm
_04113_,51.14µm
_05730_,51.07µm
decode_stage.rf.rf2rd1\[21\],51.03µm
_01476_,50.96µm
_04862_,50.94µm
_05643_,50.94µm
_05347_,50.92µm
_02794_,50.86µm
_05460_,50.86µm
_01705_,50.82µm
_05449_,50.74µm
_04916_,50.66µm
de.pc_plus4_d\[22\],50.64µm
_06380_,50.54µm
_06972_,50.54µm
_05834_,50.44µm
_03295_,50.42µm
fetch_stage.thread_pc.t_pc\[5\]\[5\],50.4µm
_06137_,50.355µm
_04364_,50.34µm
fetch_stage.thread_pc.t_pc\[4\]\[4\],50.28µm
clknet_leaf_185_clk_regs,50.28µm
decode_stage.rf.rf2rd2\[2\],50.27µm
_01244_,50.26µm
_06507_,50.24µm
_01241_,50.23µm
_01591_,50.225µm
_01509_,50.185µm
_05958_,50.16µm
_01239_,50.14µm
_04118_,50.14µm
_01784_,50.105µm
_03128_,50.06µm
_06914_,50.02µm
_04906_,50µm
_06444_,49.98µm
_03609_,49.96µm
_06784_,49.86µm
_07501_,49.86µm
_02843_,49.82µm
net16,49.82µm
decode_stage.rf.rf2rd2\[9\],49.81µm
_01564_,49.785µm
net11,49.76µm
_03970_,49.74µm
_06441_,49.71µm
_05719_,49.68µm
_07127_,49.62µm
fetch_stage.thread_pc.t_pc\[5\]\[31\],49.595µm
_05342_,49.56µm
_06150_,49.56µm
_05781_,49.5µm
_07180_,49.5µm
_03716_,49.48µm
_03356_,49.45µm
de.pc_d\[22\],49.44µm
_03813_,49.34µm
_06404_,49.33µm
clknet_leaf_45_clk_regs,49.315µm
_01528_,49.275µm
_01602_,49.26µm
de.tid_e\[1\],49.2µm
_06038_,49.18µm
em.pc_plus4_m\[4\],49.16µm
fetch_stage.thread_pc.t_pc\[2\]\[28\],49.105µm
fetch_stage.thread_pc.t_pc\[6\]\[29\],49.1µm
_05977_,49.09µm
_05660_,49.07µm
net8,49.04µm
_01376_,48.94µm
_03300_,48.92µm
_05651_,48.92µm
_01782_,48.905µm
_01584_,48.885µm
decode_stage.rf.rf2rd2\[29\],48.85µm
decode_stage.rf.rf2rd2\[4\],48.85µm
_06995_,48.82µm
_06659_,48.78µm
_01595_,48.72µm
_05840_,48.72µm
_01592_,48.685µm
_04900_,48.64µm
_05367_,48.62µm
de.pc_plus4_d\[25\],48.54µm
_05566_,48.44µm
_06244_,48.4µm
_06653_,48.39µm
_03071_,48.38µm
alu_result_m_i\[29\],48.36µm
_02853_,48.3µm
_05317_,48.3µm
_05571_,48.3µm
_01710_,48.225µm
_06003_,48.21µm
_01708_,48.165µm
_02820_,48.11µm
_07113_,48.06µm
fetch_stage.thread_pc.t_pc\[0\]\[0\],48.02µm
decode_stage.rf.rf1rd2\[13\],48.01µm
_01307_,48.005µm
_03066_,48µm
_03831_,47.98µm
fetch_stage.thread_pc.t_pc\[1\]\[6\],47.97µm
fetch_stage.thread_pc.t_pc\[5\]\[27\],47.95µm
_06714_,47.94µm
_03598_,47.93µm
fetch_stage.thread_pc.t_pc\[7\]\[29\],47.925µm
_03512_,47.9µm
_04019_,47.88µm
_04032_,47.87µm
decode_stage.rf.rf2rd2\[27\],47.83µm
_04054_,47.82µm
_01598_,47.805µm
_04154_,47.8µm
_03603_,47.76µm
_01332_,47.745µm
_05176_,47.74µm
fetch_stage.thread_pc.t_pc\[0\]\[7\],47.685µm
_01473_,47.68µm
net18,47.62µm
_05868_,47.58µm
_05874_,47.55µm
_04108_,47.54µm
de.pc_plus4_e\[22\],47.52µm
_01566_,47.48µm
_04384_,47.44µm
_05703_,47.44µm
alu_result_m_i\[13\],47.42µm
_04250_,47.4µm
_05257_,47.4µm
_01766_,47.385µm
_01365_,47.34µm
de.pc_e\[23\],47.32µm
_02863_,47.28µm
_03397_,47.26µm
de.pc_plus4_e\[15\],47.26µm
_01545_,47.22µm
_03175_,47.22µm
_03682_,47.22µm
_01790_,47.16µm
_04098_,47.14µm
_07085_,47.13µm
_07107_,47.12µm
net13,47.12µm
de.imm_val_e\[4\],47.11µm
_06320_,47.08µm
de.pc_plus4_e\[24\],47.08µm
_04861_,47.05µm
_06747_,47.015µm
net22,47µm
clknet_leaf_30_clk_regs,46.98µm
_01374_,46.96µm
_06000_,46.94µm
_01404_,46.92µm
_04185_,46.92µm
_04892_,46.92µm
de.imm_val_e\[23\],46.88µm
_06021_,46.84µm
_06835_,46.8µm
_01557_,46.785µm
_01559_,46.78µm
_05464_,46.76µm
fetch_stage.thread_pc.t_pc\[1\]\[3\],46.76µm
fetch_stage.thread_pc.t_pc\[7\]\[13\],46.76µm
de.pc_plus4_d\[31\],46.74µm
_06509_,46.72µm
_05299_,46.7µm
de.pc_plus4_d\[29\],46.7µm
_03216_,46.58µm
_01785_,46.56µm
_03783_,46.55µm
_01487_,46.545µm
_05226_,46.52µm
_07496_,46.52µm
_05727_,46.48µm
_07110_,46.48µm
_04810_,46.46µm
fetch_stage.thread_pc.t_pc\[7\]\[18\],46.38µm
em.pc_plus4_m\[22\],46.3µm
_03010_,46.26µm
_01211_,46.245µm
_02805_,46.2µm
decode_stage.rf.rf2rd2\[28\],46.17µm
_05872_,46.16µm
net15,46.16µm
em.pc_plus4_m\[21\],46.1µm
_01539_,46.08µm
_03375_,46.04µm
_05318_,46.04µm
de.pc_e\[10\],46µm
_03195_,45.96µm
_03229_,45.95µm
_03769_,45.92µm
_05612_,45.92µm
_05603_,45.88µm
de.pc_d\[17\],45.86µm
_06655_,45.805µm
_04873_,45.8µm
_03778_,45.73µm
_06617_,45.72µm
alu_result_m_i\[27\],45.7µm
_01649_,45.66µm
fetch_stage.thread_pc.t_pc\[0\]\[5\],45.645µm
_07170_,45.64µm
net23,45.62µm
_04555_,45.6µm
_03120_,45.48µm
de.imm_val_e\[20\],45.48µm
_01300_,45.44µm
_01589_,45.405µm
_04076_,45.4µm
_01486_,45.365µm
de.pc_plus4_d\[10\],45.36µm
_01484_,45.345µm
_03323_,45.34µm
_02814_,45.3µm
_05816_,45.28µm
_01492_,45.265µm
em.pc_plus4_m\[3\],45.26µm
_05443_,45.255µm
_01237_,45.18µm
_02978_,45.18µm
_01650_,45.125µm
_05357_,45.075µm
de.pc_plus4_e\[27\],45.06µm
_03215_,45.04µm
_06089_,45.04µm
_05945_,45.02µm
_01583_,44.985µm
fetch_stage.thread_pc.t_pc\[3\]\[3\],44.985µm
_01596_,44.965µm
_07497_,44.86µm
_06307_,44.84µm
_04168_,44.82µm
_05227_,44.81µm
_04875_,44.8µm
_05572_,44.8µm
_01556_,44.785µm
_04881_,44.76µm
_05692_,44.68µm
decode_stage.rf.rf2rd2\[19\],44.67µm
_01787_,44.665µm
_05366_,44.58µm
_02804_,44.56µm
_02847_,44.56µm
_07500_,44.54µm
de.pc_plus4_e\[4\],44.52µm
_03020_,44.49µm
fetch_stage.thread_pc.t_pc\[3\]\[7\],44.49µm
_05462_,44.48µm
_06296_,44.48µm
de.rd_d\[2\],44.48µm
de.pc_plus4_e\[17\],44.46µm
_01768_,44.425µm
_03243_,44.405µm
fetch_stage.thread_pc.t_pc\[5\]\[19\],44.405µm
_01222_,44.38µm
_02903_,44.38µm
_07196_,44.38µm
_01325_,44.36µm
fetch_stage.thread_pc.t_pc\[0\]\[13\],44.32µm
fetch_stage.thread_pc.t_pc\[3\]\[26\],44.305µm
decode_stage.rf.rf2rd1\[23\],44.25µm
_03446_,44.22µm
fetch_stage.thread_pc.t_pc\[0\]\[12\],44.16µm
fetch_stage.thread_pc.t_pc\[0\]\[3\],44.12µm
_03318_,44.1µm
_05249_,44.08µm
de.pc_plus4_d\[24\],44.08µm
_04818_,44.06µm
_01242_,44.045µm
fetch_stage.thread_pc.t_pc\[4\]\[19\],44.02µm
de.pc_plus4_d\[26\],44µm
_05965_,43.98µm
fetch_stage.thread_pc.t_pc\[1\]\[29\],43.98µm
_04162_,43.96µm
_01342_,43.905µm
_02852_,43.9µm
_06031_,43.9µm
de.pc_plus4_e\[3\],43.88µm
_03380_,43.875µm
_03344_,43.86µm
de.imm_val_e\[31\],43.86µm
_01669_,43.84µm
net27,43.82µm
_05922_,43.74µm
_04835_,43.71µm
_01491_,43.705µm
_03144_,43.68µm
_07465_,43.58µm
_06428_,43.54µm
net9,43.54µm
fetch_stage.thread_pc.t_pc\[3\]\[11\],43.44µm
fetch_stage.thread_pc.t_pc\[3\]\[9\],43.42µm
_05702_,43.4µm
_05893_,43.4µm
fetch_stage.thread_pc.t_pc\[0\]\[29\],43.38µm
_07178_,43.36µm
_06155_,43.33µm
_03466_,43.3µm
_06386_,43.3µm
_01786_,43.28µm
_03653_,43.28µm
_04256_,43.24µm
_05956_,43.22µm
_06924_,43.22µm
_05442_,43.2µm
_01703_,43.185µm
de.pc_plus4_e\[16\],43.18µm
_01597_,43.125µm
_01770_,43.085µm
de.pc_plus4_e\[19\],43.06µm
fetch_stage.thread_pc.t_pc\[5\]\[9\],43.06µm
_02913_,43.04µm
_06127_,43.04µm
_03443_,43.02µm
_03744_,43µm
_03792_,43µm
_05718_,43µm
_06810_,42.98µm
_01593_,42.96µm
_03873_,42.94µm
_01765_,42.925µm
_04180_,42.91µm
_03592_,42.89µm
fetch_stage.thread_pc.t_pc\[5\]\[28\],42.88µm
_01550_,42.805µm
_03007_,42.76µm
_06005_,42.76µm
_05343_,42.72µm
_03836_,42.7µm
_04914_,42.7µm
_05562_,42.7µm
_01581_,42.665µm
de.pc_d\[27\],42.62µm
_06073_,42.6µm
_06551_,42.5µm
_01240_,42.495µm
_01619_,42.48µm
_02972_,42.45µm
_04954_,42.44µm
fetch_stage.thread_pc.t_pc\[5\]\[30\],42.44µm
decode_stage.rf.rf2rd2\[14\],42.41µm
_03721_,42.4µm
_03214_,42.38µm
_05653_,42.38µm
_03417_,42.32µm
_03563_,42.28µm
_05567_,42.28µm
_01759_,42.265µm
_03952_,42.24µm
_06571_,42.23µm
_05607_,42.22µm
_03749_,42.2µm
_06926_,42.2µm
_04950_,42.18µm
_01767_,42.145µm
de.pc_plus4_d\[28\],42.14µm
_05487_,42.12µm
_06312_,42.08µm
fetch_stage.thread_pc.t_pc\[5\]\[22\],42.08µm
_06698_,42.06µm
_01246_,42.025µm
_01577_,42µm
fetch_stage.thread_pc.t_pc\[6\]\[27\],42µm
_05563_,41.98µm
_06523_,41.98µm
_07498_,41.94µm
_01554_,41.86µm
de.pc_plus4_e\[31\],41.86µm
_01706_,41.845µm
clknet_leaf_33_clk_regs,41.84µm
_03541_,41.82µm
_01475_,41.78µm
_05715_,41.76µm
de.pc_e\[19\],41.76µm
_01755_,41.745µm
_03927_,41.74µm
_04996_,41.68µm
_05463_,41.68µm
_01334_,41.625µm
fetch_stage.thread_pc.t_pc\[7\]\[7\],41.62µm
_02997_,41.6µm
_03401_,41.58µm
_06376_,41.54µm
_06314_,41.52µm
de.pc_plus4_d\[21\],41.5µm
_04365_,41.46µm
_04379_,41.46µm
_04886_,41.46µm
fetch_stage.thread_pc.t_pc\[6\]\[21\],41.44µm
de.alu_control_e\[2\],41.4µm
fetch_stage.thread_pc.t_pc\[7\]\[30\],41.36µm
_01601_,41.32µm
decode_stage.rf.rf2rd1\[18\],41.31µm
fetch_stage.thread_pc.t_pc\[1\]\[27\],41.27µm
_03351_,41.26µm
fetch_stage.thread_pc.t_pc\[2\]\[2\],41.245µm
_03923_,41.24µm
_04340_,41.24µm
_04561_,41.24µm
_05751_,41.2µm
_06757_,41.2µm
alu_result_m_i\[28\],41.2µm
_01322_,41.165µm
_01658_,41.16µm
_02942_,41.16µm
_05435_,41.14µm
_07217_,41.14µm
_01599_,41.125µm
_01472_,41.105µm
_03898_,41.1µm
_04148_,41.1µm
_06471_,41.1µm
em.pc_plus4_m\[26\],41.1µm
_06259_,41.04µm
_06769_,41.04µm
_01216_,41.025µm
_03118_,41µm
_03573_,41µm
_06603_,40.98µm
_04890_,40.96µm
_03909_,40.945µm
fetch_stage.thread_pc.t_pc\[6\]\[22\],40.94µm
_03238_,40.92µm
fetch_stage.thread_pc.t_pc\[5\]\[7\],40.92µm
fetch_stage.thread_pc.t_pc\[3\]\[6\],40.9µm
em.pc_plus4_m\[29\],40.86µm
de.pc_plus4_e\[28\],40.8µm
_05119_,40.78µm
_04306_,40.74µm
_04093_,40.695µm
_03525_,40.68µm
_04385_,40.68µm
_05505_,40.66µm
_06225_,40.66µm
_03173_,40.64µm
_06051_,40.62µm
decode_stage.rf.rf2rd2\[20\],40.53µm
fetch_stage.thread_pc.t_pc\[2\]\[6\],40.52µm
fetch_stage.thread_pc.t_pc\[2\]\[29\],40.505µm
_01558_,40.46µm
_04864_,40.46µm
_06712_,40.46µm
_06496_,40.43µm
_05635_,40.4µm
em.pc_plus4_m\[6\],40.4µm
_01657_,40.28µm
_01792_,40.28µm
_04169_,40.26µm
_01552_,40.225µm
_04195_,40.18µm
_06768_,40.17µm
_03389_,40.16µm
_06682_,40.16µm
_05731_,40.15µm
de.pc_e\[2\],40.1µm
_04267_,40.09µm
fetch_stage.thread_pc.t_pc\[3\]\[23\],40.085µm
fetch_stage.thread_pc.t_pc\[5\]\[3\],40.08µm
fetch_stage.thread_pc.t_pc\[3\]\[24\],40.06µm
fetch_stage.thread_pc.t_pc\[0\]\[28\],40.035µm
_01578_,40.02µm
fetch_stage.thread_pc.t_pc\[3\]\[0\],40.02µm
fetch_stage.thread_pc.t_pc\[7\]\[8\],40.02µm
_00010_,39.985µm
_06015_,39.95µm
em.pc_plus4_m\[24\],39.94µm
_04224_,39.92µm
_05300_,39.92µm
_03412_,39.9µm
_05605_,39.9µm
net10,39.9µm
_03258_,39.88µm
_05467_,39.86µm
de.pc_d\[24\],39.86µm
clknet_leaf_28_clk_regs,39.86µm
_03928_,39.84µm
_01197_,39.825µm
_01320_,39.825µm
_05661_,39.82µm
_05457_,39.8µm
_05540_,39.725µm
_05775_,39.66µm
decode_stage.rf.rf2rd2\[11\],39.65µm
_01549_,39.64µm
fetch_stage.thread_pc.t_pc\[0\]\[20\],39.585µm
_06589_,39.58µm
_01774_,39.52µm
_05459_,39.52µm
_01529_,39.5µm
fetch_stage.thread_pc.t_pc\[7\]\[15\],39.485µm
_01575_,39.445µm
_01709_,39.42µm
_03549_,39.4µm
_05587_,39.36µm
em.pc_plus4_m\[14\],39.36µm
_04799_,39.325µm
_01297_,39.265µm
_04143_,39.26µm
fetch_stage.thread_pc.t_pc\[7\]\[25\],39.26µm
_02854_,39.24µm
_06009_,39.24µm
_03519_,39.22µm
em.pc_plus4_m\[25\],39.22µm
fetch_stage.thread_pc.t_pc\[4\]\[31\],39.205µm
_04292_,39.2µm
_02800_,39.18µm
_03894_,39.18µm
_04643_,39.18µm
_06201_,39.16µm
_01236_,39.145µm
em.write_data_m\[24\],39.1µm
_06133_,39.095µm
de.imm_val_e\[2\],39.09µm
_05862_,39.08µm
_04920_,39.06µm
_05094_,39.06µm
_06395_,39.05µm
_01247_,39.025µm
_05999_,39.01µm
_06993_,39µm
_03634_,38.98µm
em.write_data_m\[31\],38.96µm
de.pc_d\[26\],38.94µm
_03057_,38.9µm
_03483_,38.9µm
_05123_,38.9µm
_05575_,38.9µm
_06355_,38.9µm
_01769_,38.885µm
_01330_,38.88µm
_04342_,38.78µm
_04354_,38.78µm
_05371_,38.78µm
_06160_,38.78µm
_01702_,38.74µm
fetch_stage.thread_pc.t_pc\[5\]\[10\],38.735µm
_05508_,38.73µm
_04064_,38.72µm
_04944_,38.7µm
_03955_,38.68µm
fetch_stage.thread_pc.t_pc\[2\]\[19\],38.585µm
_01335_,38.565µm
_01364_,38.56µm
_06327_,38.56µm
alu_result_m_i\[24\],38.56µm
_01498_,38.485µm
fetch_stage.thread_pc.t_pc\[4\]\[2\],38.465µm
_03406_,38.46µm
em.pc_plus4_m\[18\],38.46µm
_01648_,38.445µm
_04261_,38.44µm
_01548_,38.425µm
_04918_,38.4µm
fetch_stage.thread_pc.t_pc\[3\]\[22\],38.4µm
_07016_,38.38µm
_01646_,38.34µm
_05696_,38.34µm
_03841_,38.3µm
fetch_stage.thread_pc.t_pc\[5\]\[12\],38.3µm
de.pc_d\[25\],38.28µm
_04124_,38.24µm
de.res_src_e\[0\],38.24µm
_02941_,38.22µm
_04910_,38.22µm
fetch_stage.thread_pc.t_pc\[6\]\[5\],38.2µm
_02945_,38.19µm
_05633_,38.18µm
fetch_stage.thread_pc.t_pc\[2\]\[20\],38.155µm
_01551_,38.105µm
_05721_,38.1µm
fetch_stage.thread_pc.t_pc\[6\]\[6\],38.1µm
_01569_,38.085µm
_02867_,38.08µm
_03470_,38.08µm
_06601_,38.06µm
_07454_,38.06µm
mw.read_data_w\[2\],38.06µm
_01757_,37.945µm
_02899_,37.94µm
_02874_,37.9µm
_05494_,37.9µm
fetch_stage.thread_pc.t_pc\[2\]\[18\],37.9µm
fetch_stage.thread_pc.t_pc\[7\]\[11\],37.9µm
fetch_stage.thread_pc.t_pc\[5\]\[11\],37.865µm
_03088_,37.86µm
fetch_stage.thread_pc.t_pc\[0\]\[21\],37.85µm
_04946_,37.84µm
_01573_,37.805µm
_01219_,37.785µm
_06453_,37.74µm
_06676_,37.72µm
alu_result_m_i\[12\],37.72µm
_06882_,37.68µm
_06948_,37.68µm
_03587_,37.64µm
_01788_,37.62µm
_05414_,37.58µm
_05871_,37.565µm
_04272_,37.56µm
alu_result_m_i\[23\],37.56µm
fetch_stage.thread_pc.t_pc\[6\]\[7\],37.56µm
_03431_,37.5µm
fetch_stage.thread_pc.t_pc\[7\]\[10\],37.47µm
fetch_stage.thread_pc.t_pc\[2\]\[7\],37.42µm
fetch_stage.thread_pc.t_pc\[4\]\[12\],37.42µm
_03174_,37.38µm
_06182_,37.38µm
_01748_,37.345µm
_05241_,37.3µm
fetch_stage.thread_pc.t_pc\[7\]\[27\],37.3µm
_04039_,37.26µm
net26,37.26µm
fetch_stage.thread_pc.t_pc\[7\]\[31\],37.245µm
_01417_,37.24µm
_05713_,37.24µm
de.pc_plus4_d\[6\],37.24µm
_01620_,37.225µm
_05860_,37.2µm
_06266_,37.2µm
_06936_,37.18µm
de.pc_plus4_d\[27\],37.14µm
fetch_stage.thread_pc.t_pc\[7\]\[4\],37.14µm
_01721_,37.12µm
em.pc_plus4_m\[12\],37.1µm
_02946_,37.08µm
_03695_,37.08µm
_03865_,37.08µm
_05961_,37.08µm
_03854_,37µm
_06308_,37µm
de.pc_e\[14\],37µm
_05902_,36.98µm
_06899_,36.96µm
de.pc_plus4_e\[18\],36.96µm
_03192_,36.88µm
_05967_,36.88µm
_01336_,36.865µm
_03365_,36.86µm
_01789_,36.78µm
memory_stage.dm.ram\[6\]\[3\],36.78µm
_06692_,36.74µm
_05202_,36.69µm
_07099_,36.68µm
fetch_stage.thread_pc.t_pc\[0\]\[11\],36.6µm
_05565_,36.54µm
_04948_,36.51µm
_05899_,36.5µm
_03387_,36.48µm
_03416_,36.48µm
_03889_,36.48µm
_04123_,36.46µm
_06792_,36.44µm
_01368_,36.42µm
fetch_stage.thread_pc.t_pc\[7\]\[3\],36.405µm
_04877_,36.4µm
_04330_,36.38µm
_05360_,36.37µm
_01482_,36.345µm
_04894_,36.3µm
fetch_stage.thread_pc.t_pc\[1\]\[0\],36.285µm
fetch_stage.thread_pc.t_pc\[0\]\[16\],36.245µm
_01779_,36.22µm
_01306_,36.185µm
_07134_,36.18µm
de.pc_plus4_d\[5\],36.18µm
_01481_,36.165µm
_01493_,36.165µm
_03148_,36.15µm
fetch_stage.thread_pc.t_pc\[1\]\[21\],36.135µm
_01590_,36.105µm
_04882_,36.1µm
_05570_,36.1µm
_05126_,36.08µm
_07452_,36.08µm
clknet_leaf_43_clk_regs,36.07µm
_01780_,36.06µm
_06807_,36.06µm
fetch_stage.thread_pc.t_pc\[1\]\[28\],36.06µm
_05328_,36.04µm
_03248_,36.02µm
_03168_,36µm
fetch_stage.thread_pc.t_pc\[2\]\[25\],36µm
fetch_stage.thread_pc.t_pc\[6\]\[31\],35.985µm
_07046_,35.96µm
_05957_,35.94µm
fetch_stage.thread_pc.t_pc\[2\]\[26\],35.925µm
_07111_,35.92µm
_05638_,35.88µm
decode_stage.rf.rf2rd2\[18\],35.87µm
_06512_,35.86µm
_06219_,35.84µm
de.pc_plus4_e\[25\],35.82µm
de.funct3_e\[13\],35.78µm
_03482_,35.76µm
_04902_,35.74µm
_03023_,35.72µm
_05875_,35.72µm
_05346_,35.7µm
_06022_,35.7µm
_01643_,35.66µm
_04011_,35.64µm
_04874_,35.64µm
_05465_,35.64µm
_05735_,35.6µm
_06478_,35.6µm
_01727_,35.585µm
_06555_,35.58µm
_06174_,35.56µm
em.pc_plus4_m\[23\],35.56µm
_01323_,35.54µm
_01783_,35.54µm
fetch_stage.thread_pc.t_pc\[2\]\[24\],35.525µm
fetch_stage.thread_pc.t_pc\[3\]\[10\],35.52µm
decode_stage.rf.rf2rd2\[0\],35.51µm
_05092_,35.5µm
_01311_,35.485µm
_04929_,35.48µm
_03163_,35.46µm
_01388_,35.42µm
_03350_,35.4µm
_06687_,35.4µm
de.pc_plus4_d\[11\],35.34µm
_05125_,35.32µm
fetch_stage.thread_pc.t_pc\[1\]\[19\],35.305µm
_01555_,35.3µm
_03266_,35.3µm
de.alu_control_e\[9\],35.3µm
fetch_stage.thread_pc.t_pc\[3\]\[2\],35.28µm
em.pc_plus4_m\[20\],35.26µm
de.pc_plus4_d\[9\],35.24µm
fetch_stage.thread_pc.t_pc\[1\]\[25\],35.24µm
_07073_,35.22µm
_01600_,35.2µm
_05469_,35.2µm
_06638_,35.14µm
decode_stage.rf.rf2rd2\[13\],35.13µm
fetch_stage.thread_pc.t_pc\[7\]\[22\],35.125µm
_03386_,35.1µm
_06100_,35.1µm
fetch_stage.thread_pc.t_pc\[7\]\[0\],35.1µm
decode_stage.cu.op\[2\],35.08µm
_01494_,35.065µm
_07012_,35.04µm
_01639_,35.005µm
fetch_stage.thread_pc.t_pc\[4\]\[7\],35.005µm
de.pc_d\[19\],34.98µm
fetch_stage.thread_pc.t_pc\[0\]\[8\],34.975µm
_01243_,34.965µm
_06008_,34.95µm
fetch_stage.thread_pc.t_pc\[4\]\[8\],34.925µm
de.pc_plus4_d\[7\],34.92µm
fetch_stage.thread_pc.t_pc\[7\]\[21\],34.91µm
_03259_,34.9µm
_07010_,34.9µm
_01574_,34.865µm
_02990_,34.84µm
_06524_,34.84µm
_05309_,34.82µm
_01579_,34.8µm
_03379_,34.8µm
_04829_,34.8µm
_05724_,34.8µm
_03701_,34.78µm
_04133_,34.76µm
_05507_,34.76µm
fetch_stage.thread_pc.t_pc\[4\]\[27\],34.74µm
_05823_,34.735µm
_06469_,34.71µm
_03403_,34.7µm
_04089_,34.68µm
alu_result_m_i\[25\],34.68µm
fetch_stage.thread_pc.t_pc\[4\]\[21\],34.68µm
_01707_,34.665µm
fetch_stage.thread_pc.t_pc\[6\]\[9\],34.645µm
_03800_,34.64µm
_04320_,34.64µm
_05939_,34.62µm
de.mem_write_e,34.62µm
_01565_,34.6µm
_06215_,34.6µm
_01791_,34.585µm
em.pc_plus4_m\[27\],34.58µm
fetch_stage.thread_pc.t_pc\[0\]\[30\],34.545µm
_05666_,34.52µm
decode_stage.rd_w\[0\],34.52µm
_01543_,34.505µm
_06828_,34.5µm
_05203_,34.48µm
de.pc_plus4_e\[10\],34.48µm
fetch_stage.thread_pc.t_pc\[2\]\[9\],34.48µm
fetch_stage.thread_pc.t_pc\[7\]\[19\],34.47µm
_06847_,34.46µm
_04299_,34.44µm
_03000_,34.42µm
_04200_,34.42µm
_05663_,34.42µm
de.pc_plus4_e\[6\],34.42µm
fetch_stage.thread_pc.t_pc\[0\]\[18\],34.42µm
fetch_stage.thread_pc.t_pc\[0\]\[31\],34.42µm
_01652_,34.4µm
_01357_,34.365µm
_02869_,34.34µm
de.pc_plus4_e\[29\],34.34µm
_06301_,34.3µm
_04804_,34.26µm
fetch_stage.thread_pc.t_pc\[2\]\[27\],34.245µm
_01305_,34.235µm
fetch_stage.thread_pc.t_pc\[3\]\[19\],34.22µm
de.pc_e\[13\],34.2µm
_03790_,34.18µm
_03996_,34.14µm
_05584_,34.14µm
mw.read_data_w\[1\],34.14µm
fetch_stage.thread_pc.t_pc\[4\]\[22\],34.12µm
em.pc_plus4_m\[28\],34.08µm
_05817_,34.06µm
_05198_,34.04µm
_06354_,34.02µm
_07151_,34.02µm
fetch_stage.thread_pc.t_pc\[2\]\[3\],33.965µm
fetch_stage.thread_pc.t_pc\[4\]\[5\],33.95µm
alu_result_m_i\[21\],33.94µm
de.pc_d\[13\],33.94µm
_05152_,33.92µm
_06967_,33.9µm
de.pc_plus4_e\[14\],33.9µm
fetch_stage.thread_pc.t_pc\[4\]\[25\],33.9µm
_05564_,33.88µm
fetch_stage.thread_pc.t_pc\[3\]\[5\],33.88µm
fetch_stage.thread_pc.t_pc\[6\]\[13\],33.88µm
_01793_,33.86µm
_06648_,33.86µm
_05561_,33.84µm
_01294_,33.82µm
_03686_,33.82µm
_07453_,33.82µm
_04310_,33.81µm
_01499_,33.805µm
_06152_,33.805µm
_01479_,33.8µm
_04626_,33.8µm
_06871_,33.8µm
de.imm_val_e\[24\],33.8µm
clknet_leaf_156_clk_regs,33.78µm
_01474_,33.765µm
_06831_,33.76µm
_05466_,33.74µm
_06250_,33.74µm
_04898_,33.72µm
_06641_,33.72µm
fetch_stage.thread_pc.t_pc\[6\]\[15\],33.72µm
_04152_,33.7µm
_05364_,33.7µm
_01651_,33.68µm
fetch_stage.thread_pc.t_pc\[0\]\[25\],33.68µm
_06679_,33.66µm
de.pc_plus4_e\[30\],33.66µm
_04322_,33.64µm
de.pc_plus4_d\[3\],33.62µm
_06452_,33.6µm
em.pc_plus4_m\[7\],33.58µm
_04887_,33.48µm
_05882_,33.48µm
_06634_,33.475µm
_05243_,33.46µm
de.imm_val_e\[6\],33.46µm
fetch_stage.thread_pc.t_pc\[5\]\[0\],33.425µm
fetch_stage.thread_pc.t_pc\[2\]\[4\],33.42µm
_04353_,33.38µm
_05708_,33.38µm
_05296_,33.35µm
_05383_,33.34µm
_05896_,33.34µm
_04015_,33.3µm
fetch_stage.thread_pc.t_pc\[2\]\[8\],33.29µm
_06503_,33.28µm
_05458_,33.24µm
mw.result_src_w\[0\],33.24µm
_06042_,33.23µm
_04797_,33.22µm
em.pc_plus4_m\[30\],33.22µm
_05706_,33.2µm
_06168_,33.2µm
_06490_,33.2µm
_03198_,33.18µm
_06721_,33.16µm
de.pc_plus4_e\[7\],33.14µm
_04915_,33.12µm
fetch_stage.thread_pc.t_pc\[6\]\[8\],33.12µm
alu_result_m_i\[20\],33.1µm
_06982_,33.08µm
fetch_stage.thread_pc.t_pc\[4\]\[17\],33.07µm
fetch_stage.thread_pc.t_pc\[0\]\[2\],33.045µm
de.pc_e\[9\],33.04µm
decode_stage.rf.rf2rd2\[7\],33.03µm
_01217_,32.985µm
_05090_,32.98µm
_05161_,32.98µm
em.pc_plus4_m\[19\],32.98µm
fetch_stage.thread_pc.t_pc\[2\]\[11\],32.925µm
_04952_,32.92µm
fetch_stage.thread_pc.t_pc\[4\]\[9\],32.89µm
_01338_,32.88µm
_03796_,32.88µm
alu_result_m_i\[10\],32.88µm
_01238_,32.865µm
_03688_,32.86µm
_03931_,32.84µm
fetch_stage.thread_pc.t_pc\[7\]\[9\],32.84µm
_04830_,32.8µm
fetch_stage.thread_pc.t_pc\[7\]\[24\],32.8µm
_05506_,32.78µm
_07114_,32.78µm
fetch_stage.thread_pc.t_pc\[0\]\[1\],32.78µm
_04925_,32.76µm
fetch_stage.thread_pc.t_pc\[0\]\[15\],32.76µm
fetch_stage.thread_pc.t_pc\[1\]\[12\],32.74µm
_03986_,32.735µm
_04092_,32.72µm
fetch_stage.thread_pc.t_pc\[4\]\[30\],32.705µm
_04917_,32.7µm
_04041_,32.68µm
fetch_stage.thread_pc.t_pc\[2\]\[23\],32.665µm
_01685_,32.66µm
_07142_,32.66µm
em.pc_plus4_m\[9\],32.66µm
memory_stage.dm.ram\[48\]\[14\],32.66µm
decode_stage.rf.rf2rd2\[15\],32.57µm
em.pc_plus4_m\[13\],32.56µm
mw.read_data_w\[4\],32.56µm
fetch_stage.thread_pc.t_pc\[1\]\[18\],32.52µm
_03422_,32.46µm
_05311_,32.42µm
de.pc_d\[11\],32.42µm
_06607_,32.35µm
_03770_,32.34µm
clknet_leaf_31_clk_regs,32.34µm
fetch_stage.thread_pc.t_pc\[4\]\[1\],32.32µm
fetch_stage.thread_pc.t_pc\[1\]\[31\],32.305µm
fetch_stage.thread_pc.t_pc\[6\]\[19\],32.3µm
_01777_,32.28µm
_04630_,32.28µm
_05782_,32.23µm
_01542_,32.205µm
_03994_,32.18µm
_05764_,32.18µm
_02809_,32.16µm
_03364_,32.16µm
de.pc_e\[18\],32.12µm
fetch_stage.thread_pc.t_pc\[0\]\[22\],32.12µm
_01497_,32.1µm
_04316_,32.1µm
_01218_,32.065µm
em.pc_plus4_m\[15\],32.06µm
fetch_stage.thread_pc.t_pc\[6\]\[25\],32.05µm
_01235_,32.045µm
_03726_,32.04µm
_06912_,32.04µm
_07023_,32µm
em.pc_plus4_m\[10\],32µm
_01659_,31.985µm
fetch_stage.thread_pc.t_pc\[1\]\[22\],31.96µm
fetch_stage.thread_pc.t_pc\[3\]\[4\],31.96µm
_04146_,31.92µm
_04234_,31.92µm
_05668_,31.92µm
_07341_,31.92µm
alu_result_m_i\[11\],31.92µm
fetch_stage.thread_pc.t_pc\[6\]\[12\],31.92µm
_01245_,31.9µm
_05585_,31.9µm
_03492_,31.88µm
_04328_,31.88µm
clknet_leaf_182_clk_regs,31.88µm
_05659_,31.86µm
_01756_,31.845µm
de.pc_plus4_e\[8\],31.84µm
decode_stage.rf.rf2rd2\[8\],31.83µm
_03491_,31.82µm
_05129_,31.82µm
_01496_,31.805µm
_05322_,31.805µm
de.imm_val_e\[22\],31.76µm
fetch_stage.thread_pc.t_pc\[7\]\[12\],31.76µm
_01248_,31.745µm
_06836_,31.74µm
_03932_,31.72µm
de.rd_e\[2\],31.7µm
de.imm_val_e\[0\],31.69µm
_04893_,31.66µm
_05588_,31.64µm
_01370_,31.6µm
_03294_,31.6µm
_03094_,31.58µm
de.pc_plus4_d\[8\],31.58µm
memory_stage.dm.ram\[38\]\[12\],31.565µm
_01641_,31.56µm
_04878_,31.54µm
_05261_,31.54µm
_01485_,31.52µm
_02884_,31.48µm
_06384_,31.465µm
memory_stage.dm.ram\[36\]\[20\],31.46µm
_04942_,31.44µm
fetch_stage.thread_pc.t_pc\[4\]\[11\],31.44µm
_05447_,31.43µm
_06393_,31.42µm
memory_stage.dm.ram\[57\]\[9\],31.4µm
_02801_,31.36µm
fetch_stage.thread_pc.t_pc\[6\]\[2\],31.32µm
_01478_,31.28µm
_05797_,31.28µm
_06742_,31.28µm
_05509_,31.26µm
fetch_stage.thread_pc.t_pc\[4\]\[28\],31.245µm
_03039_,31.24µm
_05832_,31.24µm
_07502_,31.24µm
_01292_,31.22µm
fetch_stage.thread_pc.t_pc\[1\]\[11\],31.22µm
_01735_,31.205µm
_06351_,31.2µm
fetch_stage.thread_pc.t_pc\[7\]\[28\],31.18µm
_06080_,31.17µm
fetch_stage.thread_pc.t_pc\[2\]\[31\],31.17µm
_02831_,31.16µm
em.pc_plus4_m\[31\],31.16µm
_01728_,31.125µm
_01889_,31.125µm
fetch_stage.thread_pc.t_pc\[0\]\[10\],31.1µm
fetch_stage.thread_pc.t_pc\[0\]\[27\],31.09µm
_04454_,31.08µm
_03338_,31.04µm
_05953_,31.04µm
_05955_,31.02µm
memory_stage.dm.ram\[16\]\[5\],31.02µm
_03808_,31.015µm
_06501_,30.96µm
_05389_,30.94µm
_04287_,30.92µm
fetch_stage.thread_pc.t_pc\[5\]\[29\],30.92µm
_05461_,30.9µm
fetch_stage.thread_pc.t_pc\[5\]\[23\],30.895µm
_06377_,30.88µm
_01698_,30.86µm
_03219_,30.86µm
_07093_,30.86µm
_03206_,30.84µm
_06988_,30.84µm
_01339_,30.825µm
_02830_,30.82µm
_05845_,30.82µm
_06292_,30.82µm
_06811_,30.8µm
_03280_,30.78µm
fetch_stage.thread_pc.t_pc\[5\]\[18\],30.78µm
_03083_,30.76µm
_04359_,30.74µm
_06932_,30.74µm
_01778_,30.725µm
_02907_,30.68µm
_05802_,30.68µm
de.imm_val_e\[30\],30.66µm
de.pc_d\[29\],30.66µm
memory_stage.dm.ram\[37\]\[27\],30.66µm
_01751_,30.645µm
_04304_,30.6µm
_06159_,30.6µm
_06257_,30.6µm
fetch_stage.thread_pc.t_pc\[4\]\[15\],30.58µm
_06976_,30.565µm
_04016_,30.56µm
_04020_,30.56µm
_04147_,30.54µm
_05163_,30.52µm
_04885_,30.5µm
de.pc_e\[30\],30.5µm
_01686_,30.48µm
_01488_,30.445µm
_01699_,30.44µm
_07031_,30.44µm
alu_result_m_i\[15\],30.44µm
_01567_,30.435µm
_01736_,30.425µm
em.pc_plus4_m\[8\],30.36µm
fetch_stage.thread_pc.t_pc\[3\]\[25\],30.355µm
_05975_,30.34µm
_01750_,30.325µm
de.pc_e\[24\],30.32µm
fetch_stage.thread_pc.t_pc\[4\]\[3\],30.3µm
de.pc_e\[22\],30.28µm
em.pc_plus4_m\[5\],30.28µm
_07121_,30.2µm
memory_stage.dm.ram\[42\]\[5\],30.18µm
_03436_,30.16µm
_05398_,30.14µm
_06315_,30.12µm
_06838_,30.12µm
fetch_stage.thread_pc.t_pc\[5\]\[21\],30.12µm
fetch_stage.thread_pc.t_pc\[0\]\[14\],30.085µm
_04309_,30.08µm
_04921_,30.06µm
_06285_,30.06µm
de.imm_val_e\[28\],30.06µm
_00856_,30µm
_06891_,29.98µm
de.pc_e\[25\],29.98µm
_04376_,29.96µm
_06254_,29.96µm
_06848_,29.96µm
_05907_,29.94µm
_06772_,29.94µm
_07027_,29.94µm
fetch_stage.thread_pc.t_pc\[2\]\[5\],29.925µm
_05220_,29.9µm
_03141_,29.88µm
_03575_,29.88µm
_06756_,29.88µm
_06657_,29.87µm
_04621_,29.86µm
_01480_,29.84µm
_03987_,29.84µm
fetch_stage.thread_pc.t_pc\[6\]\[16\],29.8µm
fetch_stage.thread_pc.t_pc\[5\]\[13\],29.795µm
_01731_,29.745µm
_01282_,29.705µm
_05701_,29.7µm
_06528_,29.695µm
_04378_,29.68µm
memory_stage.dm.ram\[28\]\[2\],29.66µm
_03951_,29.6µm
_04907_,29.6µm
_04479_,29.58µm
_06337_,29.58µm
_03954_,29.56µm
_06385_,29.56µm
_01771_,29.465µm
_01700_,29.445µm
_05109_,29.44µm
de.pc_d\[20\],29.44µm
mw.read_data_w\[0\],29.44µm
fetch_stage.thread_pc.t_pc\[3\]\[15\],29.42µm
_03001_,29.4µm
_03497_,29.4µm
_06102_,29.4µm
_01704_,29.365µm
mw.read_data_w\[6\],29.36µm
_05115_,29.345µm
fetch_stage.thread_pc.t_pc\[5\]\[1\],29.345µm
_05577_,29.34µm
em.result_src_m\[0\],29.34µm
_01730_,29.325µm
_01115_,29.3µm
fetch_stage.thread_pc.t_pc\[6\]\[17\],29.285µm
_03407_,29.26µm
_04956_,29.24µm
fetch_stage.thread_pc.t_pc\[3\]\[31\],29.24µm
_04266_,29.22µm
_06853_,29.22µm
_03893_,29.2µm
_06531_,29.185µm
_05201_,29.16µm
_03373_,29.14µm
de.tid_e\[0\],29.1µm
memory_stage.dm.ram\[20\]\[6\],29.1µm
fetch_stage.thread_pc.t_pc\[2\]\[30\],29.065µm
fetch_stage.thread_pc.t_pc\[5\]\[24\],29.06µm
_05215_,29.04µm
_03368_,29.02µm
fetch_stage.thread_pc.t_pc\[1\]\[1\],29.02µm
fetch_stage.thread_pc.t_pc\[3\]\[13\],29.02µm
mw.read_data_w\[24\],29.02µm
_01693_,29µm
fetch_stage.thread_pc.t_pc\[4\]\[24\],28.985µm
_05166_,28.94µm
_05359_,28.94µm
_06842_,28.94µm
de.pc_e\[16\],28.94µm
memory_stage.dm.ram\[24\]\[28\],28.94µm
_04335_,28.92µm
_04469_,28.92µm
_01221_,28.905µm
_05468_,28.9µm
fetch_stage.thread_pc.t_pc\[1\]\[20\],28.9µm
_02937_,28.88µm
fetch_stage.thread_pc.t_pc\[0\]\[9\],28.86µm
_06048_,28.84µm
de.pc_plus4_d\[4\],28.84µm
_05900_,28.82µm
_06046_,28.82µm
_05589_,28.8µm
_01400_,28.745µm
_04816_,28.74µm
_06352_,28.74µm
_01775_,28.72µm
_03353_,28.72µm
_04049_,28.72µm
_06206_,28.68µm
_01642_,28.665µm
_03256_,28.66µm
_03328_,28.66µm
_05334_,28.65µm
_01406_,28.62µm
_05378_,28.62µm
fetch_stage.thread_pc.t_pc\[1\]\[16\],28.62µm
fetch_stage.thread_pc.t_pc\[3\]\[28\],28.62µm
_06181_,28.6µm
_07074_,28.58µm
alu_result_m_i\[17\],28.58µm
_01371_,28.565µm
_07123_,28.56µm
_03672_,28.52µm
_03713_,28.52µm
_05110_,28.52µm
_06192_,28.52µm
_06353_,28.52µm
_03668_,28.5µm
_04082_,28.5µm
_01230_,28.485µm
_03392_,28.48µm
_03576_,28.48µm
fetch_stage.thread_pc.t_pc\[3\]\[30\],28.48µm
alu_result_m_i\[16\],28.46µm
fetch_stage.thread_pc.t_pc\[3\]\[14\],28.44µm
_05130_,28.42µm
_06856_,28.4µm
_03496_,28.38µm
_04854_,28.38µm
_05292_,28.37µm
_06620_,28.36µm
fetch_stage.thread_pc.t_pc\[6\]\[0\],28.345µm
mw.read_data_w\[29\],28.34µm
_03078_,28.32µm
_05820_,28.32µm
_05114_,28.3µm
_07140_,28.28µm
fetch_stage.thread_pc.t_pc\[4\]\[26\],28.28µm
_01220_,28.26µm
_03237_,28.26µm
fetch_stage.thread_pc.t_pc\[1\]\[30\],28.24µm
_06549_,28.22µm
de.pc_plus4_e\[26\],28.22µm
fetch_stage.thread_pc.t_pc\[4\]\[0\],28.22µm
_05217_,28.2µm
_04897_,28.18µm
_06605_,28.18µm
_06767_,28.16µm
_01358_,28.14µm
_03311_,28.14µm
memory_stage.dm.ram\[5\]\[11\],28.12µm
memory_stage.dm.ram\[26\]\[25\],28.1µm
_05434_,28.08µm
_04175_,28.02µm
fetch_stage.thread_pc.t_pc\[2\]\[14\],27.985µm
memory_stage.dm.ram\[61\]\[27\],27.985µm
_03822_,27.98µm
_04356_,27.98µm
_04865_,27.98µm
_05158_,27.95µm
_03269_,27.94µm
_03523_,27.94µm
_03680_,27.94µm
_04628_,27.92µm
_03478_,27.9µm
_03155_,27.88µm
_05933_,27.88µm
_05330_,27.86µm
_05573_,27.86µm
decode_stage.rf.rf2_index2\[2\],27.85µm
_01655_,27.82µm
_02848_,27.8µm
_03850_,27.8µm
memory_stage.dm.ram\[38\]\[22\],27.8µm
fetch_stage.thread_pc.t_pc\[1\]\[9\],27.795µm
_06539_,27.78µm
_05837_,27.76µm
fetch_stage.thread_pc.t_pc\[6\]\[28\],27.76µm
_04855_,27.74µm
_05348_,27.74µm
_06064_,27.74µm
_01402_,27.72µm
_03189_,27.72µm
_04276_,27.72µm
_06592_,27.72µm
_06642_,27.72µm
_03261_,27.7µm
_04936_,27.7µm
_05830_,27.7µm
_05835_,27.7µm
_01382_,27.68µm
_01296_,27.66µm
_05271_,27.66µm
_05365_,27.66µm
memory_stage.dm.ram\[21\]\[26\],27.655µm
_03585_,27.64µm
_05262_,27.64µm
_05722_,27.64µm
_06004_,27.64µm
_06366_,27.64µm
_06513_,27.64µm
decode_stage.rf.rf2_index2\[0\],27.63µm
_05391_,27.62µm
_06183_,27.62µm
_06829_,27.6µm
_02832_,27.58µm
_04042_,27.58µm
_04223_,27.58µm
fetch_stage.thread_pc.t_pc\[1\]\[2\],27.58µm
_06406_,27.57µm
_03629_,27.56µm
_05107_,27.56µm
de.pc_d\[28\],27.56µm
_04634_,27.52µm
fetch_stage.thread_pc.t_pc\[1\]\[8\],27.52µm
fetch_stage.thread_pc.t_pc\[7\]\[26\],27.52µm
_02898_,27.5µm
_04071_,27.5µm
fetch_stage.thread_pc.t_pc\[7\]\[6\],27.48µm
_05191_,27.46µm
_05821_,27.42µm
_01281_,27.405µm
_05189_,27.4µm
_06059_,27.4µm
_06336_,27.4µm
_04919_,27.38µm
_05412_,27.38µm
fetch_stage.thread_pc.t_pc\[1\]\[13\],27.375µm
memory_stage.dm.ram\[12\]\[21\],27.36µm
clknet_leaf_22_clk_regs,27.36µm
_04233_,27.34µm
_04068_,27.32µm
_06060_,27.3µm
_06800_,27.3µm
_06049_,27.22µm
_06631_,27.22µm
_01324_,27.205µm
_04248_,27.2µm
_01343_,27.18µm
_05264_,27.18µm
_06485_,27.18µm
fetch_stage.thread_pc.t_pc\[3\]\[20\],27.18µm
fetch_stage.thread_pc.t_pc\[6\]\[4\],27.18µm
_05502_,27.14µm
_07041_,27.14µm
alu_result_m_i\[19\],27.14µm
_01776_,27.12µm
_03181_,27.1µm
de.pc_d\[2\],27.08µm
_03919_,27.075µm
_01571_,27.065µm
_04927_,27.06µm
_05142_,27.06µm
_05247_,27.04µm
_06771_,27.04µm
_07373_,27.04µm
_01684_,27.02µm
_06087_,27.02µm
fetch_stage.thread_pc.t_pc\[0\]\[17\],27.005µm
_04063_,27µm
_06674_,27µm
_05154_,26.98µm
mw.read_data_w\[22\],26.98µm
decode_stage.rf.rf2rd1\[22\],26.97µm
_01722_,26.965µm
_04889_,26.94µm
_05808_,26.94µm
memory_stage.dm.ram\[24\]\[26\],26.94µm
_05947_,26.92µm
_06057_,26.92µm
fetch_stage.thread_pc.t_pc\[1\]\[10\],26.92µm
_03922_,26.9µm
_05887_,26.9µm
de.rd_d\[1\],26.88µm
_02996_,26.86µm
_03879_,26.86µm
_06855_,26.85µm
_06065_,26.84µm
_07131_,26.82µm
fetch_stage.thread_pc.t_pc\[2\]\[0\],26.785µm
_05759_,26.78µm
memory_stage.dm.ram\[26\]\[1\],26.78µm
memory_stage.dm.ram\[4\]\[10\],26.78µm
_01351_,26.765µm
_04909_,26.76µm
de.pc_e\[3\],26.76µm
fetch_stage.thread_pc.t_pc\[6\]\[11\],26.76µm
memory_stage.dm.ram\[38\]\[1\],26.76µm
memory_stage.dm.ram\[5\]\[17\],26.74µm
_01495_,26.685µm
_06640_,26.68µm
de.pc_e\[8\],26.68µm
_03903_,26.67µm
memory_stage.dm.ram\[9\]\[19\],26.665µm
_06527_,26.66µm
mw.read_data_w\[26\],26.66µm
_03301_,26.64µm
_04859_,26.64µm
_06673_,26.64µm
_01531_,26.625µm
_03535_,26.6µm
_04317_,26.58µm
memory_stage.dm.ram\[62\]\[10\],26.58µm
fetch_stage.thread_pc.t_pc\[3\]\[18\],26.54µm
memory_stage.dm.ram\[6\]\[17\],26.525µm
_05138_,26.52µm
_01318_,26.5µm
_02988_,26.5µm
de.pc_plus4_e\[12\],26.5µm
de.pc_plus4_e\[11\],26.48µm
memory_stage.dm.ram\[11\]\[16\],26.48µm
_06007_,26.46µm
memory_stage.dm.ram\[9\]\[21\],26.46µm
_03524_,26.44µm
_03608_,26.44µm
_06502_,26.44µm
_03802_,26.42µm
_06886_,26.42µm
_05278_,26.39µm
memory_stage.dm.ram\[35\]\[13\],26.375µm
_03782_,26.36µm
_06111_,26.36µm
_01234_,26.345µm
_04863_,26.34µm
_05717_,26.34µm
_06690_,26.34µm
em.write_data_m\[26\],26.34µm
de.pc_e\[11\],26.33µm
_01541_,26.32µm
_04798_,26.32µm
_05149_,26.32µm
_03029_,26.315µm
_03981_,26.3µm
_04911_,26.3µm
_05111_,26.28µm
_04006_,26.26µm
_04531_,26.26µm
_06606_,26.26µm
_06664_,26.26µm
_05387_,26.24µm
fetch_stage.thread_pc.t_pc\[4\]\[23\],26.24µm
memory_stage.dm.ram\[31\]\[3\],26.24µm
_02850_,26.22µm
_03516_,26.22µm
_05174_,26.22µm
_05637_,26.22µm
_06360_,26.22µm
_03190_,26.2µm
_04219_,26.18µm
_05568_,26.18µm
fetch_stage.thread_pc.t_pc\[1\]\[24\],26.145µm
_04839_,26.14µm
_05844_,26.14µm
memory_stage.dm.ram\[2\]\[25\],26.12µm
_06381_,26.11µm
_03062_,26.1µm
_05470_,26.1µm
em.pc_plus4_m\[16\],26.1µm
_01640_,26.08µm
_03639_,26.08µm
_04557_,26.06µm
_05569_,26.06µm
fetch_stage.thread_pc.t_pc\[7\]\[16\],26.06µm
_01697_,26.04µm
memory_stage.dm.ram\[25\]\[13\],26.02µm
fetch_stage.thread_pc.t_pc\[5\]\[16\],26µm
fetch_stage.thread_pc.t_pc\[6\]\[18\],26µm
memory_stage.dm.ram\[58\]\[18\],26µm
_05980_,25.99µm
memory_stage.dm.ram\[2\]\[13\],25.985µm
_01344_,25.98µm
fetch_stage.thread_pc.t_pc\[0\]\[26\],25.98µm
memory_stage.dm.ram\[4\]\[30\],25.98µm
_03788_,25.975µm
_01763_,25.965µm
memory_stage.dm.ram\[5\]\[15\],25.965µm
_04901_,25.96µm
_06868_,25.96µm
_03342_,25.9µm
_03568_,25.89µm
_01392_,25.88µm
_03185_,25.88µm
_03246_,25.88µm
_05256_,25.88µm
_06095_,25.88µm
memory_stage.dm.ram\[6\]\[24\],25.88µm
memory_stage.dm.ram\[5\]\[0\],25.875µm
_04043_,25.86µm
_04188_,25.86µm
_05475_,25.86µm
memory_stage.dm.ram\[59\]\[26\],25.86µm
_03127_,25.84µm
memory_stage.dm.ram\[26\]\[26\],25.825µm
_05984_,25.82µm
de.pc_d\[10\],25.8µm
memory_stage.dm.ram\[27\]\[2\],25.78µm
_01753_,25.765µm
_01754_,25.765µm
memory_stage.dm.ram\[31\]\[11\],25.765µm
_05810_,25.76µm
_06218_,25.76µm
_07009_,25.76µm
_06043_,25.74µm
fetch_stage.thread_pc.t_pc\[6\]\[23\],25.74µm
_01229_,25.725µm
fetch_stage.thread_pc.t_pc\[3\]\[1\],25.72µm
_01773_,25.685µm
_02802_,25.68µm
fetch_stage.thread_pc.t_pc\[7\]\[20\],25.68µm
memory_stage.dm.ram\[34\]\[29\],25.645µm
de.pc_d\[14\],25.64µm
fetch_stage.thread_pc.t_pc\[5\]\[15\],25.64µm
memory_stage.dm.ram\[30\]\[5\],25.625µm
_03631_,25.62µm
fetch_stage.thread_pc.t_pc\[6\]\[14\],25.605µm
_05694_,25.56µm
fetch_stage.thread_pc.t_pc\[2\]\[22\],25.54µm
memory_stage.dm.ram\[41\]\[15\],25.54µm
_03299_,25.52µm
_06291_,25.52µm
fetch_stage.thread_pc.t_pc\[1\]\[17\],25.52µm
clknet_leaf_34_clk_regs,25.52µm
_07028_,25.5µm
de.pc_plus4_e\[13\],25.5µm
_01701_,25.485µm
_04165_,25.48µm
_06433_,25.46µm
memory_stage.dm.ram\[58\]\[6\],25.46µm
mw.read_data_w\[21\],25.46µm
mw.read_data_w\[31\],25.46µm
fetch_stage.thread_pc.t_pc\[2\]\[1\],25.445µm
_05454_,25.44µm
_05756_,25.44µm
_07030_,25.435µm
memory_stage.dm.ram\[59\]\[9\],25.425µm
_02865_,25.42µm
_04815_,25.39µm
_05772_,25.38µm
_07235_,25.38µm
decode_stage.rf.rf2_index2\[1\],25.37µm
_03060_,25.36µm
_03346_,25.36µm
_04488_,25.36µm
_04501_,25.36µm
_06797_,25.36µm
_01483_,25.345µm
_01694_,25.34µm
_03600_,25.34µm
memory_stage.dm.ram\[25\]\[11\],25.34µm
_03961_,25.32µm
_01380_,25.3µm
_03091_,25.3µm
_04374_,25.3µm
_05968_,25.3µm
_07158_,25.3µm
de.pc_e\[15\],25.3µm
de.pc_e\[4\],25.3µm
fetch_stage.thread_pc.t_pc\[6\]\[20\],25.3µm
clknet_leaf_148_clk_regs,25.3µm
_04560_,25.28µm
memory_stage.dm.ram\[13\]\[14\],25.28µm
_01333_,25.265µm
_01645_,25.265µm
_06392_,25.26µm
_03874_,25.24µm
_06595_,25.24µm
_01647_,25.225µm
_06510_,25.22µm
de.imm_val_e\[1\],25.21µm
_07094_,25.2µm
memory_stage.dm.ram\[19\]\[10\],25.18µm
_05440_,25.16µm
_01468_,25.145µm
_03777_,25.14µm
_05959_,25.14µm
_07062_,25.14µm
_01319_,25.12µm
_05773_,25.1µm
_07057_,25.1µm
de.pc_e\[26\],25.08µm
_04899_,25.06µm
fetch_stage.thread_pc.t_pc\[1\]\[5\],25.05µm
memory_stage.dm.ram\[40\]\[10\],25.045µm
_05937_,25.03µm
_05253_,25.02µm
_05853_,25.02µm
_06540_,25.02µm
_03421_,25µm
_04420_,25µm
_06981_,25µm
de.pc_d\[21\],25µm
_03737_,24.98µm
_05755_,24.98µm
_06349_,24.98µm
de.pc_e\[7\],24.98µm
mw.read_data_w\[20\],24.98µm
_00855_,24.965µm
_05979_,24.96µm
_03755_,24.94µm
_05908_,24.94µm
em.pc_plus4_m\[1\],24.94µm
_06304_,24.92µm
_07226_,24.9µm
_03824_,24.88µm
fetch_stage.thread_pc.t_pc\[7\]\[1\],24.86µm
memory_stage.dm.ram\[41\]\[5\],24.86µm
_03616_,24.84µm
_04884_,24.84µm
_05626_,24.84µm
_03133_,24.83µm
_01853_,24.825µm
_01280_,24.82µm
_07089_,24.82µm
memory_stage.dm.ram\[39\]\[22\],24.8µm
_05738_,24.795µm
_03285_,24.78µm
em.pc_plus4_m\[11\],24.78µm
_04239_,24.76µm
_06303_,24.76µm
_06632_,24.76µm
_07092_,24.76µm
fetch_stage.thread_pc.t_pc\[1\]\[15\],24.76µm
_06382_,24.745µm
_05164_,24.74µm
_05250_,24.74µm
_05827_,24.74µm
_04891_,24.72µm
fetch_stage.thread_pc.t_pc\[6\]\[10\],24.72µm
_04141_,24.7µm
_05297_,24.7µm
_06740_,24.695µm
_01214_,24.665µm
memory_stage.dm.ram\[61\]\[0\],24.665µm
memory_stage.dm.ram\[10\]\[25\],24.645µm
_03674_,24.64µm
_06136_,24.64µm
_06483_,24.62µm
mw.read_data_w\[25\],24.6µm
fetch_stage.thread_pc.t_pc\[3\]\[12\],24.58µm
fetch_stage.thread_pc.t_pc\[3\]\[29\],24.58µm
_02966_,24.56µm
_03859_,24.56µm
_04176_,24.56µm
_06427_,24.56µm
_01726_,24.545µm
_01321_,24.54µm
de.pc_plus4_d\[20\],24.54µm
fetch_stage.thread_pc.t_pc\[7\]\[14\],24.54µm
_03815_,24.53µm
_00871_,24.505µm
_03024_,24.5µm
_03834_,24.5µm
_03842_,24.5µm
_04315_,24.5µm
_04429_,24.5µm
_07011_,24.48µm
fetch_stage.thread_pc.t_pc\[3\]\[17\],24.48µm
_03606_,24.44µm
_05903_,24.44µm
fetch_stage.thread_pc.t_pc\[6\]\[24\],24.44µm
memory_stage.dm.ram\[39\]\[5\],24.42µm
_06447_,24.4µm
_05263_,24.38µm
_06794_,24.38µm
_04129_,24.36µm
_04622_,24.36µm
_04565_,24.34µm
de.imm_val_e\[16\],24.34µm
_01337_,24.305µm
memory_stage.dm.ram\[39\]\[28\],24.305µm
fetch_stage.thread_pc.t_pc\[1\]\[14\],24.29µm
_01729_,24.245µm
fetch_stage.thread_pc.t_pc\[2\]\[17\],24.24µm
memory_stage.dm.ram\[48\]\[10\],24.22µm
memory_stage.dm.ram\[57\]\[0\],24.22µm
_01250_,24.2µm
_02967_,24.2µm
_05282_,24.2µm
_05290_,24.2µm
_05285_,24.195µm
memory_stage.dm.ram\[13\]\[19\],24.19µm
_06790_,24.18µm
_07021_,24.18µm
_06251_,24.16µm
memory_stage.dm.ram\[15\]\[29\],24.16µm
_06960_,24.14µm
memory_stage.dm.ram\[38\]\[18\],24.14µm
memory_stage.dm.ram\[9\]\[31\],24.14µm
_04255_,24.12µm
_03772_,24.1µm
_06467_,24.1µm
_01688_,24.085µm
memory_stage.dm.ram\[34\]\[7\],24.08µm
memory_stage.dm.ram\[43\]\[4\],24.06µm
_04194_,24.04µm
_05209_,24.03µm
_06481_,24.02µm
_06716_,24.02µm
memory_stage.dm.ram\[9\]\[3\],24.02µm
_04319_,24µm
_03739_,23.96µm
_04866_,23.96µm
_03394_,23.945µm
_01737_,23.925µm
_02836_,23.92µm
_06414_,23.92µm
memory_stage.dm.ram\[56\]\[25\],23.92µm
_03022_,23.9µm
_03098_,23.9µm
_03666_,23.9µm
_05734_,23.9µm
memory_stage.dm.ram\[10\]\[4\],23.9µm
_03450_,23.84µm
fetch_stage.thread_pc.t_pc\[1\]\[23\],23.84µm
_03036_,23.8µm
_06669_,23.8µm
_05931_,23.78µm
_03830_,23.76µm
de.pc_e\[28\],23.76µm
clknet_leaf_162_clk_regs,23.76µm
_02910_,23.75µm
_04199_,23.74µm
_05598_,23.72µm
_06934_,23.72µm
_01638_,23.685µm
_03414_,23.68µm
_04412_,23.68µm
_05104_,23.68µm
_07334_,23.68µm
fetch_stage.thread_pc.t_pc\[0\]\[24\],23.665µm
_03226_,23.66µm
_05117_,23.66µm
_05863_,23.66µm
memory_stage.dm.ram\[6\]\[9\],23.645µm
_04903_,23.64µm
_07290_,23.64µm
_01232_,23.625µm
memory_stage.dm.ram\[29\]\[30\],23.625µm
_03391_,23.62µm
alu_result_m_i\[22\],23.62µm
memory_stage.dm.ram\[16\]\[18\],23.62µm
memory_stage.dm.ram\[24\]\[7\],23.62µm
_01477_,23.605µm
_03449_,23.6µm
_04217_,23.6µm
_04650_,23.6µm
_05951_,23.6µm
memory_stage.dm.ram\[62\]\[18\],23.6µm
_01353_,23.58µm
_03110_,23.58µm
_04913_,23.58µm
_05380_,23.58µm
memory_stage.dm.ram\[22\]\[4\],23.57µm
_04574_,23.56µm
_07136_,23.54µm
memory_stage.dm.ram\[0\]\[24\],23.54µm
_05818_,23.52µm
_05877_,23.52µm
em.write_data_m\[25\],23.5µm
memory_stage.dm.ram\[56\]\[12\],23.48µm
_01884_,23.465µm
_02947_,23.46µm
_06748_,23.46µm
mw.read_data_w\[3\],23.46µm
_01188_,23.445µm
_02883_,23.44µm
_05943_,23.44µm
fetch_stage.thread_pc.t_pc\[5\]\[17\],23.44µm
_06045_,23.42µm
_06764_,23.42µm
_07014_,23.42µm
_01249_,23.4µm
_01637_,23.4µm
_00715_,23.395µm
_02993_,23.38µm
_05919_,23.38µm
_01772_,23.365µm
_04922_,23.34µm
memory_stage.dm.ram\[9\]\[12\],23.34µm
_06979_,23.325µm
_06980_,23.32µm
_07258_,23.3µm
fetch_stage.thread_pc.t_pc\[3\]\[8\],23.3µm
_01536_,23.295µm
_01540_,23.285µm
_03304_,23.28µm
_05150_,23.28µm
_07105_,23.28µm
memory_stage.dm.ram\[53\]\[4\],23.265µm
memory_stage.dm.ram\[0\]\[14\],23.26µm
_01379_,23.24µm
_03359_,23.24µm
memory_stage.dm.ram\[52\]\[4\],23.24µm
memory_stage.dm.ram\[50\]\[14\],23.225µm
_02915_,23.22µm
_05175_,23.22µm
_06006_,23.22µm
memory_stage.dm.ram\[33\]\[10\],23.22µm
_03236_,23.2µm
_04553_,23.16µm
fetch_stage.thread_pc.t_pc\[0\]\[23\],23.155µm
_01981_,23.145µm
_05327_,23.145µm
_04090_,23.14µm
_05291_,23.14µm
memory_stage.dm.ram\[10\]\[22\],23.14µm
memory_stage.dm.ram\[54\]\[18\],23.14µm
_03341_,23.12µm
_03558_,23.12µm
_04552_,23.12µm
_06081_,23.12µm
mw.read_data_w\[27\],23.12µm
_04271_,23.1µm
fetch_stage.thread_pc.t_pc\[5\]\[14\],23.1µm
_01854_,23.085µm
_03283_,23.08µm
_03748_,23.08µm
de.pc_d\[15\],23.08µm
memory_stage.dm.ram\[61\]\[6\],23.065µm
_03623_,23.06µm
memory_stage.dm.ram\[34\]\[3\],23.06µm
memory_stage.dm.ram\[49\]\[15\],23.06µm
_00831_,23.055µm
_03233_,23.04µm
_04563_,23.02µm
_05411_,23.02µm
_06841_,23.02µm
_03933_,23µm
_04416_,23µm
_05892_,23µm
fetch_stage.thread_pc.t_pc\[0\]\[19\],23µm
_05093_,22.995µm
_01733_,22.965µm
_01734_,22.965µm
memory_stage.dm.ram\[7\]\[17\],22.965µm
_03126_,22.96µm
_03137_,22.96µm
_04022_,22.96µm
_05865_,22.96µm
_05867_,22.96µm
fetch_stage.thread_pc.t_pc\[7\]\[17\],22.96µm
memory_stage.dm.ram\[59\]\[30\],22.96µm
_00843_,22.945µm
_04173_,22.92µm
_04339_,22.92µm
_05277_,22.92µm
_05704_,22.92µm
fetch_stage.thread_pc.t_pc\[2\]\[15\],22.92µm
_05097_,22.9µm
_06140_,22.9µm
_06236_,22.9µm
_03768_,22.88µm
_05112_,22.88µm
memory_stage.dm.ram\[12\]\[17\],22.88µm
_01233_,22.845µm
fetch_stage.thread_pc.t_pc\[2\]\[10\],22.845µm
_04997_,22.84µm
_05384_,22.84µm
memory_stage.dm.ram\[38\]\[5\],22.825µm
_01377_,22.82µm
_06130_,22.815µm
_06462_,22.78µm
_02807_,22.7µm
_03662_,22.7µm
_03715_,22.7µm
_04424_,22.7µm
memory_stage.dm.ram\[12\]\[10\],22.68µm
_03487_,22.66µm
_03626_,22.66µm
_04291_,22.66µm
de.pc_e\[5\],22.66µm
fetch_stage.thread_pc.t_pc\[6\]\[26\],22.66µm
_01877_,22.645µm
_06597_,22.64µm
memory_stage.dm.ram\[10\]\[16\],22.64µm
_04181_,22.635µm
_02808_,22.62µm
_03980_,22.62µm
_04869_,22.62µm
_07355_,22.62µm
memory_stage.dm.ram\[38\]\[8\],22.62µm
_03171_,22.6µm
de.imm_val_e\[19\],22.6µm
_01390_,22.58µm
_06348_,22.58µm
_03068_,22.54µm
_01714_,22.525µm
memory_stage.dm.ram\[11\]\[31\],22.525µm
_03439_,22.52µm
_06289_,22.52µm
_04048_,22.48µm
_05519_,22.48µm
_05664_,22.46µm
memory_stage.dm.ram\[11\]\[2\],22.46µm
memory_stage.dm.ram\[60\]\[26\],22.46µm
fetch_stage.thread_pc.t_pc\[7\]\[23\],22.44µm
memory_stage.dm.ram\[19\]\[13\],22.42µm
_03643_,22.4µm
_05089_,22.4µm
memory_stage.dm.ram\[32\]\[31\],22.4µm
alu_result_m_i\[18\],22.38µm
memory_stage.dm.ram\[27\]\[1\],22.38µm
memory_stage.dm.ram\[5\]\[31\],22.38µm
_03969_,22.36µm
_01251_,22.345µm
_03999_,22.34µm
_06202_,22.32µm
memory_stage.dm.ram\[50\]\[9\],22.3µm
_03099_,22.28µm
_03591_,22.28µm
_04324_,22.28µm
_05576_,22.28µm
_06587_,22.26µm
_04029_,22.24µm
_06091_,22.24µm
memory_stage.dm.ram\[48\]\[23\],22.24µm
memory_stage.dm.ram\[42\]\[20\],22.22µm
_01386_,22.2µm
memory_stage.dm.ram\[33\]\[25\],22.2µm
_03561_,22.18µm
memory_stage.dm.ram\[1\]\[17\],22.18µm
_04070_,22.14µm
_05341_,22.14µm
mw.read_data_w\[23\],22.14µm
memory_stage.dm.ram\[42\]\[23\],22.125µm
memory_stage.dm.ram\[5\]\[21\],22.12µm
decode_stage.rf.rf2_index2\[3\],22.07µm
memory_stage.dm.ram\[40\]\[8\],22.05µm
_03186_,22.04µm
memory_stage.dm.ram\[49\]\[16\],22.04µm
_05350_,22.02µm
memory_stage.dm.ram\[15\]\[11\],22.02µm
memory_stage.dm.ram\[4\]\[14\],22.02µm
_03242_,22µm
_07219_,21.98µm
memory_stage.dm.ram\[60\]\[4\],21.98µm
_01293_,21.96µm
_06693_,21.96µm
_05304_,21.94µm
_05698_,21.94µm
memory_stage.dm.ram\[8\]\[2\],21.94µm
_07282_,21.92µm
memory_stage.dm.ram\[56\]\[29\],21.92µm
_03753_,21.9µm
_04383_,21.9µm
_05995_,21.9µm
mw.result_src_w\[1\],21.9µm
_05266_,21.88µm
_05736_,21.88µm
_06024_,21.88µm
_06260_,21.88µm
_03855_,21.86µm
_06977_,21.86µm
memory_stage.dm.ram\[41\]\[13\],21.84µm
memory_stage.dm.ram\[20\]\[29\],21.835µm
_06550_,21.83µm
_01367_,21.82µm
_01373_,21.82µm
_03314_,21.82µm
_06940_,21.82µm
de.imm_val_e\[25\],21.82µm
_07061_,21.81µm
_03877_,21.78µm
_07242_,21.78µm
em.write_data_m\[29\],21.78µm
_01871_,21.765µm
_06688_,21.76µm
_04519_,21.755µm
_06732_,21.75µm
_03660_,21.74µm
_04231_,21.74µm
_04800_,21.74µm
memory_stage.dm.ram\[6\]\[0\],21.74µm
_00001_,21.72µm
_03864_,21.72µm
memory_stage.dm.ram\[31\]\[14\],21.72µm
_03937_,21.7µm
_06602_,21.7µm
_06887_,21.7µm
memory_stage.dm.ram\[42\]\[11\],21.685µm
memory_stage.dm.ram\[49\]\[5\],21.68µm
_04258_,21.67µm
_07272_,21.66µm
_01855_,21.645µm
_06781_,21.64µm
memory_stage.dm.ram\[58\]\[28\],21.63µm
_06178_,21.62µm
memory_stage.dm.ram\[19\]\[25\],21.62µm
memory_stage.dm.ram\[61\]\[11\],21.62µm
memory_stage.dm.ram\[62\]\[9\],21.62µm
_03027_,21.6µm
_03705_,21.6µm
_03849_,21.6µm
_04491_,21.6µm
_05436_,21.6µm
_04283_,21.585µm
_04828_,21.58µm
_07058_,21.58µm
memory_stage.dm.ram\[11\]\[19\],21.56µm
memory_stage.dm.ram\[38\]\[3\],21.56µm
memory_stage.dm.ram\[9\]\[17\],21.56µm
_03584_,21.54µm
_04802_,21.54µm
_07458_,21.54µm
memory_stage.dm.ram\[14\]\[9\],21.535µm
_03227_,21.52µm
_06408_,21.52µm
_06930_,21.52µm
_06028_,21.5µm
_06754_,21.48µm
de.pc_e\[27\],21.48µm
mw.read_data_w\[5\],21.48µm
_01732_,21.465µm
_04078_,21.46µm
memory_stage.dm.ram\[27\]\[30\],21.46µm
_01289_,21.445µm
_04930_,21.43µm
_03038_,21.42µm
_04905_,21.42µm
_06741_,21.42µm
_07087_,21.4µm
memory_stage.dm.ram\[19\]\[8\],21.4µm
_01469_,21.38µm
_05758_,21.38µm
_06242_,21.38µm
_01502_,21.365µm
_06907_,21.33µm
_03159_,21.32µm
_04204_,21.32µm
_04533_,21.32µm
_06942_,21.32µm
de.pc_e\[6\],21.32µm
mw.read_data_w\[28\],21.32µm
memory_stage.dm.ram\[0\]\[29\],21.3µm
memory_stage.dm.ram\[30\]\[3\],21.295µm
_04923_,21.285µm
_01363_,21.28µm
_03553_,21.28µm
_04101_,21.28µm
_06499_,21.28µm
memory_stage.dm.ram\[1\]\[2\],21.28µm
memory_stage.dm.ram\[33\]\[5\],21.28µm
memory_stage.dm.ram\[4\]\[31\],21.28µm
_03821_,21.26µm
_05108_,21.26µm
memory_stage.dm.ram\[8\]\[8\],21.26µm
memory_stage.dm.ram\[5\]\[4\],21.245µm
_02864_,21.24µm
_03079_,21.24µm
_06691_,21.24µm
de.pc_d\[30\],21.24µm
_01690_,21.22µm
_04122_,21.22µm
memory_stage.dm.ram\[62\]\[16\],21.215µm
memory_stage.dm.ram\[56\]\[15\],21.21µm
_01738_,21.205µm
_03426_,21.2µm
_04525_,21.2µm
_06188_,21.2µm
_07024_,21.2µm
memory_stage.dm.ram\[6\]\[6\],21.18µm
memory_stage.dm.ram\[10\]\[27\],21.145µm
_03147_,21.14µm
_06054_,21.14µm
_06286_,21.125µm
_03572_,21.12µm
memory_stage.dm.ram\[32\]\[30\],21.12µm
_05676_,21.1µm
_07494_,21.1µm
em.pc_plus4_m\[17\],21.1µm
memory_stage.dm.ram\[4\]\[26\],21.1µm
memory_stage.dm.ram\[8\]\[20\],21.1µm
_00696_,21.085µm
_02857_,21.08µm
_04407_,21.08µm
_06208_,21.08µm
_07059_,21.08µm
mw.read_data_w\[30\],21.08µm
memory_stage.dm.ram\[32\]\[26\],21.06µm
memory_stage.dm.ram\[12\]\[14\],21.04µm
_06935_,21.02µm
memory_stage.dm.ram\[14\]\[19\],21.02µm
memory_stage.dm.ram\[25\]\[24\],21µm
_06987_,20.98µm
memory_stage.dm.ram\[37\]\[19\],20.98µm
memory_stage.dm.ram\[23\]\[29\],20.96µm
_03938_,20.94µm
_04562_,20.94µm
_01341_,20.925µm
_06372_,20.92µm
memory_stage.dm.ram\[31\]\[25\],20.92µm
_00857_,20.905µm
fetch_stage.thread_pc.t_pc\[2\]\[13\],20.905µm
_04179_,20.9µm
_06738_,20.9µm
fetch_stage.thread_pc.t_pc\[4\]\[18\],20.9µm
memory_stage.dm.ram\[10\]\[5\],20.9µm
_06885_,20.88µm
_03485_,20.86µm
_03767_,20.86µm
memory_stage.dm.ram\[48\]\[25\],20.86µm
_00698_,20.845µm
memory_stage.dm.ram\[17\]\[27\],20.84µm
memory_stage.dm.ram\[20\]\[14\],20.84µm
memory_stage.dm.ram\[34\]\[25\],20.84µm
memory_stage.dm.ram\[35\]\[23\],20.84µm
_03061_,20.82µm
_03827_,20.82µm
_05992_,20.82µm
_06209_,20.8µm
de.imm_val_e\[21\],20.8µm
memory_stage.dm.ram\[1\]\[25\],20.8µm
_06175_,20.78µm
_04077_,20.76µm
_06931_,20.76µm
memory_stage.dm.ram\[50\]\[15\],20.76µm
mw.read_data_w\[9\],20.76µm
_06020_,20.74µm
_06697_,20.74µm
_01719_,20.725µm
_07067_,20.72µm
memory_stage.dm.ram\[21\]\[13\],20.72µm
memory_stage.dm.ram\[3\]\[18\],20.72µm
_03435_,20.7µm
_03505_,20.7µm
memory_stage.dm.ram\[0\]\[12\],20.69µm
fetch_stage.thread_pc.t_pc\[3\]\[16\],20.68µm
_06134_,20.66µm
_06436_,20.66µm
memory_stage.dm.ram\[24\]\[30\],20.66µm
memory_stage.dm.ram\[44\]\[15\],20.66µm
_03936_,20.64µm
_06093_,20.62µm
_06900_,20.62µm
_06222_,20.6µm
memory_stage.dm.ram\[16\]\[24\],20.6µm
memory_stage.dm.ram\[24\]\[29\],20.6µm
memory_stage.dm.ram\[32\]\[13\],20.6µm
memory_stage.dm.ram\[58\]\[4\],20.6µm
_00805_,20.58µm
_01397_,20.58µm
_01850_,20.565µm
_04033_,20.56µm
_06258_,20.56µm
memory_stage.dm.ram\[34\]\[30\],20.56µm
_03122_,20.54µm
_05825_,20.54µm
memory_stage.dm.ram\[14\]\[31\],20.54µm
memory_stage.dm.ram\[58\]\[14\],20.54µm
memory_stage.dm.ram\[21\]\[27\],20.525µm
memory_stage.dm.ram\[54\]\[27\],20.525µm
memory_stage.dm.ram\[31\]\[28\],20.52µm
_01940_,20.505µm
_04159_,20.5µm
_05780_,20.5µm
memory_stage.dm.ram\[35\]\[21\],20.5µm
memory_stage.dm.ram\[40\]\[11\],20.485µm
_01378_,20.48µm
_05836_,20.48µm
_06766_,20.48µm
fetch_stage.thread_pc.t_pc\[4\]\[29\],20.48µm
_05652_,20.46µm
memory_stage.dm.ram\[37\]\[24\],20.46µm
_03812_,20.44µm
fetch_stage.thread_pc.t_pc\[4\]\[16\],20.405µm
memory_stage.dm.ram\[34\]\[23\],20.405µm
fetch_stage.thread_pc.t_pc\[6\]\[30\],20.4µm
_02991_,20.38µm
de.rd_d\[3\],20.38µm
memory_stage.dm.ram\[35\]\[5\],20.36µm
_03946_,20.35µm
_00005_,20.345µm
_01683_,20.345µm
_03942_,20.34µm
memory_stage.dm.ram\[9\]\[5\],20.34µm
_04210_,20.32µm
_04282_,20.32µm
_05333_,20.32µm
_05866_,20.32µm
de.pc_e\[17\],20.32µm
memory_stage.dm.ram\[55\]\[18\],20.32µm
_03531_,20.3µm
_04099_,20.3µm
_05928_,20.3µm
memory_stage.dm.ram\[34\]\[10\],20.3µm
_04543_,20.295µm
_05445_,20.28µm
_05481_,20.28µm
_06131_,20.28µm
memory_stage.dm.ram\[29\]\[27\],20.28µm
memory_stage.dm.ram\[33\]\[16\],20.28µm
memory_stage.dm.ram\[48\]\[21\],20.28µm
memory_stage.dm.ram\[30\]\[9\],20.265µm
_06063_,20.26µm
_02074_,20.255µm
_06585_,20.24µm
_06873_,20.24µm
memory_stage.dm.ram\[10\]\[8\],20.24µm
memory_stage.dm.ram\[16\]\[23\],20.24µm
memory_stage.dm.ram\[35\]\[28\],20.24µm
memory_stage.dm.ram\[55\]\[6\],20.24µm
fetch_stage.thread_pc.t_pc\[3\]\[21\],20.225µm
memory_stage.dm.ram\[18\]\[10\],20.225µm
_01689_,20.22µm
_05146_,20.22µm
_07221_,20.22µm
memory_stage.dm.ram\[15\]\[25\],20.22µm
_06630_,20.205µm
_03825_,20.2µm
de.pc_e\[31\],20.2µm
memory_stage.dm.ram\[12\]\[0\],20.2µm
memory_stage.dm.ram\[24\]\[9\],20.2µm
_05240_,20.18µm
_00703_,20.165µm
_01613_,20.165µm
_02925_,20.16µm
_06647_,20.16µm
_03605_,20.12µm
_06615_,20.1µm
_06970_,20.1µm
_01366_,20.085µm
_02989_,20.08µm
_03221_,20.08µm
_03724_,20.08µm
_06435_,20.08µm
_06758_,20.08µm
_06920_,20.08µm
memory_stage.dm.ram\[6\]\[1\],20.08µm
_06423_,20.075µm
_06896_,20.06µm
memory_stage.dm.ram\[0\]\[10\],20.06µm
_06668_,20.04µm
memory_stage.dm.ram\[3\]\[10\],20.04µm
_02862_,20.02µm
_05349_,20.02µm
_06588_,20.02µm
memory_stage.dm.ram\[8\]\[13\],20.02µm
_03398_,20µm
_03817_,20µm
_05372_,20µm
_05497_,20µm
memory_stage.dm.ram\[54\]\[31\],20µm
_01215_,19.985µm
_03054_,19.98µm
_06379_,19.96µm
memory_stage.dm.ram\[22\]\[24\],19.96µm
memory_stage.dm.ram\[61\]\[31\],19.96µm
_05647_,19.945µm
_05689_,19.945µm
_04237_,19.94µm
_04273_,19.94µm
_04408_,19.94µm
_01534_,19.925µm
_01691_,19.925µm
_03964_,19.92µm
_04156_,19.92µm
memory_stage.dm.ram\[10\]\[7\],19.92µm
memory_stage.dm.ram\[55\]\[20\],19.92µm
_02889_,19.9µm
_04361_,19.9µm
_06105_,19.9µm
memory_stage.dm.ram\[24\]\[16\],19.88µm
_01654_,19.86µm
_02958_,19.86µm
_06959_,19.86µm
clknet_1_1__leaf_clk,19.85µm
memory_stage.dm.ram\[32\]\[10\],19.84µm
_01925_,19.825µm
fetch_stage.thread_pc.t_pc\[6\]\[1\],19.825µm
_05934_,19.82µm
_06472_,19.82µm
_06486_,19.82µm
_07100_,19.82µm
memory_stage.dm.ram\[50\]\[0\],19.82µm
memory_stage.dm.ram\[20\]\[26\],19.8µm
_03538_,19.78µm
de.pc_d\[18\],19.78µm
memory_stage.dm.ram\[46\]\[14\],19.78µm
_05251_,19.74µm
_05500_,19.74µm
_06221_,19.74µm
_06787_,19.74µm
memory_stage.dm.ram\[36\]\[7\],19.74µm
memory_stage.dm.ram\[8\]\[1\],19.74µm
_03411_,19.7µm
_03741_,19.7µm
decode_stage.rf.rf2_index2\[4\],19.69µm
_03875_,19.68µm
memory_stage.dm.ram\[19\]\[18\],19.68µm
_03440_,19.64µm
_05906_,19.64µm
_06401_,19.64µm
de.pc_e\[29\],19.64µm
memory_stage.dm.ram\[1\]\[26\],19.625µm
_03167_,19.62µm
_03290_,19.62µm
_04245_,19.62µm
memory_stage.dm.ram\[45\]\[1\],19.62µm
_04171_,19.58µm
_07157_,19.58µm
memory_stage.dm.ram\[22\]\[23\],19.58µm
memory_stage.dm.ram\[59\]\[27\],19.58µm
fetch_stage.thread_pc.t_pc\[4\]\[13\],19.56µm
memory_stage.dm.ram\[60\]\[5\],19.56µm
_00719_,19.545µm
memory_stage.dm.ram\[13\]\[20\],19.545µm
_02974_,19.54µm
_04125_,19.54µm
_06770_,19.54µm
_06996_,19.54µm
alu_result_m_i\[8\],19.54µm
memory_stage.dm.ram\[23\]\[27\],19.54µm
memory_stage.dm.ram\[35\]\[18\],19.54µm
memory_stage.dm.ram\[5\]\[22\],19.54µm
_01909_,19.52µm
_05843_,19.52µm
_05954_,19.52µm
_01970_,19.505µm
_04438_,19.5µm
_05938_,19.5µm
memory_stage.dm.ram\[52\]\[30\],19.5µm
memory_stage.dm.ram\[62\]\[0\],19.5µm
memory_stage.dm.ram\[63\]\[22\],19.5µm
_01961_,19.485µm
memory_stage.dm.ram\[42\]\[18\],19.485µm
_02876_,19.48µm
_04483_,19.48µm
_04895_,19.48µm
_05140_,19.48µm
_06035_,19.48µm
memory_stage.dm.ram\[21\]\[20\],19.465µm
_04232_,19.46µm
_06135_,19.46µm
memory_stage.dm.ram\[39\]\[2\],19.46µm
memory_stage.dm.ram\[45\]\[6\],19.46µm
memory_stage.dm.ram\[48\]\[12\],19.46µm
memory_stage.dm.ram\[51\]\[6\],19.46µm
_04415_,19.44µm
de.pc_d\[9\],19.44µm
memory_stage.dm.ram\[38\]\[14\],19.44µm
_03622_,19.42µm
memory_stage.dm.ram\[9\]\[8\],19.42µm
_03914_,19.415µm
memory_stage.dm.ram\[21\]\[21\],19.405µm
_02891_,19.4µm
_04253_,19.4µm
_04259_,19.4µm
_04331_,19.4µm
_04349_,19.4µm
memory_stage.dm.ram\[10\]\[14\],19.4µm
memory_stage.dm.ram\[19\]\[22\],19.4µm
memory_stage.dm.ram\[15\]\[30\],19.395µm
_00909_,19.385µm
memory_stage.dm.ram\[32\]\[17\],19.38µm
_01644_,19.365µm
_03681_,19.36µm
_06746_,19.36µm
_03513_,19.32µm
_05594_,19.32µm
memory_stage.dm.ram\[6\]\[2\],19.32µm
memory_stage.dm.ram\[29\]\[28\],19.315µm
_04363_,19.3µm
_06313_,19.3µm
memory_stage.dm.ram\[4\]\[28\],19.3µm
memory_stage.dm.ram\[55\]\[29\],19.295µm
memory_stage.dm.ram\[13\]\[8\],19.285µm
_03050_,19.28µm
_03132_,19.28µm
_03502_,19.28µm
_03554_,19.28µm
memory_stage.dm.ram\[17\]\[2\],19.28µm
memory_stage.dm.ram\[26\]\[13\],19.28µm
memory_stage.dm.ram\[4\]\[17\],19.28µm
memory_stage.dm.ram\[52\]\[25\],19.28µm
_03904_,19.26µm
_03241_,19.24µm
_03974_,19.24µm
_06319_,19.24µm
_04295_,19.22µm
_01692_,19.205µm
_06622_,19.2µm
_06971_,19.2µm
memory_stage.dm.ram\[35\]\[19\],19.2µm
memory_stage.dm.ram\[47\]\[21\],19.2µm
memory_stage.dm.ram\[48\]\[26\],19.2µm
_01885_,19.185µm
_05288_,19.18µm
_06532_,19.18µm
_00846_,19.175µm
_01857_,19.165µm
_03760_,19.16µm
memory_stage.dm.ram\[5\]\[14\],19.16µm
_01387_,19.14µm
_07126_,19.14µm
_02986_,19.12µm
memory_stage.dm.ram\[60\]\[14\],19.12µm
_02981_,19.1µm
_05316_,19.1µm
_06613_,19.1µm
de.pc_d\[8\],19.1µm
memory_stage.dm.ram\[36\]\[24\],19.1µm
_03811_,19.08µm
_04558_,19.08µm
fetch_stage.thread_pc.t_pc\[5\]\[26\],19.08µm
memory_stage.dm.ram\[16\]\[7\],19.06µm
_05740_,19.05µm
_03250_,19.04µm
_04249_,19.04µm
_05512_,19.04µm
_01752_,19.02µm
_04222_,19.02µm
_04387_,19.02µm
_05103_,19.02µm
_06799_,19.02µm
memory_stage.dm.ram\[30\]\[25\],19.02µm
memory_stage.dm.ram\[7\]\[12\],19.02µm
_05218_,19µm
memory_stage.dm.ram\[28\]\[13\],19µm
_02873_,18.99µm
_05904_,18.98µm
memory_stage.dm.ram\[34\]\[22\],18.98µm
memory_stage.dm.ram\[38\]\[2\],18.98µm
_04346_,18.96µm
_05455_,18.96µm
_05762_,18.96µm
memory_stage.dm.ram\[59\]\[31\],18.96µm
_03352_,18.955µm
memory_stage.dm.ram\[43\]\[18\],18.945µm
_03551_,18.94µm
_03745_,18.94µm
_06151_,18.94µm
memory_stage.dm.ram\[35\]\[0\],18.94µm
memory_stage.dm.ram\[17\]\[28\],18.925µm
memory_stage.dm.ram\[9\]\[11\],18.92µm
_04105_,18.9µm
memory_stage.dm.ram\[17\]\[11\],18.9µm
_06029_,18.86µm
_06753_,18.86µm
_06834_,18.86µm
_01872_,18.84µm
_05777_,18.84µm
memory_stage.dm.ram\[60\]\[25\],18.84µm
memory_stage.dm.ram\[7\]\[14\],18.84µm
_03570_,18.82µm
_06701_,18.82µm
_05121_,18.8µm
memory_stage.dm.ram\[31\]\[13\],18.8µm
memory_stage.dm.ram\[54\]\[15\],18.8µm
memory_stage.dm.ram\[38\]\[15\],18.785µm
_03733_,18.78µm
_05134_,18.78µm
_05338_,18.78µm
_06409_,18.78µm
_07055_,18.78µm
memory_stage.dm.ram\[31\]\[27\],18.78µm
memory_stage.dm.ram\[15\]\[13\],18.765µm
memory_stage.dm.ram\[41\]\[22\],18.765µm
_04034_,18.76µm
_06167_,18.76µm
memory_stage.dm.ram\[63\]\[26\],18.745µm
_03763_,18.74µm
_05645_,18.74µm
fetch_stage.thread_pc.t_pc\[7\]\[2\],18.74µm
memory_stage.dm.ram\[41\]\[3\],18.74µm
_05270_,18.73µm
_01532_,18.72µm
_03474_,18.72µm
memory_stage.dm.ram\[23\]\[13\],18.72µm
_06482_,18.71µm
memory_stage.dm.ram\[47\]\[2\],18.7µm
_04805_,18.68µm
_07296_,18.68µm
fetch_stage.thread_pc.t_pc\[6\]\[3\],18.68µm
memory_stage.dm.ram\[41\]\[0\],18.68µm
memory_stage.dm.ram\[62\]\[23\],18.68µm
memory_stage.dm.ram\[24\]\[14\],18.67µm
_03518_,18.66µm
memory_stage.dm.ram\[41\]\[8\],18.66µm
memory_stage.dm.ram\[9\]\[0\],18.66µm
_00693_,18.645µm
_00807_,18.645µm
_04009_,18.64µm
memory_stage.dm.ram\[61\]\[26\],18.64µm
_02860_,18.62µm
_03372_,18.62µm
memory_stage.dm.ram\[15\]\[3\],18.62µm
memory_stage.dm.ram\[31\]\[21\],18.62µm
memory_stage.dm.ram\[59\]\[25\],18.62µm
_05895_,18.6µm
_06001_,18.6µm
_06556_,18.6µm
memory_stage.dm.ram\[22\]\[17\],18.6µm
memory_stage.dm.ram\[27\]\[31\],18.6µm
memory_stage.dm.ram\[46\]\[12\],18.6µm
_01914_,18.585µm
_03471_,18.58µm
memory_stage.dm.ram\[25\]\[23\],18.58µm
_03852_,18.56µm
_05471_,18.56µm
memory_stage.dm.ram\[4\]\[23\],18.56µm
memory_stage.dm.ram\[24\]\[24\],18.54µm
memory_stage.dm.ram\[28\]\[6\],18.54µm
memory_stage.dm.ram\[45\]\[25\],18.54µm
memory_stage.dm.ram\[53\]\[15\],18.54µm
_01288_,18.535µm
_06651_,18.535µm
_01656_,18.525µm
_02994_,18.52µm
_02999_,18.52µm
_05894_,18.52µm
_07312_,18.52µm
memory_stage.dm.ram\[41\]\[14\],18.52µm
_01960_,18.505µm
_03072_,18.5µm
_03172_,18.5µm
_06695_,18.5µm
memory_stage.dm.ram\[24\]\[11\],18.5µm
_06826_,18.49µm
memory_stage.dm.ram\[11\]\[18\],18.49µm
memory_stage.dm.ram\[54\]\[19\],18.485µm
_04160_,18.48µm
_04254_,18.48µm
_03791_,18.46µm
_04327_,18.46µm
memory_stage.dm.ram\[25\]\[2\],18.46µm
memory_stage.dm.ram\[35\]\[25\],18.46µm
memory_stage.dm.ram\[63\]\[18\],18.46µm
_06961_,18.45µm
memory_stage.dm.ram\[23\]\[8\],18.445µm
_03102_,18.44µm
_05132_,18.44µm
_06749_,18.44µm
memory_stage.dm.ram\[12\]\[31\],18.44µm
memory_stage.dm.ram\[43\]\[27\],18.44µm
memory_stage.dm.ram\[7\]\[22\],18.44µm
memory_stage.dm.ram\[27\]\[5\],18.43µm
_06913_,18.42µm
memory_stage.dm.ram\[53\]\[26\],18.42µm
_05418_,18.415µm
memory_stage.dm.ram\[54\]\[21\],18.415µm
memory_stage.dm.ram\[58\]\[20\],18.405µm
_01360_,18.4µm
_03177_,18.4µm
_03991_,18.4µm
_04801_,18.4µm
_06283_,18.4µm
_06733_,18.4µm
_06755_,18.4µm
_01278_,18.38µm
_03109_,18.38µm
_03255_,18.38µm
_05522_,18.38µm
_06837_,18.38µm
memory_stage.dm.ram\[21\]\[19\],18.38µm
memory_stage.dm.ram\[45\]\[9\],18.365µm
_07220_,18.36µm
memory_stage.dm.ram\[19\]\[19\],18.36µm
memory_stage.dm.ram\[36\]\[15\],18.36µm
memory_stage.dm.ram\[49\]\[31\],18.36µm
_00694_,18.345µm
_00793_,18.345µm
_03918_,18.34µm
memory_stage.dm.ram\[7\]\[9\],18.34µm
memory_stage.dm.ram\[31\]\[15\],18.325µm
_04246_,18.32µm
_06173_,18.32µm
memory_stage.dm.ram\[12\]\[2\],18.32µm
memory_stage.dm.ram\[27\]\[9\],18.32µm
_04025_,18.3µm
_06725_,18.3µm
memory_stage.dm.ram\[18\]\[1\],18.3µm
_02933_,18.28µm
_03759_,18.28µm
_04807_,18.28µm
_06302_,18.28µm
_06897_,18.28µm
_07202_,18.28µm
memory_stage.dm.ram\[63\]\[9\],18.28µm
memory_stage.dm.ram\[9\]\[18\],18.28µm
_01862_,18.245µm
memory_stage.dm.ram\[5\]\[7\],18.245µm
_07159_,18.24µm
memory_stage.dm.ram\[19\]\[30\],18.24µm
memory_stage.dm.ram\[21\]\[30\],18.24µm
memory_stage.dm.ram\[23\]\[5\],18.24µm
memory_stage.dm.ram\[42\]\[25\],18.24µm
memory_stage.dm.ram\[17\]\[16\],18.225µm
_03014_,18.22µm
_05581_,18.22µm
memory_stage.dm.ram\[22\]\[3\],18.22µm
memory_stage.dm.ram\[43\]\[19\],18.22µm
memory_stage.dm.ram\[52\]\[31\],18.22µm
_00799_,18.205µm
_04540_,18.2µm
memory_stage.dm.ram\[51\]\[1\],18.2µm
_03452_,18.18µm
_04069_,18.18µm
memory_stage.dm.ram\[51\]\[17\],18.18µm
memory_stage.dm.ram\[20\]\[3\],18.16µm
fetch_stage.thread_pc.t_pc\[4\]\[14\],18.155µm
_05634_,18.14µm
_01856_,18.12µm
memory_stage.dm.ram\[12\]\[22\],18.105µm
memory_stage.dm.ram\[42\]\[6\],18.105µm
_03486_,18.1µm
_04119_,18.1µm
_04624_,18.1µm
_06941_,18.1µm
_07063_,18.1µm
memory_stage.dm.ram\[23\]\[10\],18.1µm
memory_stage.dm.ram\[49\]\[8\],18.1µm
memory_stage.dm.ram\[14\]\[29\],18.095µm
_03868_,18.08µm
memory_stage.dm.ram\[31\]\[26\],18.08µm
memory_stage.dm.ram\[19\]\[11\],18.065µm
memory_stage.dm.ram\[54\]\[0\],18.065µm
_01372_,18.06µm
_03063_,18.06µm
_03966_,18.06µm
_04290_,18.06µm
_06558_,18.06µm
_07138_,18.06µm
memory_stage.dm.ram\[32\]\[5\],18.06µm
_01912_,18.045µm
memory_stage.dm.ram\[32\]\[27\],18.04µm
memory_stage.dm.ram\[44\]\[0\],18.04µm
memory_stage.dm.ram\[5\]\[24\],18.025µm
_03119_,18.02µm
_03657_,18.02µm
_05776_,18.02µm
_06474_,18.02µm
_02949_,18.01µm
memory_stage.dm.ram\[14\]\[10\],18.005µm
_03082_,18µm
_05147_,18µm
_06518_,18µm
memory_stage.dm.ram\[20\]\[28\],18µm
memory_stage.dm.ram\[36\]\[16\],18µm
_03053_,17.98µm
_04381_,17.98µm
_05128_,17.98µm
_05488_,17.98µm
_05556_,17.98µm
_06611_,17.98µm
_03992_,17.96µm
_04284_,17.94µm
memory_stage.dm.ram\[19\]\[9\],17.94µm
memory_stage.dm.ram\[26\]\[3\],17.94µm
memory_stage.dm.ram\[28\]\[9\],17.94µm
memory_stage.dm.ram\[39\]\[6\],17.94µm
memory_stage.dm.ram\[15\]\[7\],17.925µm
_03279_,17.92µm
_07288_,17.92µm
memory_stage.dm.ram\[18\]\[16\],17.92µm
memory_stage.dm.ram\[0\]\[5\],17.9µm
memory_stage.dm.ram\[19\]\[6\],17.9µm
memory_stage.dm.ram\[36\]\[2\],17.9µm
memory_stage.dm.ram\[18\]\[27\],17.88µm
memory_stage.dm.ram\[30\]\[1\],17.88µm
memory_stage.dm.ram\[63\]\[3\],17.88µm
_06791_,17.86µm
memory_stage.dm.ram\[46\]\[13\],17.845µm
_03990_,17.84µm
_04635_,17.84µm
memory_stage.dm.ram\[11\]\[10\],17.84µm
mw.read_data_w\[18\],17.84µm
_05286_,17.82µm
memory_stage.dm.ram\[61\]\[14\],17.82µm
_03135_,17.8µm
_04484_,17.8µm
_07305_,17.8µm
de.pc_plus4_e\[9\],17.8µm
memory_stage.dm.ram\[4\]\[0\],17.79µm
_06707_,17.78µm
memory_stage.dm.ram\[56\]\[6\],17.78µm
memory_stage.dm.ram\[59\]\[20\],17.76µm
_03579_,17.74µm
_03582_,17.74µm
memory_stage.dm.ram\[0\]\[8\],17.74µm
memory_stage.dm.ram\[10\]\[24\],17.74µm
memory_stage.dm.ram\[17\]\[20\],17.74µm
memory_stage.dm.ram\[45\]\[13\],17.74µm
memory_stage.dm.ram\[56\]\[24\],17.74µm
memory_stage.dm.ram\[37\]\[23\],17.725µm
_02934_,17.72µm
_03080_,17.7µm
_03885_,17.7µm
_04050_,17.7µm
memory_stage.dm.ram\[10\]\[6\],17.7µm
memory_stage.dm.ram\[15\]\[24\],17.7µm
memory_stage.dm.ram\[3\]\[16\],17.7µm
_06786_,17.695µm
_02920_,17.68µm
_03925_,17.68µm
_04036_,17.68µm
memory_stage.dm.ram\[20\]\[4\],17.68µm
memory_stage.dm.ram\[57\]\[27\],17.68µm
memory_stage.dm.ram\[8\]\[9\],17.68µm
memory_stage.dm.ram\[63\]\[8\],17.665µm
_03860_,17.66µm
_06128_,17.66µm
_00052_,17.645µm
memory_stage.dm.ram\[13\]\[11\],17.645µm
memory_stage.dm.ram\[14\]\[16\],17.645µm
memory_stage.dm.ram\[23\]\[9\],17.645µm
_03926_,17.64µm
_07321_,17.64µm
memory_stage.dm.ram\[48\]\[19\],17.64µm
memory_stage.dm.ram\[23\]\[28\],17.625µm
_06156_,17.62µm
_04423_,17.61µm
_00817_,17.605µm
_03625_,17.6µm
_03719_,17.6µm
_05707_,17.6µm
memory_stage.dm.ram\[13\]\[16\],17.6µm
_04662_,17.595µm
_06107_,17.58µm
_06335_,17.58µm
memory_stage.dm.ram\[20\]\[23\],17.58µm
_02984_,17.56µm
_03586_,17.56µm
_06718_,17.56µm
fetch_stage.thread_pc.t_pc\[5\]\[8\],17.56µm
memory_stage.dm.ram\[2\]\[22\],17.56µm
memory_stage.dm.ram\[3\]\[17\],17.56µm
memory_stage.dm.ram\[54\]\[20\],17.56µm
_03537_,17.555µm
_01317_,17.54µm
_01393_,17.54µm
_03773_,17.54µm
_06908_,17.54µm
_02676_,17.525µm
memory_stage.dm.ram\[25\]\[15\],17.525µm
_05106_,17.52µm
memory_stage.dm.ram\[33\]\[24\],17.52µm
memory_stage.dm.ram\[50\]\[4\],17.52µm
_00814_,17.505µm
_00823_,17.505µm
_03752_,17.5µm
_04131_,17.5µm
_07337_,17.5µm
memory_stage.dm.ram\[4\]\[25\],17.5µm
_04448_,17.495µm
_03567_,17.48µm
_07195_,17.48µm
memory_stage.dm.ram\[24\]\[12\],17.48µm
_05842_,17.46µm
_05978_,17.46µm
_06177_,17.46µm
_06295_,17.46µm
_07216_,17.46µm
_01764_,17.44µm
_03872_,17.44µm
_03906_,17.44µm
_06343_,17.44µm
memory_stage.dm.ram\[20\]\[12\],17.44µm
memory_stage.dm.ram\[43\]\[31\],17.44µm
_03384_,17.42µm
memory_stage.dm.ram\[3\]\[27\],17.42µm
memory_stage.dm.ram\[53\]\[14\],17.42µm
memory_stage.dm.ram\[8\]\[3\],17.42µm
memory_stage.dm.ram\[45\]\[21\],17.405µm
_02846_,17.4µm
memory_stage.dm.ram\[47\]\[16\],17.4µm
_06604_,17.38µm
memory_stage.dm.ram\[11\]\[20\],17.38µm
memory_stage.dm.ram\[25\]\[9\],17.38µm
memory_stage.dm.ram\[7\]\[31\],17.37µm
memory_stage.dm.ram\[7\]\[26\],17.36µm
memory_stage.dm.ram\[41\]\[25\],17.34µm
_03833_,17.32µm
memory_stage.dm.ram\[35\]\[14\],17.32µm
memory_stage.dm.ram\[47\]\[10\],17.32µm
memory_stage.dm.ram\[54\]\[26\],17.32µm
_05527_,17.31µm
_04629_,17.3µm
memory_stage.dm.ram\[44\]\[16\],17.3µm
memory_stage.dm.ram\[6\]\[27\],17.3µm
memory_stage.dm.ram\[44\]\[5\],17.29µm
memory_stage.dm.ram\[53\]\[5\],17.285µm
_03511_,17.28µm
_06039_,17.28µm
_06686_,17.28µm
_00811_,17.275µm
_04593_,17.275µm
_01951_,17.265µm
_04027_,17.26µm
_04318_,17.26µm
fetch_stage.thread_pc.t_pc\[2\]\[12\],17.26µm
memory_stage.dm.ram\[6\]\[14\],17.26µm
_03073_,17.24µm
_03138_,17.24µm
_06118_,17.24µm
memory_stage.dm.ram\[0\]\[25\],17.24µm
memory_stage.dm.ram\[18\]\[15\],17.24µm
memory_stage.dm.ram\[2\]\[17\],17.24µm
memory_stage.dm.ram\[50\]\[8\],17.24µm
_04576_,17.235µm
memory_stage.dm.ram\[15\]\[16\],17.225µm
memory_stage.dm.ram\[38\]\[9\],17.225µm
memory_stage.dm.ram\[42\]\[13\],17.225µm
_00158_,17.205µm
_06252_,17.2µm
_06965_,17.18µm
_07295_,17.18µm
memory_stage.dm.ram\[47\]\[4\],17.18µm
memory_stage.dm.ram\[30\]\[27\],17.165µm
memory_stage.dm.ram\[50\]\[1\],17.165µm
_05424_,17.16µm
_07088_,17.16µm
memory_stage.dm.ram\[18\]\[25\],17.16µm
_03607_,17.14µm
_06851_,17.14µm
_07254_,17.14µm
de.rd_d\[4\],17.14µm
memory_stage.dm.ram\[15\]\[21\],17.14µm
memory_stage.dm.ram\[24\]\[19\],17.14µm
memory_stage.dm.ram\[56\]\[10\],17.14µm
memory_stage.dm.ram\[61\]\[23\],17.14µm
memory_stage.dm.ram\[8\]\[15\],17.14µm
_04631_,17.12µm
memory_stage.dm.ram\[31\]\[1\],17.105µm
_05425_,17.1µm
_06420_,17.1µm
memory_stage.dm.ram\[1\]\[13\],17.1µm
memory_stage.dm.ram\[32\]\[11\],17.1µm
memory_stage.dm.ram\[34\]\[12\],17.1µm
memory_stage.dm.ram\[45\]\[15\],17.1µm
memory_stage.dm.ram\[9\]\[15\],17.1µm
memory_stage.dm.ram\[56\]\[13\],17.09µm
_04226_,17.08µm
_07135_,17.08µm
_00875_,17.065µm
_04355_,17.06µm
_06720_,17.06µm
de.pc_d\[1\],17.06µm
_01687_,17.04µm
_01362_,17.02µm
_04503_,17.02µm
_06011_,17.02µm
_06264_,17.02µm
_06396_,17.02µm
em.pc_plus4_m\[0\],17.02µm
memory_stage.dm.ram\[18\]\[23\],17.02µm
memory_stage.dm.ram\[24\]\[25\],17.02µm
memory_stage.dm.ram\[55\]\[28\],17.02µm
memory_stage.dm.ram\[38\]\[4\],17.01µm
_03418_,17µm
_07397_,17µm
memory_stage.dm.ram\[50\]\[5\],17µm
memory_stage.dm.ram\[42\]\[24\],16.985µm
_05878_,16.98µm
_06955_,16.98µm
_07040_,16.98µm
memory_stage.dm.ram\[27\]\[0\],16.98µm
memory_stage.dm.ram\[27\]\[15\],16.98µm
memory_stage.dm.ram\[3\]\[31\],16.98µm
memory_stage.dm.ram\[44\]\[11\],16.98µm
_03009_,16.96µm
memory_stage.dm.ram\[31\]\[20\],16.955µm
memory_stage.dm.ram\[39\]\[11\],16.945µm
_05809_,16.94µm
_05912_,16.94µm
_04856_,16.92µm
memory_stage.dm.ram\[22\]\[2\],16.92µm
_03801_,16.9µm
_04047_,16.9µm
_04559_,16.9µm
_06365_,16.9µm
memory_stage.dm.ram\[57\]\[29\],16.895µm
memory_stage.dm.ram\[32\]\[14\],16.885µm
_04274_,16.88µm
_06429_,16.88µm
memory_stage.dm.ram\[29\]\[1\],16.88µm
memory_stage.dm.ram\[48\]\[9\],16.88µm
_01350_,16.865µm
memory_stage.dm.ram\[5\]\[29\],16.865µm
_03976_,16.86µm
_04581_,16.86µm
_05269_,16.86µm
memory_stage.dm.ram\[22\]\[1\],16.86µm
_01739_,16.845µm
_03703_,16.84µm
_04510_,16.84µm
memory_stage.dm.ram\[0\]\[21\],16.84µm
memory_stage.dm.ram\[5\]\[26\],16.84µm
_02956_,16.83µm
_03116_,16.82µm
_00750_,16.805µm
_03845_,16.8µm
_05636_,16.8µm
_07231_,16.8µm
memory_stage.dm.ram\[27\]\[4\],16.8µm
memory_stage.dm.ram\[16\]\[6\],16.78µm
memory_stage.dm.ram\[19\]\[2\],16.78µm
_03437_,16.76µm
_03636_,16.76µm
_04535_,16.76µm
_05281_,16.76µm
memory_stage.dm.ram\[30\]\[15\],16.745µm
memory_stage.dm.ram\[12\]\[5\],16.74µm
memory_stage.dm.ram\[44\]\[21\],16.74µm
memory_stage.dm.ram\[57\]\[13\],16.74µm
_00942_,16.725µm
_02940_,16.72µm
_03333_,16.72µm
_03694_,16.72µm
_03699_,16.72µm
_04052_,16.72µm
_04652_,16.72µm
memory_stage.dm.ram\[12\]\[1\],16.72µm
_04608_,16.715µm
memory_stage.dm.ram\[53\]\[18\],16.705µm
_02895_,16.7µm
_03321_,16.7µm
_04478_,16.7µm
_06610_,16.7µm
memory_stage.dm.ram\[17\]\[6\],16.7µm
memory_stage.dm.ram\[20\]\[25\],16.7µm
memory_stage.dm.ram\[48\]\[11\],16.7µm
memory_stage.dm.ram\[48\]\[22\],16.7µm
memory_stage.dm.ram\[49\]\[11\],16.7µm
_01375_,16.68µm
_03015_,16.68µm
_03178_,16.68µm
_03669_,16.68µm
_04087_,16.68µm
_05294_,16.68µm
_05665_,16.68µm
de.pc_d\[7\],16.68µm
em.write_data_m\[27\],16.68µm
memory_stage.dm.ram\[3\]\[30\],16.68µm
memory_stage.dm.ram\[52\]\[27\],16.68µm
_06280_,16.66µm
memory_stage.dm.ram\[40\]\[3\],16.66µm
memory_stage.dm.ram\[9\]\[10\],16.645µm
_03049_,16.64µm
_05739_,16.64µm
_06023_,16.64µm
_07455_,16.64µm
memory_stage.dm.ram\[21\]\[5\],16.64µm
memory_stage.dm.ram\[44\]\[17\],16.64µm
memory_stage.dm.ram\[54\]\[16\],16.64µm
_05136_,16.62µm
memory_stage.dm.ram\[16\]\[0\],16.62µm
_01749_,16.605µm
_01995_,16.605µm
_03396_,16.6µm
_03878_,16.6µm
_03959_,16.6µm
mw.read_data_w\[10\],16.6µm
_00721_,16.58µm
memory_stage.dm.ram\[61\]\[28\],16.565µm
_03150_,16.56µm
_04115_,16.56µm
memory_stage.dm.ram\[37\]\[26\],16.56µm
_02354_,16.545µm
_04003_,16.54µm
_07263_,16.54µm
memory_stage.dm.ram\[50\]\[10\],16.54µm
_06534_,16.52µm
_06685_,16.52µm
memory_stage.dm.ram\[11\]\[8\],16.52µm
memory_stage.dm.ram\[17\]\[10\],16.52µm
memory_stage.dm.ram\[24\]\[18\],16.52µm
memory_stage.dm.ram\[34\]\[4\],16.52µm
memory_stage.dm.ram\[3\]\[29\],16.52µm
memory_stage.dm.ram\[41\]\[19\],16.52µm
_06910_,16.505µm
memory_stage.dm.ram\[28\]\[14\],16.5µm
memory_stage.dm.ram\[27\]\[25\],16.485µm
_03108_,16.48µm
_04508_,16.48µm
_07353_,16.48µm
memory_stage.dm.ram\[58\]\[8\],16.48µm
memory_stage.dm.ram\[62\]\[1\],16.48µm
_07156_,16.465µm
_03725_,16.46µm
memory_stage.dm.ram\[24\]\[4\],16.46µm
memory_stage.dm.ram\[56\]\[9\],16.46µm
memory_stage.dm.ram\[17\]\[13\],16.445µm
_04495_,16.44µm
_06235_,16.44µm
_06713_,16.44µm
memory_stage.dm.ram\[54\]\[22\],16.44µm
_00878_,16.42µm
memory_stage.dm.ram\[10\]\[26\],16.42µm
memory_stage.dm.ram\[35\]\[22\],16.42µm
memory_stage.dm.ram\[47\]\[18\],16.42µm
memory_stage.dm.ram\[58\]\[23\],16.42µm
_05949_,16.4µm
memory_stage.dm.ram\[1\]\[30\],16.4µm
memory_stage.dm.ram\[24\]\[0\],16.4µm
memory_stage.dm.ram\[57\]\[26\],16.395µm
_03026_,16.38µm
_06700_,16.38µm
memory_stage.dm.ram\[11\]\[28\],16.38µm
memory_stage.dm.ram\[4\]\[1\],16.38µm
memory_stage.dm.ram\[11\]\[7\],16.36µm
memory_stage.dm.ram\[12\]\[20\],16.36µm
memory_stage.dm.ram\[17\]\[8\],16.36µm
memory_stage.dm.ram\[19\]\[1\],16.36µm
memory_stage.dm.ram\[19\]\[15\],16.345µm
_01715_,16.34µm
_02977_,16.34µm
_06500_,16.34µm
memory_stage.dm.ram\[49\]\[29\],16.34µm
memory_stage.dm.ram\[7\]\[28\],16.34µm
memory_stage.dm.ram\[9\]\[1\],16.34µm
memory_stage.dm.ram\[58\]\[25\],16.325µm
_03983_,16.32µm
_07311_,16.32µm
memory_stage.dm.ram\[18\]\[14\],16.32µm
memory_stage.dm.ram\[27\]\[28\],16.32µm
memory_stage.dm.ram\[52\]\[19\],16.32µm
memory_stage.dm.ram\[9\]\[2\],16.32µm
_03648_,16.3µm
_04486_,16.3µm
_07176_,16.3µm
memory_stage.dm.ram\[39\]\[19\],16.28µm
memory_stage.dm.ram\[44\]\[8\],16.28µm
memory_stage.dm.ram\[18\]\[2\],16.265µm
memory_stage.dm.ram\[47\]\[19\],16.265µm
_02944_,16.26µm
_03240_,16.26µm
_03820_,16.26µm
_03871_,16.26µm
_04350_,16.26µm
_05351_,16.26µm
_06736_,16.26µm
memory_stage.dm.ram\[10\]\[15\],16.26µm
memory_stage.dm.ram\[21\]\[29\],16.26µm
memory_stage.dm.ram\[49\]\[0\],16.26µm
_03095_,16.24µm
_03332_,16.24µm
_04360_,16.24µm
memory_stage.dm.ram\[26\]\[29\],16.24µm
_07252_,16.235µm
_05143_,16.23µm
_01570_,16.225µm
_01762_,16.22µm
_02930_,16.22µm
_03161_,16.22µm
_03676_,16.22µm
_04583_,16.22µm
_05768_,16.22µm
memory_stage.dm.ram\[31\]\[5\],16.22µm
memory_stage.dm.ram\[44\]\[30\],16.22µm
memory_stage.dm.ram\[7\]\[4\],16.22µm
_00858_,16.205µm
memory_stage.dm.ram\[22\]\[20\],16.205µm
memory_stage.dm.ram\[20\]\[2\],16.2µm
memory_stage.dm.ram\[39\]\[18\],16.2µm
memory_stage.dm.ram\[3\]\[6\],16.2µm
memory_stage.dm.ram\[51\]\[27\],16.2µm
_04928_,16.19µm
memory_stage.dm.ram\[53\]\[2\],16.185µm
_04644_,16.18µm
_06506_,16.18µm
memory_stage.dm.ram\[14\]\[20\],16.18µm
memory_stage.dm.ram\[36\]\[21\],16.18µm
memory_stage.dm.ram\[60\]\[7\],16.18µm
_01533_,16.175µm
memory_stage.dm.ram\[58\]\[1\],16.16µm
_01603_,16.145µm
_04507_,16.14µm
_04663_,16.14µm
_05352_,16.14µm
memory_stage.dm.ram\[50\]\[31\],16.14µm
memory_stage.dm.ram\[8\]\[5\],16.14µm
memory_stage.dm.ram\[54\]\[5\],16.125µm
_07164_,16.12µm
memory_stage.dm.ram\[22\]\[5\],16.12µm
memory_stage.dm.ram\[39\]\[3\],16.12µm
memory_stage.dm.ram\[49\]\[3\],16.12µm
_06290_,16.11µm
_01984_,16.105µm
_03165_,16.1µm
_04008_,16.1µm
_04838_,16.1µm
_05861_,16.1µm
_06066_,16.1µm
_06608_,16.1µm
fetch_stage.thread_pc.t_pc\[2\]\[16\],16.1µm
_03191_,16.08µm
_04201_,16.08µm
memory_stage.dm.ram\[1\]\[7\],16.08µm
_01874_,16.065µm
memory_stage.dm.ram\[31\]\[2\],16.065µm
_03043_,16.06µm
_03829_,16.06µm
_04431_,16.06µm
_04867_,16.06µm
_06591_,16.06µm
_06711_,16.06µm
_01535_,16.055µm
_03806_,16.04µm
memory_stage.dm.ram\[30\]\[30\],16.02µm
memory_stage.dm.ram\[4\]\[7\],16.02µm
memory_stage.dm.ram\[57\]\[16\],16.02µm
memory_stage.dm.ram\[46\]\[27\],16.015µm
memory_stage.dm.ram\[59\]\[16\],16.01µm
memory_stage.dm.ram\[10\]\[10\],16µm
memory_stage.dm.ram\[26\]\[2\],16µm
memory_stage.dm.ram\[56\]\[27\],16µm
memory_stage.dm.ram\[1\]\[21\],15.995µm
memory_stage.dm.ram\[35\]\[7\],15.98µm
_01746_,15.965µm
_01399_,15.96µm
_04035_,15.96µm
_06071_,15.96µm
memory_stage.dm.ram\[50\]\[19\],15.96µm
_02140_,15.945µm
_04252_,15.94µm
memory_stage.dm.ram\[20\]\[13\],15.94µm
memory_stage.dm.ram\[35\]\[15\],15.94µm
memory_stage.dm.ram\[3\]\[28\],15.94µm
memory_stage.dm.ram\[56\]\[18\],15.94µm
_00697_,15.935µm
memory_stage.dm.ram\[10\]\[3\],15.935µm
memory_stage.dm.ram\[47\]\[11\],15.92µm
memory_stage.dm.ram\[48\]\[15\],15.92µm
_00882_,15.9µm
_05822_,15.9µm
memory_stage.dm.ram\[18\]\[12\],15.9µm
memory_stage.dm.ram\[20\]\[24\],15.9µm
memory_stage.dm.ram\[40\]\[29\],15.9µm
_02634_,15.885µm
_05784_,15.88µm
memory_stage.dm.ram\[59\]\[18\],15.88µm
_03180_,15.86µm
_03905_,15.86µm
_04487_,15.86µm
_04674_,15.86µm
memory_stage.dm.ram\[17\]\[7\],15.86µm
memory_stage.dm.ram\[39\]\[30\],15.86µm
memory_stage.dm.ram\[47\]\[29\],15.86µm
memory_stage.dm.ram\[58\]\[22\],15.86µm
memory_stage.dm.ram\[9\]\[22\],15.86µm
memory_stage.dm.ram\[49\]\[28\],15.855µm
_03529_,15.84µm
_04014_,15.84µm
_06570_,15.84µm
memory_stage.dm.ram\[37\]\[31\],15.84µm
memory_stage.dm.ram\[15\]\[27\],15.82µm
_02757_,15.805µm
memory_stage.dm.ram\[1\]\[8\],15.805µm
memory_stage.dm.ram\[39\]\[27\],15.805µm
_03042_,15.8µm
_03795_,15.8µm
_04564_,15.8µm
_04571_,15.8µm
_06460_,15.8µm
memory_stage.dm.ram\[26\]\[31\],15.8µm
memory_stage.dm.ram\[35\]\[1\],15.8µm
memory_stage.dm.ram\[53\]\[10\],15.8µm
memory_stage.dm.ram\[59\]\[8\],15.8µm
mw.read_data_w\[12\],15.8µm
memory_stage.dm.ram\[17\]\[9\],15.78µm
memory_stage.dm.ram\[27\]\[10\],15.78µm
memory_stage.dm.ram\[28\]\[25\],15.78µm
_01419_,15.765µm
_03658_,15.76µm
_03917_,15.76µm
_06361_,15.76µm
_06424_,15.76µm
_06464_,15.76µm
_07241_,15.76µm
_07404_,15.76µm
memory_stage.dm.ram\[10\]\[18\],15.76µm
memory_stage.dm.ram\[55\]\[7\],15.76µm
_03950_,15.74µm
memory_stage.dm.ram\[51\]\[18\],15.74µm
_01744_,15.725µm
memory_stage.dm.ram\[21\]\[4\],15.725µm
_01819_,15.72µm
_04040_,15.72µm
_04380_,15.72µm
_06870_,15.72µm
memory_stage.dm.ram\[2\]\[15\],15.72µm
memory_stage.dm.ram\[59\]\[5\],15.72µm
_05221_,15.68µm
memory_stage.dm.ram\[41\]\[4\],15.68µm
memory_stage.dm.ram\[6\]\[30\],15.665µm
_04668_,15.66µm
memory_stage.dm.ram\[10\]\[13\],15.66µm
memory_stage.dm.ram\[4\]\[13\],15.66µm
_01530_,15.645µm
_00004_,15.64µm
_02906_,15.64µm
_03360_,15.64µm
_05102_,15.64µm
_05153_,15.64µm
_05640_,15.64µm
_05757_,15.64µm
_06569_,15.64µm
_06966_,15.64µm
memory_stage.dm.ram\[19\]\[27\],15.64µm
memory_stage.dm.ram\[26\]\[24\],15.64µm
mw.read_data_w\[7\],15.64µm
_03542_,15.62µm
_03989_,15.62µm
_06933_,15.62µm
memory_stage.dm.ram\[49\]\[25\],15.62µm
_03846_,15.6µm
memory_stage.dm.ram\[12\]\[16\],15.6µm
memory_stage.dm.ram\[16\]\[26\],15.6µm
memory_stage.dm.ram\[17\]\[5\],15.6µm
memory_stage.dm.ram\[31\]\[6\],15.6µm
memory_stage.dm.ram\[41\]\[21\],15.6µm
memory_stage.dm.ram\[52\]\[16\],15.6µm
memory_stage.dm.ram\[54\]\[23\],15.6µm
memory_stage.dm.ram\[57\]\[25\],15.6µm
memory_stage.dm.ram\[58\]\[21\],15.6µm
_00806_,15.585µm
_03781_,15.58µm
_03869_,15.58µm
_04293_,15.58µm
_00904_,15.565µm
memory_stage.dm.ram\[30\]\[12\],15.565µm
_03652_,15.56µm
_04570_,15.56µm
memory_stage.dm.ram\[32\]\[9\],15.56µm
memory_stage.dm.ram\[6\]\[5\],15.56µm
_00825_,15.545µm
memory_stage.dm.ram\[3\]\[3\],15.545µm
_03059_,15.54µm
_03851_,15.54µm
_07214_,15.54µm
memory_stage.dm.ram\[60\]\[16\],15.54µm
memory_stage.dm.ram\[9\]\[13\],15.54µm
_06661_,15.535µm
_04612_,15.505µm
_03202_,15.5µm
_04037_,15.5µm
_04062_,15.5µm
_06867_,15.5µm
decode_stage.cu.op\[0\],15.5µm
memory_stage.dm.ram\[35\]\[24\],15.5µm
memory_stage.dm.ram\[63\]\[28\],15.5µm
_06145_,15.485µm
_02908_,15.48µm
_04426_,15.48µm
_05737_,15.48µm
_05983_,15.48µm
_06487_,15.48µm
_06583_,15.48µm
memory_stage.dm.ram\[13\]\[27\],15.48µm
memory_stage.dm.ram\[14\]\[0\],15.48µm
memory_stage.dm.ram\[46\]\[17\],15.48µm
_03390_,15.46µm
_06056_,15.46µm
_06184_,15.46µm
memory_stage.dm.ram\[42\]\[16\],15.46µm
_01902_,15.445µm
_06575_,15.445µm
_04422_,15.44µm
_05148_,15.44µm
_05625_,15.44µm
_07218_,15.44µm
memory_stage.dm.ram\[29\]\[17\],15.44µm
memory_stage.dm.ram\[49\]\[20\],15.44µm
memory_stage.dm.ram\[25\]\[8\],15.42µm
memory_stage.dm.ram\[26\]\[18\],15.42µm
memory_stage.dm.ram\[56\]\[19\],15.42µm
memory_stage.dm.ram\[58\]\[19\],15.42µm
memory_stage.dm.ram\[46\]\[15\],15.405µm
_06761_,15.4µm
_07402_,15.4µm
_03149_,15.38µm
_03514_,15.38µm
_04161_,15.38µm
_04654_,15.38µm
_07393_,15.38µm
memory_stage.dm.ram\[10\]\[28\],15.38µm
_02911_,15.365µm
_05619_,15.365µm
_06743_,15.36µm
_06816_,15.36µm
memory_stage.dm.ram\[44\]\[18\],15.36µm
_02886_,15.35µm
_01903_,15.345µm
memory_stage.dm.ram\[29\]\[20\],15.345µm
_02905_,15.34µm
_03309_,15.34µm
_03548_,15.34µm
_04103_,15.34µm
_05792_,15.34µm
_05925_,15.34µm
_05940_,15.34µm
_06497_,15.34µm
_06553_,15.34µm
_07185_,15.34µm
memory_stage.dm.ram\[21\]\[16\],15.34µm
memory_stage.dm.ram\[38\]\[25\],15.34µm
memory_stage.dm.ram\[42\]\[15\],15.34µm
_01385_,15.32µm
_03738_,15.32µm
_04094_,15.32µm
_04095_,15.32µm
_04524_,15.32µm
_06864_,15.32µm
memory_stage.dm.ram\[23\]\[12\],15.32µm
memory_stage.dm.ram\[52\]\[7\],15.32µm
_01453_,15.305µm
memory_stage.dm.ram\[53\]\[24\],15.305µm
_01265_,15.3µm
_01653_,15.3µm
_03884_,15.3µm
_04112_,15.3µm
mw.read_data_w\[15\],15.3µm
_01966_,15.28µm
_03257_,15.28µm
_03734_,15.28µm
_04347_,15.28µm
_06717_,15.28µm
memory_stage.dm.ram\[0\]\[4\],15.28µm
memory_stage.dm.ram\[12\]\[18\],15.28µm
_00228_,15.265µm
_03997_,15.26µm
_04413_,15.26µm
_04435_,15.26µm
memory_stage.dm.ram\[35\]\[4\],15.26µm
memory_stage.dm.ram\[6\]\[12\],15.26µm
_04594_,15.24µm
_07367_,15.24µm
_02844_,15.22µm
_03565_,15.22µm
_06516_,15.22µm
memory_stage.dm.ram\[10\]\[2\],15.22µm
memory_stage.dm.ram\[10\]\[31\],15.22µm
memory_stage.dm.ram\[15\]\[14\],15.22µm
memory_stage.dm.ram\[32\]\[28\],15.22µm
_06245_,15.2µm
_07328_,15.2µm
_07336_,15.2µm
_01906_,15.195µm
de.pc_e\[20\],15.18µm
memory_stage.dm.ram\[10\]\[1\],15.18µm
memory_stage.dm.ram\[3\]\[22\],15.18µm
_03920_,15.16µm
_06339_,15.15µm
_05989_,15.14µm
_06094_,15.14µm
_06521_,15.14µm
_07380_,15.14µm
memory_stage.dm.ram\[47\]\[28\],15.14µm
memory_stage.dm.ram\[51\]\[29\],15.14µm
memory_stage.dm.ram\[52\]\[1\],15.13µm
memory_stage.dm.ram\[33\]\[18\],15.125µm
memory_stage.dm.ram\[30\]\[31\],15.12µm
memory_stage.dm.ram\[48\]\[18\],15.12µm
memory_stage.dm.ram\[50\]\[3\],15.12µm
_01888_,15.105µm
_03580_,15.1µm
_03670_,15.1µm
_04140_,15.1µm
_06488_,15.1µm
em.rd_m\[2\],15.1µm
memory_stage.dm.ram\[20\]\[27\],15.1µm
memory_stage.dm.ram\[2\]\[28\],15.1µm
memory_stage.dm.ram\[8\]\[25\],15.1µm
_05829_,15.095µm
_00700_,15.085µm
_01868_,15.085µm
_04081_,15.08µm
_04489_,15.08µm
_06962_,15.08µm
memory_stage.dm.ram\[51\]\[2\],15.08µm
_01635_,15.075µm
_02737_,15.065µm
_02922_,15.06µm
_06824_,15.06µm
alu_result_m_i\[9\],15.06µm
memory_stage.dm.ram\[11\]\[24\],15.06µm
_01340_,15.045µm
_01369_,15.04µm
_03207_,15.04µm
_03677_,15.04µm
_06030_,15.04µm
memory_stage.dm.ram\[35\]\[17\],15.04µm
_00810_,15.035µm
_05219_,15.02µm
memory_stage.dm.ram\[12\]\[25\],15.02µm
memory_stage.dm.ram\[23\]\[17\],15.02µm
memory_stage.dm.ram\[23\]\[21\],15.02µm
memory_stage.dm.ram\[26\]\[17\],15.02µm
memory_stage.dm.ram\[33\]\[30\],15.02µm
memory_stage.dm.ram\[38\]\[24\],15.02µm
memory_stage.dm.ram\[4\]\[15\],15.02µm
memory_stage.dm.ram\[22\]\[12\],15.005µm
_03316_,15µm
_05151_,15µm
_05723_,15µm
_00667_,14.985µm
memory_stage.dm.ram\[63\]\[12\],14.985µm
_02938_,14.98µm
_06220_,14.98µm
memory_stage.dm.ram\[12\]\[9\],14.98µm
memory_stage.dm.ram\[50\]\[16\],14.965µm
memory_stage.dm.ram\[63\]\[16\],14.96µm
memory_stage.dm.ram\[53\]\[13\],14.945µm
memory_stage.dm.ram\[1\]\[9\],14.94µm
memory_stage.dm.ram\[57\]\[10\],14.94µm
memory_stage.dm.ram\[5\]\[10\],14.94µm
_01887_,14.925µm
_01942_,14.925µm
_04465_,14.925µm
memory_stage.dm.ram\[58\]\[17\],14.925µm
_02979_,14.92µm
_03179_,14.92µm
_03251_,14.92µm
_05725_,14.92µm
_07106_,14.92µm
_00154_,14.905µm
_05672_,14.9µm
memory_stage.dm.ram\[12\]\[24\],14.9µm
_02231_,14.895µm
memory_stage.dm.ram\[61\]\[18\],14.885µm
_01347_,14.88µm
_02982_,14.88µm
_04664_,14.88µm
_05888_,14.88µm
_06216_,14.88µm
_06419_,14.88µm
_03193_,14.86µm
_03501_,14.86µm
_05985_,14.86µm
_07052_,14.86µm
memory_stage.dm.ram\[14\]\[13\],14.86µm
memory_stage.dm.ram\[20\]\[22\],14.86µm
memory_stage.dm.ram\[28\]\[29\],14.86µm
memory_stage.dm.ram\[41\]\[6\],14.86µm
memory_stage.dm.ram\[45\]\[27\],14.86µm
memory_stage.dm.ram\[7\]\[5\],14.855µm
_00100_,14.845µm
_00853_,14.845µm
memory_stage.dm.ram\[4\]\[16\],14.84µm
memory_stage.dm.ram\[33\]\[28\],14.835µm
memory_stage.dm.ram\[3\]\[13\],14.82µm
memory_stage.dm.ram\[4\]\[29\],14.82µm
_01682_,14.8µm
_03276_,14.8µm
_04459_,14.8µm
_07033_,14.8µm
memory_stage.dm.ram\[20\]\[10\],14.8µm
memory_stage.dm.ram\[27\]\[3\],14.8µm
memory_stage.dm.ram\[2\]\[24\],14.8µm
memory_stage.dm.ram\[5\]\[9\],14.8µm
_00042_,14.78µm
_01934_,14.78µm
_02954_,14.78µm
_04288_,14.78µm
_04580_,14.78µm
memory_stage.dm.ram\[20\]\[0\],14.78µm
memory_stage.dm.ram\[23\]\[4\],14.78µm
memory_stage.dm.ram\[36\]\[1\],14.78µm
_00802_,14.765µm
_03282_,14.76µm
_04018_,14.76µm
_06798_,14.76µm
memory_stage.dm.ram\[18\]\[24\],14.76µm
memory_stage.dm.ram\[19\]\[28\],14.76µm
memory_stage.dm.ram\[35\]\[8\],14.76µm
memory_stage.dm.ram\[49\]\[12\],14.76µm
memory_stage.dm.ram\[8\]\[7\],14.76µm
memory_stage.dm.ram\[55\]\[0\],14.74µm
_00866_,14.735µm
_04005_,14.72µm
_06470_,14.72µm
memory_stage.dm.ram\[20\]\[31\],14.72µm
_02932_,14.7µm
_03012_,14.7µm
memory_stage.dm.ram\[31\]\[29\],14.685µm
_06529_,14.68µm
_07175_,14.68µm
memory_stage.dm.ram\[32\]\[4\],14.68µm
_01088_,14.665µm
_06374_,14.66µm
memory_stage.dm.ram\[26\]\[4\],14.66µm
memory_stage.dm.ram\[34\]\[13\],14.66µm
memory_stage.dm.ram\[8\]\[22\],14.66µm
_05531_,14.64µm
memory_stage.dm.ram\[28\]\[24\],14.64µm
memory_stage.dm.ram\[51\]\[9\],14.64µm
memory_stage.dm.ram\[53\]\[27\],14.64µm
memory_stage.dm.ram\[9\]\[16\],14.64µm
memory_stage.dm.ram\[21\]\[1\],14.635µm
_00792_,14.625µm
_04046_,14.62µm
_06946_,14.62µm
memory_stage.dm.ram\[32\]\[7\],14.62µm
memory_stage.dm.ram\[26\]\[19\],14.61µm
_03949_,14.6µm
_06412_,14.6µm
memory_stage.dm.ram\[13\]\[3\],14.595µm
_04493_,14.58µm
_05385_,14.56µm
_05982_,14.56µm
_06344_,14.56µm
_07064_,14.56µm
_07363_,14.56µm
_03494_,14.54µm
_07260_,14.54µm
memory_stage.dm.ram\[63\]\[13\],14.54µm
memory_stage.dm.ram\[7\]\[29\],14.54µm
memory_stage.dm.ram\[6\]\[21\],14.525µm
_04132_,14.52µm
_04607_,14.52µm
memory_stage.dm.ram\[24\]\[31\],14.52µm
memory_stage.dm.ram\[49\]\[22\],14.52µm
memory_stage.dm.ram\[56\]\[21\],14.52µm
_00880_,14.505µm
_02232_,14.505µm
_02523_,14.505µm
_06122_,14.505µm
_03552_,14.5µm
memory_stage.dm.ram\[60\]\[10\],14.5µm
memory_stage.dm.ram\[10\]\[21\],14.485µm
memory_stage.dm.ram\[27\]\[8\],14.485µm
memory_stage.dm.ram\[51\]\[28\],14.485µm
_03067_,14.48µm
_03477_,14.48µm
_04485_,14.48µm
_04575_,14.48µm
memory_stage.dm.ram\[0\]\[16\],14.48µm
memory_stage.dm.ram\[11\]\[14\],14.48µm
memory_stage.dm.ram\[14\]\[15\],14.48µm
memory_stage.dm.ram\[44\]\[2\],14.48µm
memory_stage.dm.ram\[4\]\[22\],14.48µm
_00867_,14.465µm
memory_stage.dm.ram\[29\]\[26\],14.465µm
_03510_,14.46µm
_03730_,14.46µm
_06086_,14.46µm
_07460_,14.46µm
memory_stage.dm.ram\[15\]\[22\],14.46µm
memory_stage.dm.ram\[18\]\[31\],14.46µm
memory_stage.dm.ram\[61\]\[24\],14.46µm
memory_stage.dm.ram\[23\]\[25\],14.455µm
memory_stage.dm.ram\[18\]\[19\],14.44µm
_01002_,14.425µm
memory_stage.dm.ram\[41\]\[10\],14.425µm
_01398_,14.42µm
_03399_,14.42µm
_03442_,14.42µm
_03480_,14.42µm
_03612_,14.42µm
_03789_,14.42µm
_03818_,14.42µm
_04518_,14.42µm
_06165_,14.42µm
_07166_,14.42µm
memory_stage.dm.ram\[31\]\[9\],14.42µm
memory_stage.dm.ram\[36\]\[6\],14.42µm
memory_stage.dm.ram\[36\]\[9\],14.42µm
memory_stage.dm.ram\[53\]\[0\],14.42µm
memory_stage.dm.ram\[63\]\[7\],14.42µm
_03743_,14.4µm
_04513_,14.4µm
memory_stage.dm.ram\[11\]\[3\],14.4µm
_01956_,14.385µm
memory_stage.dm.ram\[45\]\[12\],14.385µm
_04227_,14.38µm
memory_stage.dm.ram\[3\]\[11\],14.38µm
memory_stage.dm.ram\[40\]\[14\],14.38µm
memory_stage.dm.ram\[58\]\[10\],14.38µm
de.imm_val_e\[18\],14.36µm
memory_stage.dm.ram\[11\]\[1\],14.36µm
memory_stage.dm.ram\[24\]\[20\],14.36µm
memory_stage.dm.ram\[36\]\[18\],14.36µm
memory_stage.dm.ram\[44\]\[13\],14.36µm
_03711_,14.34µm
_03844_,14.34µm
_04000_,14.34µm
_06237_,14.34µm
memory_stage.dm.ram\[23\]\[26\],14.34µm
memory_stage.dm.ram\[40\]\[22\],14.34µm
_03707_,14.335µm
memory_stage.dm.ram\[33\]\[20\],14.33µm
_04411_,14.32µm
_05419_,14.32µm
memory_stage.dm.ram\[23\]\[14\],14.32µm
_06663_,14.305µm
_03087_,14.3µm
_03761_,14.3µm
_04296_,14.3µm
_05101_,14.3µm
_06061_,14.3µm
memory_stage.dm.ram\[20\]\[15\],14.3µm
memory_stage.dm.ram\[35\]\[27\],14.3µm
memory_stage.dm.ram\[46\]\[5\],14.3µm
memory_stage.dm.ram\[47\]\[25\],14.3µm
_05404_,14.28µm
memory_stage.dm.ram\[19\]\[24\],14.28µm
memory_stage.dm.ram\[34\]\[6\],14.28µm
memory_stage.dm.ram\[38\]\[26\],14.28µm
memory_stage.dm.ram\[61\]\[25\],14.28µm
_00863_,14.265µm
_03263_,14.26µm
_04584_,14.26µm
_05358_,14.26µm
memory_stage.dm.ram\[19\]\[14\],14.26µm
memory_stage.dm.ram\[34\]\[19\],14.255µm
memory_stage.dm.ram\[5\]\[3\],14.245µm
_03562_,14.24µm
fetch_stage.thread_pc.t_pc\[1\]\[26\],14.24µm
memory_stage.dm.ram\[34\]\[0\],14.24µm
memory_stage.dm.ram\[63\]\[31\],14.235µm
memory_stage.dm.ram\[45\]\[0\],14.225µm
_04464_,14.22µm
_05600_,14.22µm
_05741_,14.22µm
memory_stage.dm.ram\[23\]\[0\],14.22µm
memory_stage.dm.ram\[24\]\[15\],14.22µm
memory_stage.dm.ram\[28\]\[11\],14.22µm
memory_stage.dm.ram\[59\]\[6\],14.22µm
_02085_,14.205µm
memory_stage.dm.ram\[37\]\[1\],14.205µm
_03550_,14.2µm
_05518_,14.2µm
memory_stage.dm.ram\[10\]\[9\],14.2µm
memory_stage.dm.ram\[22\]\[18\],14.2µm
memory_stage.dm.ram\[30\]\[29\],14.2µm
memory_stage.dm.ram\[41\]\[26\],14.2µm
_06737_,14.19µm
_02662_,14.185µm
memory_stage.dm.ram\[62\]\[6\],14.185µm
_03153_,14.18µm
_03638_,14.18µm
_04218_,14.18µm
memory_stage.dm.ram\[2\]\[3\],14.18µm
memory_stage.dm.ram\[48\]\[29\],14.18µm
memory_stage.dm.ram\[51\]\[0\],14.18µm
memory_stage.dm.ram\[62\]\[15\],14.18µm
_01720_,14.165µm
_06092_,14.16µm
memory_stage.dm.ram\[4\]\[11\],14.16µm
_04645_,14.155µm
_01880_,14.145µm
_02970_,14.14µm
_03017_,14.14µm
memory_stage.dm.ram\[43\]\[14\],14.14µm
_01346_,14.12µm
_05550_,14.12µm
memory_stage.dm.ram\[30\]\[23\],14.12µm
memory_stage.dm.ram\[38\]\[30\],14.12µm
memory_stage.dm.ram\[42\]\[19\],14.12µm
memory_stage.dm.ram\[18\]\[22\],14.105µm
memory_stage.dm.ram\[29\]\[11\],14.105µm
memory_stage.dm.ram\[41\]\[7\],14.105µm
_02893_,14.1µm
_04187_,14.1µm
memory_stage.dm.ram\[45\]\[5\],14.1µm
memory_stage.dm.ram\[57\]\[31\],14.1µm
_00707_,14.095µm
_03747_,14.08µm
_06665_,14.08µm
memory_stage.dm.ram\[35\]\[6\],14.08µm
memory_stage.dm.ram\[38\]\[19\],14.08µm
_02143_,14.065µm
memory_stage.dm.ram\[61\]\[2\],14.065µm
_04190_,14.06µm
_05545_,14.06µm
memory_stage.dm.ram\[41\]\[27\],14.06µm
memory_stage.dm.ram\[49\]\[4\],14.06µm
memory_stage.dm.ram\[62\]\[12\],14.06µm
_01894_,14.045µm
memory_stage.dm.ram\[46\]\[22\],14.045µm
memory_stage.dm.ram\[7\]\[6\],14.045µm
_03044_,14.04µm
_03457_,14.04µm
_04670_,14.04µm
memory_stage.dm.ram\[29\]\[21\],14.04µm
memory_stage.dm.ram\[39\]\[25\],14.04µm
memory_stage.dm.ram\[47\]\[31\],14.04µm
memory_stage.dm.ram\[6\]\[10\],14.04µm
memory_stage.dm.ram\[38\]\[29\],14.025µm
_03742_,14.02µm
memory_stage.dm.ram\[32\]\[8\],14.02µm
memory_stage.dm.ram\[8\]\[30\],14.02µm
_00718_,14.005µm
memory_stage.dm.ram\[25\]\[7\],14.005µm
_07360_,14µm
memory_stage.dm.ram\[11\]\[13\],14µm
_02595_,13.985µm
_05315_,13.985µm
_05190_,13.98µm
_06710_,13.98µm
_07056_,13.98µm
memory_stage.dm.ram\[15\]\[1\],13.98µm
memory_stage.dm.ram\[55\]\[5\],13.98µm
_02841_,13.96µm
_03196_,13.96µm
_03481_,13.96µm
_04338_,13.96µm
_05236_,13.96µm
_07124_,13.96µm
de.pc_d\[31\],13.96µm
memory_stage.dm.ram\[11\]\[29\],13.96µm
memory_stage.dm.ram\[30\]\[17\],13.96µm
memory_stage.dm.ram\[45\]\[23\],13.96µm
memory_stage.dm.ram\[59\]\[10\],13.96µm
memory_stage.dm.ram\[9\]\[27\],13.96µm
memory_stage.dm.ram\[31\]\[8\],13.955µm
memory_stage.dm.ram\[48\]\[7\],13.955µm
_04023_,13.94µm
_05824_,13.94µm
_01886_,13.925µm
_06324_,13.925µm
_03041_,13.92µm
_04367_,13.92µm
memory_stage.dm.ram\[48\]\[13\],13.92µm
memory_stage.dm.ram\[17\]\[26\],13.91µm
_03004_,13.9µm
_03366_,13.9µm
_04117_,13.9µm
_04348_,13.9µm
_03273_,13.88µm
_03423_,13.88µm
_03604_,13.88µm
_03993_,13.88µm
_04265_,13.88µm
_05688_,13.88µm
_05898_,13.88µm
_07211_,13.88µm
memory_stage.dm.ram\[35\]\[20\],13.88µm
memory_stage.dm.ram\[38\]\[17\],13.88µm
memory_stage.dm.ram\[39\]\[7\],13.88µm
_00037_,13.865µm
_03650_,13.86µm
_06544_,13.86µm
memory_stage.dm.ram\[53\]\[30\],13.855µm
_07145_,13.85µm
_03145_,13.84µm
_03409_,13.84µm
_05186_,13.84µm
_06253_,13.84µm
_06316_,13.84µm
memory_stage.dm.ram\[32\]\[21\],13.835µm
memory_stage.dm.ram\[38\]\[6\],13.82µm
memory_stage.dm.ram\[55\]\[15\],13.82µm
memory_stage.dm.ram\[60\]\[9\],13.82µm
_07273_,13.815µm
_00222_,13.805µm
_04286_,13.8µm
_05787_,13.8µm
_07383_,13.8µm
em.result_src_m\[1\],13.8µm
memory_stage.dm.ram\[57\]\[24\],13.8µm
memory_stage.dm.ram\[9\]\[4\],13.8µm
memory_stage.dm.ram\[53\]\[21\],13.795µm
_05881_,13.79µm
_05091_,13.78µm
_07401_,13.78µm
memory_stage.dm.ram\[22\]\[10\],13.775µm
_03210_,13.76µm
memory_stage.dm.ram\[16\]\[20\],13.76µm
memory_stage.dm.ram\[17\]\[12\],13.76µm
_00543_,13.745µm
_03545_,13.74µm
_03690_,13.74µm
_03947_,13.74µm
_05819_,13.74µm
memory_stage.dm.ram\[19\]\[0\],13.74µm
memory_stage.dm.ram\[44\]\[19\],13.74µm
_00326_,13.725µm
_01811_,13.725µm
_04625_,13.72µm
_04823_,13.72µm
_05439_,13.72µm
_05760_,13.72µm
memory_stage.dm.ram\[19\]\[23\],13.72µm
memory_stage.dm.ram\[27\]\[23\],13.72µm
memory_stage.dm.ram\[33\]\[14\],13.72µm
memory_stage.dm.ram\[42\]\[1\],13.72µm
_00741_,13.715µm
memory_stage.dm.ram\[49\]\[18\],13.715µm
_01747_,13.705µm
memory_stage.dm.ram\[34\]\[26\],13.7µm
memory_stage.dm.ram\[8\]\[18\],13.7µm
memory_stage.dm.ram\[5\]\[20\],13.685µm
memory_stage.dm.ram\[9\]\[24\],13.68µm
_01741_,13.665µm
memory_stage.dm.ram\[39\]\[14\],13.665µm
_03627_,13.66µm
_04632_,13.66µm
_04649_,13.66µm
_06369_,13.66µm
memory_stage.dm.ram\[1\]\[24\],13.66µm
memory_stage.dm.ram\[46\]\[16\],13.66µm
memory_stage.dm.ram\[55\]\[9\],13.645µm
_00849_,13.64µm
_05754_,13.64µm
_05966_,13.64µm
memory_stage.dm.ram\[13\]\[26\],13.64µm
memory_stage.dm.ram\[2\]\[12\],13.64µm
memory_stage.dm.ram\[33\]\[19\],13.64µm
memory_stage.dm.ram\[4\]\[6\],13.64µm
memory_stage.dm.ram\[50\]\[21\],13.64µm
memory_stage.dm.ram\[18\]\[17\],13.635µm
memory_stage.dm.ram\[2\]\[20\],13.635µm
memory_stage.dm.ram\[7\]\[10\],13.625µm
_03803_,13.62µm
_05656_,13.62µm
memory_stage.dm.ram\[26\]\[30\],13.62µm
memory_stage.dm.ram\[26\]\[9\],13.62µm
memory_stage.dm.ram\[62\]\[27\],13.62µm
memory_stage.dm.ram\[43\]\[5\],13.615µm
_07109_,13.61µm
_07154_,13.61µm
memory_stage.dm.ram\[56\]\[17\],13.61µm
memory_stage.dm.ram\[17\]\[14\],13.605µm
memory_stage.dm.ram\[21\]\[3\],13.6µm
memory_stage.dm.ram\[34\]\[17\],13.6µm
_01184_,13.585µm
_01957_,13.585µm
_04130_,13.58µm
_04208_,13.58µm
_04357_,13.58µm
_05120_,13.58µm
_05880_,13.58µm
_05987_,13.58µm
_06273_,13.58µm
memory_stage.dm.ram\[18\]\[13\],13.58µm
memory_stage.dm.ram\[45\]\[3\],13.565µm
memory_stage.dm.ram\[54\]\[17\],13.565µm
_04421_,13.56µm
memory_stage.dm.ram\[25\]\[26\],13.56µm
memory_stage.dm.ram\[28\]\[17\],13.56µm
memory_stage.dm.ram\[2\]\[30\],13.56µm
memory_stage.dm.ram\[32\]\[16\],13.56µm
memory_stage.dm.ram\[44\]\[31\],13.56µm
memory_stage.dm.ram\[50\]\[11\],13.56µm
memory_stage.dm.ram\[54\]\[7\],13.56µm
memory_stage.dm.ram\[59\]\[4\],13.56µm
memory_stage.dm.ram\[5\]\[13\],13.56µm
memory_stage.dm.ram\[5\]\[5\],13.56µm
_02885_,13.54µm
_03317_,13.54µm
_04640_,13.54µm
_04870_,13.54µm
_05131_,13.54µm
_05855_,13.54µm
_06334_,13.54µm
_06511_,13.54µm
_06949_,13.54µm
memory_stage.dm.ram\[46\]\[8\],13.54µm
_04001_,13.52µm
_04520_,13.52µm
_06358_,13.52µm
_00816_,13.505µm
_01883_,13.505µm
memory_stage.dm.ram\[15\]\[31\],13.505µm
_03331_,13.5µm
_03635_,13.5µm
_03644_,13.5µm
_06763_,13.5µm
_06964_,13.5µm
_07060_,13.5µm
de.pc_d\[12\],13.5µm
memory_stage.dm.ram\[10\]\[20\],13.5µm
memory_stage.dm.ram\[30\]\[4\],13.5µm
memory_stage.dm.ram\[37\]\[25\],13.5µm
memory_stage.dm.ram\[49\]\[9\],13.5µm
memory_stage.dm.ram\[53\]\[6\],13.5µm
_02878_,13.48µm
_00839_,13.465µm
memory_stage.dm.ram\[54\]\[4\],13.465µm
_04177_,13.46µm
_04842_,13.46µm
memory_stage.dm.ram\[13\]\[10\],13.46µm
memory_stage.dm.ram\[4\]\[3\],13.46µm
memory_stage.dm.ram\[7\]\[8\],13.445µm
_06032_,13.44µm
memory_stage.dm.ram\[39\]\[0\],13.44µm
_00677_,13.425µm
_01802_,13.425µm
memory_stage.dm.ram\[10\]\[17\],13.425µm
_02921_,13.42µm
_03021_,13.42µm
_03033_,13.42µm
_03334_,13.42µm
_04314_,13.42µm
_04587_,13.42µm
_04924_,13.42µm
_07327_,13.42µm
memory_stage.dm.ram\[11\]\[27\],13.42µm
memory_stage.dm.ram\[53\]\[20\],13.42µm
net260,13.41µm
_02545_,13.405µm
_03140_,13.4µm
_06804_,13.4µm
memory_stage.dm.ram\[63\]\[27\],13.4µm
memory_stage.dm.ram\[2\]\[7\],13.395µm
memory_stage.dm.ram\[63\]\[30\],13.39µm
_00658_,13.385µm
_03708_,13.38µm
_04303_,13.38µm
_05099_,13.38µm
_07177_,13.38µm
_07351_,13.38µm
memory_stage.dm.ram\[2\]\[2\],13.38µm
memory_stage.dm.ram\[36\]\[13\],13.38µm
memory_stage.dm.ram\[52\]\[24\],13.38µm
_03649_,13.36µm
_05098_,13.36µm
memory_stage.dm.ram\[47\]\[26\],13.345µm
_03201_,13.34µm
memory_stage.dm.ram\[21\]\[23\],13.335µm
memory_stage.dm.ram\[5\]\[2\],13.335µm
_00129_,13.325µm
_04406_,13.32µm
memory_stage.dm.ram\[33\]\[7\],13.32µm
memory_stage.dm.ram\[45\]\[30\],13.32µm
memory_stage.dm.ram\[63\]\[6\],13.32µm
memory_stage.dm.ram\[26\]\[6\],13.315µm
memory_stage.dm.ram\[53\]\[7\],13.305µm
_06818_,13.3µm
em.tid_m\[0\],13.3µm
memory_stage.dm.ram\[20\]\[21\],13.3µm
memory_stage.dm.ram\[36\]\[10\],13.3µm
memory_stage.dm.ram\[36\]\[8\],13.3µm
memory_stage.dm.ram\[42\]\[4\],13.3µm
memory_stage.dm.ram\[7\]\[20\],13.3µm
_03911_,13.28µm
memory_stage.dm.ram\[0\]\[7\],13.28µm
memory_stage.dm.ram\[15\]\[2\],13.28µm
memory_stage.dm.ram\[32\]\[20\],13.28µm
memory_stage.dm.ram\[36\]\[30\],13.28µm
_00881_,13.265µm
_04453_,13.26µm
memory_stage.dm.ram\[11\]\[26\],13.26µm
memory_stage.dm.ram\[20\]\[8\],13.26µm
memory_stage.dm.ram\[22\]\[26\],13.26µm
memory_stage.dm.ram\[41\]\[12\],13.26µm
memory_stage.dm.ram\[42\]\[8\],13.26µm
memory_stage.dm.ram\[62\]\[28\],13.26µm
memory_stage.dm.ram\[6\]\[7\],13.26µm
clknet_leaf_19_clk_regs,13.26µm
memory_stage.dm.ram\[61\]\[12\],13.245µm
memory_stage.dm.ram\[27\]\[27\],13.24µm
memory_stage.dm.ram\[52\]\[20\],13.24µm
_07070_,13.22µm
de.imm_val_e\[13\],13.22µm
memory_stage.dm.ram\[36\]\[0\],13.22µm
_02916_,13.2µm
_02929_,13.2µm
_03614_,13.2µm
_07293_,13.2µm
memory_stage.dm.ram\[34\]\[31\],13.2µm
memory_stage.dm.ram\[47\]\[22\],13.2µm
_06520_,13.19µm
_05546_,13.18µm
_06217_,13.18µm
_06612_,13.18µm
memory_stage.dm.ram\[51\]\[16\],13.18µm
memory_stage.dm.ram\[9\]\[20\],13.175µm
_03157_,13.16µm
_04085_,13.16µm
_05141_,13.16µm
_05552_,13.16µm
_07284_,13.16µm
memory_stage.dm.ram\[56\]\[14\],13.16µm
_00791_,13.145µm
_03454_,13.14µm
memory_stage.dm.ram\[38\]\[16\],13.14µm
memory_stage.dm.ram\[63\]\[25\],13.14µm
_00402_,13.135µm
_00720_,13.12µm
_03723_,13.12µm
_03972_,13.12µm
_05770_,13.12µm
memory_stage.dm.ram\[25\]\[27\],13.12µm
memory_stage.dm.ram\[38\]\[7\],13.12µm
memory_stage.dm.ram\[44\]\[12\],13.12µm
memory_stage.dm.ram\[15\]\[17\],13.105µm
memory_stage.dm.ram\[29\]\[13\],13.105µm
_06332_,13.1µm
memory_stage.dm.ram\[39\]\[10\],13.1µm
memory_stage.dm.ram\[55\]\[3\],13.1µm
memory_stage.dm.ram\[56\]\[31\],13.1µm
_03624_,13.08µm
_04845_,13.08µm
_05655_,13.08µm
_05864_,13.08µm
_06596_,13.08µm
memory_stage.dm.ram\[27\]\[26\],13.06µm
_02728_,13.045µm
_03112_,13.04µm
_03444_,13.04µm
_03467_,13.04µm
_04241_,13.04µm
_04366_,13.04µm
_04442_,13.04µm
_05543_,13.04µm
_05791_,13.04µm
_06166_,13.04µm
_07212_,13.04µm
de.rd_e\[1\],13.04µm
memory_stage.dm.ram\[14\]\[17\],13.04µm
memory_stage.dm.ram\[40\]\[9\],13.04µm
memory_stage.dm.ram\[41\]\[24\],13.04µm
memory_stage.dm.ram\[53\]\[19\],13.04µm
memory_stage.dm.ram\[61\]\[7\],13.04µm
_01964_,13.005µm
_01252_,13µm
memory_stage.dm.ram\[26\]\[11\],13µm
memory_stage.dm.ram\[36\]\[5\],13µm
_02239_,12.985µm
memory_stage.dm.ram\[49\]\[30\],12.985µm
_01355_,12.98µm
memory_stage.dm.ram\[36\]\[14\],12.98µm
memory_stage.dm.ram\[43\]\[22\],12.98µm
memory_stage.dm.ram\[26\]\[28\],12.97µm
_01231_,12.965µm
_01917_,12.965µm
_02117_,12.965µm
_03621_,12.96µm
_04452_,12.96µm
_05700_,12.96µm
_06002_,12.96µm
memory_stage.dm.ram\[0\]\[30\],12.96µm
memory_stage.dm.ram\[42\]\[3\],12.96µm
memory_stage.dm.ram\[43\]\[26\],12.96µm
memory_stage.dm.ram\[48\]\[30\],12.96µm
memory_stage.dm.ram\[51\]\[15\],12.96µm
memory_stage.dm.ram\[51\]\[7\],12.96µm
memory_stage.dm.ram\[45\]\[29\],12.955µm
_00064_,12.945µm
_02243_,12.945µm
_04599_,12.94µm
_07000_,12.94µm
_07396_,12.94µm
memory_stage.dm.ram\[33\]\[11\],12.94µm
memory_stage.dm.ram\[8\]\[21\],12.94µm
_07091_,12.935µm
_02240_,12.925µm
_04844_,12.92µm
_05610_,12.92µm
_06432_,12.92µm
memory_stage.dm.ram\[27\]\[14\],12.92µm
memory_stage.dm.ram\[42\]\[30\],12.92µm
memory_stage.dm.ram\[60\]\[19\],12.92µm
_01879_,12.905µm
_01959_,12.905µm
clknet_1_0__leaf_clk,12.89µm
_01926_,12.885µm
_05542_,12.88µm
memory_stage.dm.ram\[42\]\[17\],12.88µm
_06840_,12.86µm
_06954_,12.86µm
_06991_,12.86µm
memory_stage.dm.ram\[47\]\[24\],12.86µm
memory_stage.dm.ram\[34\]\[21\],12.855µm
memory_stage.dm.ram\[29\]\[7\],12.845µm
_07324_,12.84µm
memory_stage.dm.ram\[26\]\[16\],12.84µm
memory_stage.dm.ram\[27\]\[6\],12.84µm
memory_stage.dm.ram\[39\]\[31\],12.84µm
memory_stage.dm.ram\[40\]\[27\],12.84µm
memory_stage.dm.ram\[16\]\[30\],12.83µm
_02778_,12.825µm
_04843_,12.825µm
_04189_,12.82µm
_05486_,12.82µm
memory_stage.dm.ram\[0\]\[1\],12.82µm
memory_stage.dm.ram\[23\]\[30\],12.82µm
memory_stage.dm.ram\[28\]\[19\],12.82µm
memory_stage.dm.ram\[38\]\[31\],12.82µm
_00992_,12.805µm
_02434_,12.805µm
memory_stage.dm.ram\[9\]\[7\],12.805µm
_03963_,12.8µm
memory_stage.dm.ram\[14\]\[18\],12.8µm
memory_stage.dm.ram\[25\]\[5\],12.8µm
memory_stage.dm.ram\[51\]\[13\],12.8µm
memory_stage.dm.ram\[57\]\[4\],12.8µm
memory_stage.dm.ram\[11\]\[5\],12.795µm
_06662_,12.78µm
memory_stage.dm.ram\[16\]\[4\],12.78µm
memory_stage.dm.ram\[1\]\[23\],12.78µm
memory_stage.dm.ram\[23\]\[11\],12.78µm
memory_stage.dm.ram\[42\]\[10\],12.78µm
memory_stage.dm.ram\[59\]\[7\],12.78µm
_05720_,12.76µm
_06269_,12.76µm
_06963_,12.76µm
memory_stage.dm.ram\[12\]\[26\],12.76µm
_01742_,12.745µm
_01846_,12.745µm
_02914_,12.74µm
_03097_,12.74µm
_03322_,12.74µm
_03325_,12.74µm
_03532_,12.74µm
_06879_,12.74µm
em.pc_plus4_m\[2\],12.74µm
memory_stage.dm.ram\[25\]\[31\],12.725µm
_06281_,12.72µm
_06644_,12.72µm
memory_stage.dm.ram\[28\]\[30\],12.72µm
memory_stage.dm.ram\[37\]\[28\],12.72µm
_04086_,12.7µm
_05962_,12.7µm
memory_stage.dm.ram\[28\]\[12\],12.7µm
memory_stage.dm.ram\[53\]\[22\],12.7µm
mw.read_data_w\[19\],12.7µm
_01167_,12.685µm
_06268_,12.68µm
_07280_,12.68µm
_01503_,12.665µm
_01949_,12.665µm
memory_stage.dm.ram\[55\]\[26\],12.665µm
_03307_,12.66µm
_03462_,12.66µm
_04323_,12.66µm
_04463_,12.66µm
_04860_,12.66µm
_05599_,12.66µm
_06881_,12.66µm
_07349_,12.66µm
memory_stage.dm.ram\[28\]\[16\],12.66µm
memory_stage.dm.ram\[29\]\[23\],12.66µm
memory_stage.dm.ram\[29\]\[25\],12.66µm
memory_stage.dm.ram\[3\]\[2\],12.66µm
_05936_,12.65µm
_04397_,12.64µm
memory_stage.dm.ram\[21\]\[7\],12.64µm
memory_stage.dm.ram\[27\]\[11\],12.64µm
_02694_,12.625µm
_03030_,12.62µm
_03265_,12.62µm
_03313_,12.62µm
_03596_,12.62µm
_03679_,12.62µm
_03775_,12.62µm
_03840_,12.62µm
_04067_,12.62µm
_04556_,12.62µm
_05450_,12.62µm
_05489_,12.62µm
_05644_,12.62µm
_05789_,12.62µm
_06363_,12.62µm
_06493_,12.62µm
_06708_,12.62µm
memory_stage.dm.ram\[34\]\[15\],12.62µm
memory_stage.dm.ram\[56\]\[30\],12.62µm
memory_stage.dm.ram\[58\]\[16\],12.62µm
_04554_,12.61µm
_00199_,12.605µm
_04307_,12.6µm
_06448_,12.6µm
memory_stage.dm.ram\[12\]\[12\],12.6µm
memory_stage.dm.ram\[37\]\[5\],12.595µm
_00654_,12.585µm
_01383_,12.58µm
_01403_,12.58µm
_03500_,12.58µm
_04150_,12.58µm
_04236_,12.58µm
_04656_,12.58µm
_05183_,12.58µm
_05388_,12.58µm
_05848_,12.58µm
memory_stage.dm.ram\[19\]\[31\],12.58µm
memory_stage.dm.ram\[47\]\[17\],12.58µm
memory_stage.dm.ram\[55\]\[27\],12.58µm
memory_stage.dm.ram\[5\]\[23\],12.58µm
memory_stage.dm.ram\[5\]\[30\],12.58µm
memory_stage.dm.ram\[21\]\[12\],12.575µm
memory_stage.dm.ram\[11\]\[15\],12.57µm
_07403_,12.56µm
memory_stage.dm.ram\[29\]\[9\],12.56µm
memory_stage.dm.ram\[49\]\[17\],12.56µm
memory_stage.dm.ram\[6\]\[4\],12.56µm
memory_stage.dm.ram\[9\]\[25\],12.56µm
net259,12.55µm
_00240_,12.545µm
_03281_,12.54µm
_04193_,12.54µm
_04260_,12.54µm
_04368_,12.54µm
_05379_,12.54µm
_06888_,12.54µm
_07286_,12.54µm
_07314_,12.54µm
memory_stage.dm.ram\[12\]\[27\],12.54µm
memory_stage.dm.ram\[24\]\[23\],12.54µm
_05105_,12.52µm
_03410_,12.5µm
_03533_,12.5µm
_03751_,12.5µm
_04269_,12.5µm
_05769_,12.5µm
_05838_,12.5µm
_06449_,12.5µm
_06752_,12.5µm
_07095_,12.5µm
memory_stage.dm.ram\[25\]\[28\],12.5µm
memory_stage.dm.ram\[29\]\[31\],12.5µm
memory_stage.dm.ram\[30\]\[26\],12.5µm
memory_stage.dm.ram\[39\]\[29\],12.5µm
memory_stage.dm.ram\[46\]\[30\],12.5µm
memory_stage.dm.ram\[53\]\[8\],12.495µm
_06901_,12.49µm
_06504_,12.485µm
_07257_,12.48µm
memory_stage.dm.ram\[33\]\[12\],12.48µm
memory_stage.dm.ram\[56\]\[20\],12.48µm
_06300_,12.46µm
memory_stage.dm.ram\[1\]\[19\],12.46µm
_00695_,12.445µm
memory_stage.dm.ram\[12\]\[28\],12.44µm
memory_stage.dm.ram\[25\]\[19\],12.44µm
memory_stage.dm.ram\[48\]\[5\],12.425µm
memory_stage.dm.ram\[53\]\[11\],12.42µm
_00489_,12.405µm
_03960_,12.4µm
_07019_,12.4µm
memory_stage.dm.ram\[4\]\[27\],12.4µm
memory_stage.dm.ram\[62\]\[14\],12.395µm
_05444_,12.38µm
_06629_,12.38µm
memory_stage.dm.ram\[0\]\[2\],12.38µm
memory_stage.dm.ram\[11\]\[12\],12.38µm
memory_stage.dm.ram\[12\]\[19\],12.38µm
memory_stage.dm.ram\[24\]\[3\],12.38µm
memory_stage.dm.ram\[55\]\[30\],12.38µm
memory_stage.dm.ram\[12\]\[8\],12.37µm
_00025_,12.365µm
_04480_,12.36µm
memory_stage.dm.ram\[40\]\[15\],12.36µm
memory_stage.dm.ram\[48\]\[1\],12.36µm
_06545_,12.35µm
_03040_,12.34µm
_05691_,12.34µm
memory_stage.dm.ram\[13\]\[28\],12.34µm
memory_stage.dm.ram\[28\]\[28\],12.34µm
memory_stage.dm.ram\[33\]\[15\],12.34µm
memory_stage.dm.ram\[59\]\[1\],12.34µm
memory_stage.dm.ram\[5\]\[6\],12.34µm
_00265_,12.325µm
_00623_,12.325µm
_01928_,12.325µm
_05911_,12.32µm
_06144_,12.32µm
_06699_,12.32µm
memory_stage.dm.ram\[28\]\[15\],12.32µm
memory_stage.dm.ram\[3\]\[20\],12.32µm
_01381_,12.3µm
_03464_,12.3µm
_06919_,12.3µm
_01384_,12.28µm
_03367_,12.28µm
_03469_,12.28µm
_04532_,12.28µm
_06311_,12.28µm
memory_stage.dm.ram\[21\]\[28\],12.28µm
memory_stage.dm.ram\[42\]\[2\],12.28µm
memory_stage.dm.ram\[50\]\[18\],12.28µm
memory_stage.dm.ram\[56\]\[22\],12.28µm
_00445_,12.275µm
_01680_,12.265µm
_06016_,12.26µm
memory_stage.dm.ram\[14\]\[22\],12.26µm
memory_stage.dm.ram\[37\]\[6\],12.26µm
memory_stage.dm.ram\[44\]\[20\],12.26µm
memory_stage.dm.ram\[53\]\[9\],12.26µm
memory_stage.dm.ram\[42\]\[0\],12.245µm
_06040_,12.24µm
fetch_stage.thread_pc.t_pc\[2\]\[21\],12.24µm
memory_stage.dm.ram\[21\]\[18\],12.24µm
_00204_,12.225µm
_01913_,12.225µm
_02716_,12.225µm
memory_stage.dm.ram\[14\]\[8\],12.225µm
memory_stage.dm.ram\[37\]\[13\],12.225µm
_06405_,12.22µm
memory_stage.dm.ram\[3\]\[0\],12.21µm
_01027_,12.205µm
_02246_,12.205µm
_02280_,12.205µm
_02501_,12.205µm
memory_stage.dm.ram\[14\]\[25\],12.205µm
memory_stage.dm.ram\[61\]\[19\],12.205µm
_01401_,12.2µm
_03671_,12.2µm
memory_stage.dm.ram\[15\]\[12\],12.2µm
memory_stage.dm.ram\[15\]\[18\],12.2µm
memory_stage.dm.ram\[37\]\[14\],12.2µm
_00030_,12.185µm
memory_stage.dm.ram\[30\]\[28\],12.185µm
_03184_,12.18µm
_03602_,12.18µm
memory_stage.dm.ram\[18\]\[20\],12.18µm
memory_stage.dm.ram\[22\]\[31\],12.18µm
memory_stage.dm.ram\[30\]\[7\],12.18µm
memory_stage.dm.ram\[31\]\[19\],12.18µm
_00634_,12.165µm
_00676_,12.165µm
_03077_,12.16µm
_03114_,12.16µm
_03136_,12.16µm
_03272_,12.16µm
_03897_,12.16µm
_05670_,12.16µm
_06557_,12.16µm
_06947_,12.16µm
_07013_,12.16µm
memory_stage.dm.ram\[7\]\[21\],12.16µm
memory_stage.dm.ram\[53\]\[16\],12.145µm
_06637_,12.14µm
memory_stage.dm.ram\[44\]\[7\],12.14µm
_00094_,12.135µm
_00351_,12.125µm
memory_stage.dm.ram\[50\]\[29\],12.125µm
_03013_,12.12µm
_03718_,12.12µm
_03736_,12.12µm
memory_stage.dm.ram\[11\]\[22\],12.12µm
memory_stage.dm.ram\[14\]\[26\],12.12µm
memory_stage.dm.ram\[24\]\[2\],12.12µm
memory_stage.dm.ram\[35\]\[12\],12.12µm
memory_stage.dm.ram\[40\]\[23\],12.12µm
memory_stage.dm.ram\[45\]\[18\],12.12µm
memory_stage.dm.ram\[50\]\[13\],12.12µm
memory_stage.dm.ram\[13\]\[30\],12.105µm
_03222_,12.1µm
memory_stage.dm.ram\[60\]\[6\],12.1µm
memory_stage.dm.ram\[15\]\[0\],12.095µm
memory_stage.dm.ram\[62\]\[20\],12.095µm
_00796_,12.085µm
memory_stage.dm.ram\[61\]\[10\],12.085µm
_03268_,12.08µm
_04373_,12.08µm
_07354_,12.08µm
fd.tid_f\[1\],12.08µm
memory_stage.dm.ram\[20\]\[19\],12.08µm
memory_stage.dm.ram\[35\]\[9\],12.08µm
memory_stage.dm.ram\[47\]\[1\],12.08µm
_01893_,12.065µm
_01976_,12.06µm
_04053_,12.06µm
_04228_,12.06µm
_06417_,12.06µm
memory_stage.dm.ram\[17\]\[4\],12.06µm
memory_stage.dm.ram\[60\]\[30\],12.05µm
_00661_,12.045µm
_02190_,12.045µm
_02207_,12.045µm
_03103_,12.04µm
_03400_,12.04µm
_03427_,12.04µm
_03832_,12.04µm
_03876_,12.04µm
_04216_,12.04µm
_04450_,12.04µm
_05171_,12.04µm
_05960_,12.04µm
_06026_,12.04µm
_06172_,12.04µm
memory_stage.dm.ram\[22\]\[19\],12.04µm
memory_stage.dm.ram\[22\]\[27\],12.04µm
memory_stage.dm.ram\[47\]\[3\],12.04µm
memory_stage.dm.ram\[51\]\[30\],12.04µm
_03376_,12.02µm
_04482_,12.02µm
_05513_,12µm
memory_stage.dm.ram\[26\]\[0\],12µm
memory_stage.dm.ram\[3\]\[26\],12µm
memory_stage.dm.ram\[49\]\[27\],12µm
memory_stage.dm.ram\[63\]\[23\],12µm
_01001_,11.995µm
_04449_,11.99µm
memory_stage.dm.ram\[13\]\[9\],11.98µm
memory_stage.dm.ram\[52\]\[8\],11.98µm
_00067_,11.965µm
_00225_,11.965µm
_02398_,11.965µm
memory_stage.dm.ram\[29\]\[18\],11.965µm
memory_stage.dm.ram\[8\]\[26\],11.96µm
_02019_,11.945µm
_06652_,11.945µm
_02689_,11.94µm
_04088_,11.94µm
_04209_,11.94µm
_04428_,11.94µm
memory_stage.dm.ram\[43\]\[28\],11.94µm
memory_stage.dm.ram\[33\]\[0\],11.935µm
memory_stage.dm.ram\[60\]\[17\],11.93µm
_05168_,11.92µm
memory_stage.dm.ram\[0\]\[11\],11.92µm
memory_stage.dm.ram\[40\]\[0\],11.92µm
memory_stage.dm.ram\[57\]\[15\],11.92µm
memory_stage.dm.ram\[59\]\[13\],11.92µm
_00074_,11.905µm
_06126_,11.9µm
memory_stage.dm.ram\[24\]\[21\],11.9µm
memory_stage.dm.ram\[60\]\[3\],11.9µm
_00286_,11.885µm
_00662_,11.885µm
_03793_,11.88µm
_05420_,11.88µm
memory_stage.dm.ram\[47\]\[9\],11.88µm
_00587_,11.875µm
memory_stage.dm.ram\[18\]\[6\],11.875µm
memory_stage.dm.ram\[1\]\[14\],11.875µm
_00873_,11.865µm
memory_stage.dm.ram\[17\]\[30\],11.86µm
memory_stage.dm.ram\[27\]\[12\],11.86µm
memory_stage.dm.ram\[28\]\[1\],11.86µm
memory_stage.dm.ram\[32\]\[1\],11.86µm
memory_stage.dm.ram\[35\]\[29\],11.86µm
memory_stage.dm.ram\[39\]\[26\],11.86µm
memory_stage.dm.ram\[43\]\[17\],11.86µm
_02605_,11.855µm
_06331_,11.85µm
_05323_,11.84µm
_07362_,11.84µm
memory_stage.dm.ram\[24\]\[13\],11.84µm
memory_stage.dm.ram\[57\]\[1\],11.84µm
memory_stage.dm.ram\[60\]\[20\],11.84µm
memory_stage.dm.ram\[61\]\[29\],11.84µm
_06852_,11.83µm
_02023_,11.825µm
_04221_,11.82µm
_04636_,11.82µm
_06997_,11.82µm
memory_stage.dm.ram\[37\]\[30\],11.82µm
_00039_,11.805µm
memory_stage.dm.ram\[50\]\[26\],11.805µm
_06233_,11.8µm
memory_stage.dm.ram\[16\]\[10\],11.8µm
memory_stage.dm.ram\[30\]\[21\],11.8µm
_00134_,11.785µm
_01952_,11.785µm
memory_stage.dm.ram\[62\]\[26\],11.785µm
_04509_,11.78µm
_05122_,11.78µm
memory_stage.dm.ram\[40\]\[25\],11.765µm
_03839_,11.76µm
_05883_,11.76µm
_00766_,11.745µm
_02123_,11.745µm
_04822_,11.74µm
_06238_,11.74µm
de.rd_e\[0\],11.74µm
memory_stage.dm.ram\[47\]\[12\],11.74µm
_00494_,11.725µm
memory_stage.dm.ram\[47\]\[30\],11.725µm
memory_stage.dm.ram\[36\]\[19\],11.72µm
memory_stage.dm.ram\[40\]\[28\],11.72µm
memory_stage.dm.ram\[60\]\[28\],11.72µm
_00320_,11.715µm
_00450_,11.705µm
_00787_,11.705µm
_02517_,11.705µm
_02566_,11.705µm
_02923_,11.7µm
_03162_,11.7µm
_03247_,11.7µm
_03298_,11.7µm
_03490_,11.7µm
_04262_,11.7µm
_04521_,11.7µm
_05580_,11.7µm
_05590_,11.7µm
_05851_,11.7µm
_06196_,11.7µm
_06709_,11.7µm
_06863_,11.7µm
em.write_data_m\[28\],11.7µm
_05096_,11.68µm
memory_stage.dm.ram\[32\]\[24\],11.68µm
memory_stage.dm.ram\[5\]\[8\],11.68µm
_00553_,11.665µm
_00653_,11.665µm
_00958_,11.665µm
_01504_,11.665µm
_01943_,11.665µm
_03405_,11.66µm
_04026_,11.66µm
_04504_,11.66µm
_05345_,11.66µm
_06389_,11.66µm
memory_stage.dm.ram\[2\]\[26\],11.66µm
memory_stage.dm.ram\[6\]\[13\],11.66µm
_00562_,11.645µm
memory_stage.dm.ram\[22\]\[13\],11.645µm
memory_stage.dm.ram\[43\]\[10\],11.645µm
memory_stage.dm.ram\[63\]\[11\],11.645µm
memory_stage.dm.ram\[6\]\[22\],11.645µm
_03590_,11.64µm
_03651_,11.64µm
_07160_,11.64µm
memory_stage.dm.ram\[44\]\[1\],11.64µm
_00687_,11.625µm
_01963_,11.625µm
_02149_,11.625µm
_03973_,11.62µm
memory_stage.dm.ram\[35\]\[3\],11.62µm
memory_stage.dm.ram\[55\]\[19\],11.62µm
memory_stage.dm.ram\[59\]\[22\],11.6µm
_00208_,11.585µm
_02415_,11.585µm
_06326_,11.585µm
_03594_,11.58µm
_03764_,11.58µm
_03924_,11.58µm
_04279_,11.58µm
_04409_,11.58µm
_05602_,11.58µm
memory_stage.dm.ram\[17\]\[29\],11.58µm
memory_stage.dm.ram\[49\]\[23\],11.58µm
_03465_,11.56µm
memory_stage.dm.ram\[50\]\[25\],11.56µm
memory_stage.dm.ram\[55\]\[2\],11.56µm
_00706_,11.555µm
memory_stage.dm.ram\[27\]\[19\],11.545µm
_02526_,11.54µm
memory_stage.dm.ram\[4\]\[4\],11.54µm
memory_stage.dm.ram\[50\]\[6\],11.54µm
memory_stage.dm.ram\[51\]\[8\],11.54µm
memory_stage.dm.ram\[55\]\[16\],11.54µm
memory_stage.dm.ram\[5\]\[27\],11.54µm
memory_stage.dm.ram\[46\]\[21\],11.535µm
_06325_,11.53µm
_01929_,11.525µm
_02199_,11.525µm
_06154_,11.525µm
_07104_,11.525µm
_05560_,11.52µm
memory_stage.dm.ram\[38\]\[28\],11.52µm
memory_stage.dm.ram\[46\]\[31\],11.515µm
_06584_,11.51µm
_02998_,11.5µm
_03507_,11.5µm
_03794_,11.5µm
_03934_,11.5µm
memory_stage.dm.ram\[59\]\[3\],11.5µm
memory_stage.dm.ram\[8\]\[6\],11.5µm
_00288_,11.485µm
_00638_,11.48µm
_00713_,11.48µm
_02897_,11.48µm
memory_stage.dm.ram\[13\]\[6\],11.48µm
memory_stage.dm.ram\[32\]\[3\],11.48µm
delaynet_3_clk,11.48µm
_02251_,11.465µm
_03804_,11.46µm
_04312_,11.46µm
_04516_,11.46µm
_05648_,11.46µm
memory_stage.dm.ram\[14\]\[4\],11.46µm
memory_stage.dm.ram\[37\]\[17\],11.46µm
memory_stage.dm.ram\[43\]\[30\],11.46µm
_01865_,11.445µm
_02011_,11.445µm
_02531_,11.445µm
memory_stage.dm.ram\[47\]\[8\],11.445µm
memory_stage.dm.ram\[11\]\[21\],11.44µm
_00502_,11.425µm
_01870_,11.425µm
memory_stage.dm.ram\[6\]\[15\],11.425µm
_06149_,11.42µm
_06191_,11.42µm
de.imm_val_e\[15\],11.42µm
memory_stage.dm.ram\[0\]\[6\],11.42µm
memory_stage.dm.ram\[16\]\[25\],11.42µm
memory_stage.dm.ram\[29\]\[24\],11.42µm
memory_stage.dm.ram\[8\]\[17\],11.42µm
_03468_,11.4µm
_03754_,11.4µm
memory_stage.dm.ram\[14\]\[7\],11.4µm
memory_stage.dm.ram\[16\]\[12\],11.4µm
memory_stage.dm.ram\[28\]\[3\],11.4µm
memory_stage.dm.ram\[36\]\[26\],11.4µm
memory_stage.dm.ram\[48\]\[20\],11.4µm
memory_stage.dm.ram\[49\]\[2\],11.4µm
memory_stage.dm.ram\[8\]\[19\],11.4µm
memory_stage.dm.ram\[12\]\[23\],11.38µm
memory_stage.dm.ram\[22\]\[8\],11.38µm
_02197_,11.365µm
_03805_,11.36µm
_07330_,11.36µm
memory_stage.dm.ram\[25\]\[14\],11.345µm
_04024_,11.34µm
_04301_,11.34µm
memory_stage.dm.ram\[23\]\[15\],11.34µm
memory_stage.dm.ram\[27\]\[29\],11.34µm
memory_stage.dm.ram\[60\]\[0\],11.34µm
memory_stage.dm.ram\[13\]\[18\],11.325µm
memory_stage.dm.ram\[2\]\[5\],11.325µm
_03887_,11.32µm
_04868_,11.32µm
_05413_,11.32µm
memory_stage.dm.ram\[14\]\[21\],11.32µm
memory_stage.dm.ram\[24\]\[1\],11.32µm
memory_stage.dm.ram\[4\]\[9\],11.32µm
_00566_,11.305µm
_06526_,11.3µm
memory_stage.dm.ram\[28\]\[22\],11.3µm
_01062_,11.285µm
_01102_,11.285µm
_01438_,11.285µm
_01904_,11.285µm
_02597_,11.285µm
memory_stage.dm.ram\[46\]\[26\],11.285µm
_03489_,11.28µm
_03757_,11.28µm
_03823_,11.28µm
_04264_,11.28µm
_05586_,11.28µm
_05944_,11.28µm
_06047_,11.28µm
memory_stage.dm.ram\[19\]\[4\],11.28µm
memory_stage.dm.ram\[20\]\[5\],11.28µm
memory_stage.dm.ram\[3\]\[25\],11.28µm
memory_stage.dm.ram\[49\]\[10\],11.28µm
memory_stage.dm.ram\[6\]\[20\],11.28µm
memory_stage.dm.ram\[7\]\[1\],11.28µm
memory_stage.dm.ram\[9\]\[23\],11.28µm
_00373_,11.265µm
_00413_,11.265µm
_02384_,11.265µm
memory_stage.dm.ram\[6\]\[23\],11.265µm
_03428_,11.26µm
_04038_,11.26µm
_04661_,11.26µm
_06112_,11.26µm
memory_stage.dm.ram\[11\]\[17\],11.26µm
memory_stage.dm.ram\[1\]\[22\],11.26µm
memory_stage.dm.ram\[7\]\[24\],11.26µm
_00058_,11.245µm
_00435_,11.245µm
_00495_,11.245µm
_00564_,11.245µm
_00743_,11.245µm
_01007_,11.245µm
_01163_,11.245µm
_02300_,11.245µm
_02504_,11.245µm
_03509_,11.24µm
_04106_,11.24µm
_04238_,11.24µm
_05272_,11.24µm
_05677_,11.24µm
_05927_,11.24µm
_07243_,11.24µm
memory_stage.dm.ram\[12\]\[30\],11.24µm
memory_stage.dm.ram\[3\]\[23\],11.24µm
memory_stage.dm.ram\[43\]\[0\],11.24µm
memory_stage.dm.ram\[61\]\[5\],11.24µm
_02124_,11.235µm
_05690_,11.22µm
memory_stage.dm.ram\[42\]\[22\],11.22µm
_00830_,11.205µm
_01969_,11.205µm
_02209_,11.205µm
memory_stage.dm.ram\[63\]\[24\],11.205µm
_03335_,11.2µm
_03785_,11.2µm
_04436_,11.2µm
_05998_,11.2µm
memory_stage.dm.ram\[13\]\[4\],11.2µm
memory_stage.dm.ram\[14\]\[23\],11.2µm
memory_stage.dm.ram\[18\]\[30\],11.2µm
memory_stage.dm.ram\[20\]\[20\],11.2µm
memory_stage.dm.ram\[2\]\[18\],11.2µm
memory_stage.dm.ram\[63\]\[15\],11.2µm
memory_stage.dm.ram\[9\]\[29\],11.2µm
memory_stage.dm.ram\[0\]\[28\],11.18µm
memory_stage.dm.ram\[11\]\[9\],11.18µm
memory_stage.dm.ram\[28\]\[31\],11.18µm
memory_stage.dm.ram\[8\]\[12\],11.18µm
_00456_,11.165µm
_01067_,11.165µm
_01161_,11.165µm
_01661_,11.165µm
_03810_,11.16µm
_04872_,11.16µm
_05156_,11.16µm
_05678_,11.16µm
_06548_,11.16µm
memory_stage.dm.ram\[0\]\[26\],11.16µm
memory_stage.dm.ram\[0\]\[3\],11.16µm
memory_stage.dm.ram\[17\]\[1\],11.16µm
memory_stage.dm.ram\[3\]\[8\],11.16µm
memory_stage.dm.ram\[43\]\[11\],11.16µm
_03913_,11.14µm
_04142_,11.14µm
_05231_,11.14µm
de.imm_val_e\[17\],11.14µm
memory_stage.dm.ram\[29\]\[29\],11.14µm
_03520_,11.12µm
_03758_,11.12µm
_04220_,11.12µm
_04638_,11.12µm
_05615_,11.12µm
_06492_,11.12µm
_07051_,11.12µm
_07236_,11.12µm
_07287_,11.12µm
memory_stage.dm.ram\[43\]\[20\],11.12µm
memory_stage.dm.ram\[54\]\[13\],11.115µm
_01253_,11.105µm
memory_stage.dm.ram\[30\]\[10\],11.105µm
_00923_,11.1µm
_02235_,11.1µm
memory_stage.dm.ram\[29\]\[12\],11.1µm
_02470_,11.085µm
_03093_,11.08µm
memory_stage.dm.ram\[43\]\[1\],11.08µm
memory_stage.dm.ram\[44\]\[22\],11.08µm
memory_stage.dm.ram\[48\]\[16\],11.08µm
memory_stage.dm.ram\[52\]\[23\],11.08µm
memory_stage.dm.ram\[55\]\[14\],11.08µm
memory_stage.dm.ram\[34\]\[14\],11.075µm
_00213_,11.065µm
_06431_,11.06µm
_03907_,11.04µm
_05428_,11.04µm
em.write_data_m\[30\],11.04µm
_00895_,11.025µm
_01898_,11.025µm
_04281_,11.02µm
_06724_,11.02µm
_07357_,11.02µm
memory_stage.dm.ram\[3\]\[5\],11.02µm
memory_stage.dm.ram\[58\]\[24\],11.02µm
_04477_,11µm
_05180_,11µm
_07255_,11µm
memory_stage.dm.ram\[2\]\[14\],11µm
_01918_,10.985µm
_04679_,10.98µm
memory_stage.dm.ram\[16\]\[27\],10.98µm
memory_stage.dm.ram\[24\]\[17\],10.98µm
memory_stage.dm.ram\[33\]\[29\],10.98µm
memory_stage.dm.ram\[50\]\[22\],10.98µm
memory_stage.dm.ram\[52\]\[28\],10.98µm
memory_stage.dm.ram\[57\]\[19\],10.98µm
memory_stage.dm.ram\[58\]\[29\],10.98µm
memory_stage.dm.ram\[61\]\[15\],10.98µm
_02308_,10.965µm
_02866_,10.96µm
_02943_,10.96µm
memory_stage.dm.ram\[13\]\[2\],10.96µm
memory_stage.dm.ram\[1\]\[3\],10.96µm
memory_stage.dm.ram\[35\]\[16\],10.96µm
memory_stage.dm.ram\[39\]\[4\],10.96µm
memory_stage.dm.ram\[40\]\[24\],10.96µm
memory_stage.dm.ram\[49\]\[24\],10.96µm
memory_stage.dm.ram\[58\]\[3\],10.96µm
_00504_,10.945µm
_00517_,10.945µm
_01410_,10.945µm
_02137_,10.94µm
memory_stage.dm.ram\[40\]\[4\],10.94µm
memory_stage.dm.ram\[43\]\[29\],10.94µm
_01983_,10.925µm
_00628_,10.92µm
_05606_,10.92µm
memory_stage.dm.ram\[14\]\[30\],10.915µm
memory_stage.dm.ram\[15\]\[10\],10.915µm
_00428_,10.905µm
_01019_,10.905µm
_02299_,10.905µm
memory_stage.dm.ram\[37\]\[20\],10.905µm
_03287_,10.9µm
memory_stage.dm.ram\[54\]\[8\],10.9µm
memory_stage.dm.ram\[61\]\[30\],10.9µm
_01664_,10.885µm
memory_stage.dm.ram\[17\]\[19\],10.885µm
memory_stage.dm.ram\[63\]\[21\],10.885µm
memory_stage.dm.ram\[27\]\[17\],10.88µm
memory_stage.dm.ram\[52\]\[29\],10.88µm
memory_stage.dm.ram\[63\]\[4\],10.88µm
_00685_,10.875µm
_01313_,10.865µm
_01950_,10.865µm
_02325_,10.865µm
_03326_,10.86µm
_04111_,10.86µm
_05805_,10.86µm
_06878_,10.86µm
_00156_,10.845µm
_02056_,10.845µm
_02378_,10.845µm
_02995_,10.84µm
memory_stage.dm.ram\[0\]\[15\],10.84µm
memory_stage.dm.ram\[0\]\[19\],10.84µm
memory_stage.dm.ram\[44\]\[28\],10.84µm
memory_stage.dm.ram\[47\]\[20\],10.84µm
memory_stage.dm.ram\[28\]\[5\],10.83µm
_00149_,10.825µm
_01160_,10.825µm
_02309_,10.825µm
_02591_,10.825µm
_02657_,10.825µm
_04660_,10.825µm
memory_stage.dm.ram\[18\]\[26\],10.825µm
_06893_,10.82µm
memory_stage.dm.ram\[15\]\[28\],10.82µm
memory_stage.dm.ram\[59\]\[17\],10.82µm
_07203_,10.815µm
memory_stage.dm.ram\[33\]\[9\],10.805µm
memory_stage.dm.ram\[48\]\[6\],10.805µm
_03475_,10.8µm
_03526_,10.8µm
_03968_,10.8µm
_05771_,10.8µm
memory_stage.dm.ram\[12\]\[6\],10.8µm
memory_stage.dm.ram\[23\]\[6\],10.8µm
memory_stage.dm.ram\[29\]\[2\],10.8µm
memory_stage.dm.ram\[30\]\[24\],10.8µm
memory_stage.dm.ram\[32\]\[0\],10.8µm
memory_stage.dm.ram\[32\]\[12\],10.8µm
memory_stage.dm.ram\[57\]\[5\],10.8µm
_05705_,10.795µm
memory_stage.dm.ram\[12\]\[3\],10.79µm
_00822_,10.785µm
_01617_,10.785µm
_01911_,10.785µm
_02101_,10.785µm
_02879_,10.78µm
_02935_,10.78µm
_03460_,10.78µm
_03595_,10.78µm
_03630_,10.78µm
_03940_,10.78µm
_04573_,10.78µm
_06088_,10.78µm
_06176_,10.78µm
mw.read_data_w\[16\],10.78µm
_06582_,10.76µm
_06883_,10.75µm
_00829_,10.745µm
_01270_,10.745µm
_01922_,10.745µm
memory_stage.dm.ram\[29\]\[19\],10.745µm
memory_stage.dm.ram\[42\]\[28\],10.745µm
memory_stage.dm.ram\[51\]\[19\],10.745µm
_03645_,10.74µm
_03853_,10.74µm
_05133_,10.74µm
_06211_,10.74µm
_06937_,10.74µm
_07332_,10.74µm
memory_stage.dm.ram\[18\]\[28\],10.74µm
memory_stage.dm.ram\[19\]\[7\],10.74µm
memory_stage.dm.ram\[26\]\[14\],10.74µm
memory_stage.dm.ram\[38\]\[21\],10.74µm
memory_stage.dm.ram\[48\]\[4\],10.74µm
memory_stage.dm.ram\[50\]\[2\],10.74µm
memory_stage.dm.ram\[8\]\[27\],10.74µm
memory_stage.dm.ram\[9\]\[30\],10.74µm
_05289_,10.72µm
_07035_,10.72µm
memory_stage.dm.ram\[25\]\[20\],10.72µm
memory_stage.dm.ram\[47\]\[7\],10.72µm
_02992_,10.7µm
_03628_,10.7µm
_04135_,10.7µm
_04527_,10.7µm
memory_stage.dm.ram\[26\]\[7\],10.7µm
memory_stage.dm.ram\[26\]\[8\],10.7µm
memory_stage.dm.ram\[34\]\[1\],10.7µm
memory_stage.dm.ram\[36\]\[4\],10.7µm
memory_stage.dm.ram\[39\]\[17\],10.7µm
memory_stage.dm.ram\[39\]\[1\],10.7µm
memory_stage.dm.ram\[60\]\[27\],10.7µm
_00859_,10.68µm
_07072_,10.68µm
memory_stage.dm.ram\[53\]\[28\],10.68µm
_02448_,10.665µm
_01391_,10.66µm
_03799_,10.66µm
_04012_,10.66µm
_06400_,10.66µm
_06562_,10.66µm
_07364_,10.66µm
_07365_,10.66µm
memory_stage.dm.ram\[18\]\[4\],10.66µm
_00861_,10.645µm
memory_stage.dm.ram\[58\]\[7\],10.645µm
memory_stage.dm.ram\[28\]\[7\],10.64µm
memory_stage.dm.ram\[46\]\[24\],10.635µm
_01892_,10.625µm
memory_stage.dm.ram\[10\]\[19\],10.62µm
memory_stage.dm.ram\[15\]\[26\],10.62µm
memory_stage.dm.ram\[24\]\[10\],10.62µm
memory_stage.dm.ram\[44\]\[14\],10.62µm
memory_stage.dm.ram\[61\]\[9\],10.62µm
_00012_,10.605µm
_00510_,10.605µm
_00765_,10.605µm
_01881_,10.605µm
_02714_,10.605µm
_06446_,10.6µm
memory_stage.dm.ram\[36\]\[27\],10.6µm
memory_stage.dm.ram\[60\]\[15\],10.6µm
_01962_,10.585µm
_01975_,10.585µm
_02408_,10.585µm
_00940_,10.565µm
_02455_,10.565µm
_02596_,10.565µm
_02660_,10.565µm
memory_stage.dm.ram\[46\]\[9\],10.565µm
_04676_,10.56µm
memory_stage.dm.ram\[0\]\[9\],10.56µm
memory_stage.dm.ram\[28\]\[27\],10.56µm
memory_stage.dm.ram\[52\]\[0\],10.56µm
_06213_,10.54µm
_07298_,10.53µm
_00400_,10.525µm
_00686_,10.525µm
_02447_,10.525µm
memory_stage.dm.ram\[60\]\[24\],10.52µm
_00347_,10.505µm
_00419_,10.505µm
_01607_,10.505µm
_02119_,10.505µm
_02547_,10.505µm
_02592_,10.505µm
memory_stage.dm.ram\[34\]\[18\],10.505µm
memory_stage.dm.ram\[39\]\[15\],10.505µm
_00110_,10.485µm
_01900_,10.485µm
_01931_,10.485µm
_01944_,10.485µm
memory_stage.dm.ram\[39\]\[16\],10.48µm
_04566_,10.46µm
_05889_,10.46µm
memory_stage.dm.ram\[13\]\[5\],10.46µm
memory_stage.dm.ram\[45\]\[2\],10.46µm
memory_stage.dm.ram\[6\]\[25\],10.46µm
mw.read_data_w\[13\],10.46µm
_01138_,10.445µm
_02167_,10.445µm
_02574_,10.445µm
_05555_,10.44µm
_07141_,10.44µm
memory_stage.dm.ram\[22\]\[29\],10.425µm
memory_stage.dm.ram\[29\]\[10\],10.425µm
_06911_,10.42µm
_00405_,10.405µm
memory_stage.dm.ram\[18\]\[0\],10.405µm
_04280_,10.4µm
memory_stage.dm.ram\[25\]\[10\],10.4µm
_06628_,10.385µm
_07342_,10.385µm
_04460_,10.38µm
_00181_,10.365µm
_00643_,10.365µm
_00955_,10.365µm
_01743_,10.365µm
_02748_,10.365µm
_03018_,10.36µm
_04059_,10.36µm
_04244_,10.36µm
_06762_,10.36µm
de.tid_d\[0\],10.36µm
memory_stage.dm.ram\[2\]\[19\],10.36µm
memory_stage.dm.ram\[53\]\[17\],10.36µm
memory_stage.dm.ram\[62\]\[3\],10.355µm
_00879_,10.345µm
de.pc_d\[5\],10.34µm
memory_stage.dm.ram\[16\]\[8\],10.34µm
memory_stage.dm.ram\[18\]\[5\],10.34µm
memory_stage.dm.ram\[23\]\[19\],10.34µm
memory_stage.dm.ram\[23\]\[7\],10.34µm
memory_stage.dm.ram\[30\]\[22\],10.34µm
memory_stage.dm.ram\[31\]\[31\],10.34µm
memory_stage.dm.ram\[33\]\[13\],10.34µm
memory_stage.dm.ram\[38\]\[11\],10.34µm
memory_stage.dm.ram\[43\]\[7\],10.34µm
memory_stage.dm.ram\[53\]\[29\],10.34µm
memory_stage.dm.ram\[5\]\[18\],10.34µm
memory_stage.dm.ram\[34\]\[5\],10.33µm
_00500_,10.325µm
_01112_,10.325µm
_02477_,10.325µm
_02904_,10.32µm
_03115_,10.32µm
_03142_,10.32µm
_03160_,10.32µm
_03336_,10.32µm
_03415_,10.32µm
_03615_,10.32µm
_04500_,10.32µm
_04623_,10.32µm
_04642_,10.32µm
_05155_,10.32µm
_05301_,10.32µm
_05806_,10.32µm
_06019_,10.32µm
_06034_,10.32µm
_06108_,10.32µm
_06275_,10.32µm
_07119_,10.32µm
_07167_,10.32µm
memory_stage.dm.ram\[46\]\[0\],10.32µm
_00826_,10.305µm
_00999_,10.305µm
_02654_,10.305µm
memory_stage.dm.ram\[54\]\[9\],10.305µm
_00177_,10.285µm
memory_stage.dm.ram\[61\]\[16\],10.285µm
_03363_,10.28µm
_05926_,10.28µm
_06179_,10.28µm
_06328_,10.28µm
_06505_,10.28µm
memory_stage.dm.ram\[21\]\[25\],10.28µm
memory_stage.dm.ram\[24\]\[6\],10.28µm
memory_stage.dm.ram\[26\]\[21\],10.28µm
memory_stage.dm.ram\[29\]\[15\],10.28µm
memory_stage.dm.ram\[31\]\[10\],10.28µm
memory_stage.dm.ram\[4\]\[20\],10.28µm
memory_stage.dm.ram\[51\]\[20\],10.265µm
memory_stage.dm.ram\[25\]\[22\],10.26µm
memory_stage.dm.ram\[28\]\[4\],10.26µm
memory_stage.dm.ram\[39\]\[8\],10.26µm
memory_stage.dm.ram\[56\]\[2\],10.26µm
memory_stage.dm.ram\[5\]\[28\],10.26µm
memory_stage.dm.ram\[33\]\[1\],10.245µm
_02959_,10.24µm
_03220_,10.24µm
_05293_,10.24µm
_06803_,10.24µm
memory_stage.dm.ram\[28\]\[0\],10.24µm
memory_stage.dm.ram\[55\]\[13\],10.24µm
_04455_,10.22µm
memory_stage.dm.ram\[25\]\[29\],10.22µm
memory_stage.dm.ram\[39\]\[23\],10.22µm
memory_stage.dm.ram\[63\]\[14\],10.22µm
memory_stage.dm.ram\[32\]\[2\],10.215µm
_01629_,10.205µm
_05742_,10.205µm
_02985_,10.2µm
_03289_,10.2µm
_03862_,10.2µm
_04134_,10.2µm
_05941_,10.2µm
_06968_,10.2µm
memory_stage.dm.ram\[3\]\[21\],10.2µm
memory_stage.dm.ram\[57\]\[22\],10.2µm
memory_stage.dm.ram\[60\]\[8\],10.2µm
memory_stage.dm.ram\[8\]\[31\],10.2µm
_02066_,10.185µm
_04010_,10.18µm
memory_stage.dm.ram\[23\]\[24\],10.18µm
memory_stage.dm.ram\[44\]\[9\],10.18µm
memory_stage.dm.ram\[53\]\[1\],10.18µm
memory_stage.dm.ram\[23\]\[31\],10.165µm
_05196_,10.16µm
_07229_,10.16µm
memory_stage.dm.ram\[16\]\[14\],10.16µm
memory_stage.dm.ram\[17\]\[22\],10.16µm
memory_stage.dm.ram\[17\]\[23\],10.16µm
memory_stage.dm.ram\[22\]\[14\],10.16µm
memory_stage.dm.ram\[31\]\[30\],10.16µm
memory_stage.dm.ram\[36\]\[11\],10.16µm
memory_stage.dm.ram\[62\]\[30\],10.16µm
_00098_,10.155µm
memory_stage.dm.ram\[2\]\[29\],10.155µm
memory_stage.dm.ram\[38\]\[20\],10.155µm
_00523_,10.145µm
_00785_,10.145µm
_01079_,10.145µm
_02473_,10.145µm
_04451_,10.14µm
decode_stage.rd_w\[2\],10.14µm
memory_stage.dm.ram\[48\]\[2\],10.14µm
memory_stage.dm.ram\[4\]\[18\],10.14µm
em.rd_m\[4\],10.12µm
memory_stage.dm.ram\[28\]\[26\],10.12µm
memory_stage.dm.ram\[6\]\[28\],10.12µm
memory_stage.dm.ram\[63\]\[5\],10.115µm
_04417_,10.1µm
_04511_,10.1µm
_05990_,10.1µm
_06866_,10.1µm
_07233_,10.1µm
memory_stage.dm.ram\[8\]\[16\],10.1µm
memory_stage.dm.ram\[37\]\[9\],10.085µm
_03382_,10.08µm
_05650_,10.08µm
memory_stage.dm.ram\[30\]\[8\],10.08µm
memory_stage.dm.ram\[44\]\[3\],10.08µm
memory_stage.dm.ram\[56\]\[11\],10.08µm
memory_stage.dm.ram\[54\]\[10\],10.07µm
_02572_,10.065µm
memory_stage.dm.ram\[0\]\[20\],10.06µm
memory_stage.dm.ram\[16\]\[2\],10.06µm
memory_stage.dm.ram\[1\]\[27\],10.06µm
memory_stage.dm.ram\[57\]\[11\],10.06µm
memory_stage.dm.ram\[60\]\[12\],10.06µm
_00176_,10.045µm
_01678_,10.045µm
memory_stage.dm.ram\[58\]\[9\],10.045µm
_05774_,10.04µm
memory_stage.dm.ram\[2\]\[16\],10.04µm
memory_stage.dm.ram\[31\]\[18\],10.04µm
memory_stage.dm.ram\[39\]\[21\],10.04µm
memory_stage.dm.ram\[33\]\[26\],10.035µm
memory_stage.dm.ram\[34\]\[11\],10.035µm
memory_stage.dm.ram\[8\]\[4\],10.035µm
memory_stage.dm.ram\[23\]\[3\],10.03µm
_01932_,10.025µm
memory_stage.dm.ram\[39\]\[24\],10.025µm
_06568_,10.02µm
_07084_,10.02µm
memory_stage.dm.ram\[17\]\[0\],10.02µm
memory_stage.dm.ram\[44\]\[23\],10.02µm
memory_stage.dm.ram\[52\]\[15\],10.02µm
memory_stage.dm.ram\[63\]\[20\],10.02µm
_01936_,10.005µm
_06780_,10µm
_07086_,10µm
de.imm_val_e\[12\],10µm
memory_stage.dm.ram\[55\]\[23\],10µm
_02484_,9.985µm
memory_stage.dm.ram\[22\]\[6\],9.985µm
memory_stage.dm.ram\[50\]\[27\],9.985µm
memory_stage.dm.ram\[56\]\[23\],9.985µm
_06890_,9.98µm
memory_stage.dm.ram\[30\]\[14\],9.98µm
memory_stage.dm.ram\[57\]\[2\],9.98µm
memory_stage.dm.ram\[61\]\[4\],9.965µm
_04834_,9.96µm
_05997_,9.96µm
_06958_,9.96µm
de.imm_val_e\[14\],9.96µm
memory_stage.dm.ram\[13\]\[17\],9.96µm
memory_stage.dm.ram\[44\]\[26\],9.96µm
_00596_,9.945µm
_01316_,9.945µm
memory_stage.dm.ram\[45\]\[4\],9.945µm
memory_stage.dm.ram\[53\]\[3\],9.945µm
_02960_,9.94µm
_04116_,9.94µm
memory_stage.dm.ram\[29\]\[5\],9.94µm
memory_stage.dm.ram\[45\]\[14\],9.94µm
memory_stage.dm.ram\[7\]\[2\],9.94µm
_00132_,9.935µm
_01277_,9.925µm
_02010_,9.925µm
memory_stage.dm.ram\[31\]\[0\],9.925µm
memory_stage.dm.ram\[13\]\[0\],9.92µm
memory_stage.dm.ram\[20\]\[16\],9.92µm
memory_stage.dm.ram\[40\]\[6\],9.92µm
_00343_,9.905µm
_00381_,9.905µm
_01858_,9.905µm
_02458_,9.905µm
_02752_,9.905µm
_02759_,9.905µm
_03230_,9.9µm
_03264_,9.9µm
_04481_,9.9µm
_04598_,9.9µm
_05182_,9.9µm
_05616_,9.9µm
_07174_,9.9µm
_07267_,9.9µm
memory_stage.dm.ram\[30\]\[13\],9.9µm
_00440_,9.885µm
_03183_,9.88µm
_03378_,9.88µm
_07285_,9.88µm
_07369_,9.88µm
memory_stage.dm.ram\[0\]\[0\],9.88µm
_00221_,9.865µm
_00621_,9.865µm
_00789_,9.865µm
_02198_,9.865µm
_02276_,9.865µm
_02643_,9.865µm
_02646_,9.865µm
_02783_,9.865µm
memory_stage.dm.ram\[7\]\[13\],9.865µm
_03125_,9.86µm
_04091_,9.86µm
_04425_,9.86µm
_05970_,9.86µm
_06689_,9.86µm
_06751_,9.86µm
_06938_,9.86µm
_07129_,9.86µm
_07143_,9.86µm
memory_stage.dm.ram\[13\]\[21\],9.86µm
_00984_,9.855µm
_01126_,9.845µm
_05749_,9.84µm
memory_stage.dm.ram\[27\]\[16\],9.84µm
_00121_,9.825µm
_00709_,9.825µm
_01828_,9.825µm
_02044_,9.825µm
_02332_,9.825µm
memory_stage.dm.ram\[42\]\[14\],9.825µm
_03404_,9.82µm
_03935_,9.82µm
_04157_,9.82µm
_04568_,9.82µm
_04633_,9.82µm
_05981_,9.82µm
_06877_,9.82µm
_07071_,9.82µm
_07183_,9.82µm
memory_stage.dm.ram\[16\]\[19\],9.82µm
memory_stage.dm.ram\[16\]\[28\],9.82µm
memory_stage.dm.ram\[17\]\[25\],9.82µm
memory_stage.dm.ram\[18\]\[11\],9.82µm
memory_stage.dm.ram\[28\]\[10\],9.82µm
memory_stage.dm.ram\[28\]\[18\],9.82µm
memory_stage.dm.ram\[33\]\[23\],9.82µm
memory_stage.dm.ram\[40\]\[17\],9.82µm
memory_stage.dm.ram\[43\]\[24\],9.82µm
memory_stage.dm.ram\[55\]\[12\],9.82µm
memory_stage.dm.ram\[56\]\[3\],9.82µm
memory_stage.dm.ram\[60\]\[21\],9.82µm
_00300_,9.815µm
_00717_,9.8µm
memory_stage.dm.ram\[16\]\[22\],9.8µm
memory_stage.dm.ram\[20\]\[18\],9.8µm
memory_stage.dm.ram\[37\]\[2\],9.8µm
memory_stage.dm.ram\[46\]\[18\],9.8µm
memory_stage.dm.ram\[62\]\[24\],9.795µm
_01044_,9.78µm
_02896_,9.78µm
_03675_,9.78µm
_04083_,9.78µm
_04462_,9.78µm
_05235_,9.78µm
_06425_,9.78µm
_06906_,9.78µm
memory_stage.dm.ram\[20\]\[11\],9.78µm
memory_stage.dm.ram\[32\]\[29\],9.78µm
memory_stage.dm.ram\[38\]\[23\],9.78µm
memory_stage.dm.ram\[47\]\[23\],9.78µm
memory_stage.dm.ram\[52\]\[13\],9.78µm
memory_stage.dm.ram\[56\]\[28\],9.78µm
memory_stage.dm.ram\[7\]\[19\],9.78µm
_00781_,9.765µm
_01279_,9.76µm
_04639_,9.76µm
_02150_,9.755µm
_00572_,9.745µm
_02570_,9.745µm
_03780_,9.74µm
_04225_,9.74µm
_05532_,9.74µm
_06643_,9.74µm
memory_stage.dm.ram\[31\]\[7\],9.74µm
memory_stage.dm.ram\[37\]\[11\],9.74µm
memory_stage.dm.ram\[48\]\[0\],9.74µm
memory_stage.dm.ram\[54\]\[14\],9.74µm
memory_stage.dm.ram\[60\]\[2\],9.74µm
memory_stage.dm.ram\[41\]\[9\],9.725µm
_00341_,9.705µm
_04591_,9.705µm
_06279_,9.705µm
_00684_,9.7µm
_04647_,9.7µm
memory_stage.dm.ram\[17\]\[15\],9.7µm
memory_stage.dm.ram\[43\]\[25\],9.7µm
memory_stage.dm.ram\[52\]\[18\],9.7µm
memory_stage.dm.ram\[55\]\[1\],9.7µm
memory_stage.dm.ram\[62\]\[2\],9.7µm
memory_stage.dm.ram\[7\]\[16\],9.7µm
memory_stage.dm.ram\[13\]\[29\],9.695µm
_00388_,9.685µm
_00567_,9.685µm
_00645_,9.685µm
_01938_,9.685µm
_02098_,9.685µm
_02172_,9.685µm
_02189_,9.685µm
_01315_,9.68µm
memory_stage.dm.ram\[18\]\[18\],9.68µm
memory_stage.dm.ram\[43\]\[6\],9.68µm
_02780_,9.665µm
memory_stage.dm.ram\[38\]\[10\],9.665µm
_01455_,9.66µm
_01982_,9.66µm
_04876_,9.66µm
_05804_,9.66µm
_06546_,9.66µm
em.tid_m\[1\],9.66µm
memory_stage.dm.ram\[59\]\[12\],9.66µm
_02070_,9.645µm
_02177_,9.645µm
_02410_,9.645µm
_02599_,9.645µm
_02625_,9.645µm
_02647_,9.645µm
_04496_,9.64µm
memory_stage.dm.ram\[16\]\[16\],9.64µm
memory_stage.dm.ram\[52\]\[9\],9.64µm
_00366_,9.635µm
_06998_,9.62µm
memory_stage.dm.ram\[1\]\[31\],9.62µm
memory_stage.dm.ram\[20\]\[9\],9.62µm
memory_stage.dm.ram\[37\]\[4\],9.62µm
memory_stage.dm.ram\[45\]\[10\],9.62µm
memory_stage.dm.ram\[48\]\[17\],9.62µm
_00498_,9.605µm
_02785_,9.605µm
_05710_,9.6µm
_07371_,9.6µm
memory_stage.dm.ram\[20\]\[7\],9.6µm
memory_stage.dm.ram\[28\]\[20\],9.6µm
memory_stage.dm.ram\[43\]\[3\],9.6µm
memory_stage.dm.ram\[51\]\[23\],9.6µm
_00629_,9.585µm
_01965_,9.585µm
_02648_,9.585µm
memory_stage.dm.ram\[61\]\[22\],9.585µm
_05159_,9.58µm
memory_stage.dm.ram\[36\]\[31\],9.58µm
memory_stage.dm.ram\[40\]\[20\],9.58µm
memory_stage.dm.ram\[8\]\[14\],9.58µm
memory_stage.dm.ram\[5\]\[16\],9.575µm
_00821_,9.565µm
_01047_,9.565µm
_02610_,9.565µm
_00772_,9.56µm
_03339_,9.56µm
memory_stage.dm.ram\[40\]\[1\],9.56µm
memory_stage.dm.ram\[43\]\[23\],9.56µm
memory_stage.dm.ram\[52\]\[26\],9.56µm
_00945_,9.555µm
_06675_,9.54µm
memory_stage.dm.ram\[15\]\[4\],9.535µm
memory_stage.dm.ram\[58\]\[5\],9.535µm
_00275_,9.525µm
_01604_,9.525µm
memory_stage.dm.ram\[2\]\[27\],9.525µm
memory_stage.dm.ram\[37\]\[16\],9.525µm
_06231_,9.52µm
memory_stage.dm.ram\[10\]\[30\],9.52µm
memory_stage.dm.ram\[25\]\[0\],9.52µm
memory_stage.dm.ram\[9\]\[9\],9.52µm
_00271_,9.505µm
memory_stage.dm.ram\[7\]\[30\],9.505µm
_05920_,9.5µm
memory_stage.dm.ram\[38\]\[13\],9.5µm
_01312_,9.485µm
_06375_,9.485µm
memory_stage.dm.ram\[19\]\[29\],9.485µm
memory_stage.dm.ram\[58\]\[30\],9.485µm
_05493_,9.48µm
_06033_,9.48µm
_06844_,9.48µm
_07097_,9.48µm
memory_stage.dm.ram\[18\]\[21\],9.48µm
memory_stage.dm.ram\[25\]\[16\],9.48µm
memory_stage.dm.ram\[25\]\[30\],9.48µm
memory_stage.dm.ram\[57\]\[30\],9.48µm
memory_stage.dm.ram\[60\]\[31\],9.48µm
_01447_,9.465µm
_06138_,9.46µm
_00115_,9.445µm
_00292_,9.445µm
_00784_,9.445µm
_00989_,9.445µm
_00998_,9.445µm
_01117_,9.445µm
_02931_,9.44µm
_04427_,9.44µm
_05767_,9.44µm
_06450_,9.44µm
_07237_,9.44µm
_07318_,9.44µm
memory_stage.dm.ram\[25\]\[6\],9.44µm
memory_stage.dm.ram\[35\]\[26\],9.44µm
_03058_,9.42µm
_03358_,9.42µm
_03522_,9.42µm
_03578_,9.42µm
_03915_,9.42µm
_03977_,9.42µm
_04351_,9.42µm
_04627_,9.42µm
_05279_,9.42µm
memory_stage.dm.ram\[6\]\[18\],9.42µm
_01038_,9.415µm
_01806_,9.415µm
memory_stage.dm.ram\[46\]\[4\],9.415µm
_00306_,9.405µm
_00581_,9.405µm
_01098_,9.405µm
_01859_,9.405µm
_02793_,9.405µm
_04585_,9.4µm
_05885_,9.4µm
_06426_,9.4µm
_07015_,9.4µm
_07269_,9.4µm
memory_stage.dm.ram\[15\]\[9\],9.4µm
memory_stage.dm.ram\[29\]\[6\],9.4µm
_01431_,9.385µm
memory_stage.dm.ram\[41\]\[1\],9.385µm
_07122_,9.38µm
memory_stage.dm.ram\[0\]\[13\],9.38µm
memory_stage.dm.ram\[24\]\[8\],9.38µm
_05596_,9.37µm
_00257_,9.365µm
_00403_,9.365µm
_00804_,9.365µm
_03212_,9.36µm
_03456_,9.36µm
_05185_,9.36µm
_06442_,9.36µm
memory_stage.dm.ram\[1\]\[20\],9.36µm
memory_stage.dm.ram\[3\]\[19\],9.36µm
memory_stage.dm.ram\[40\]\[13\],9.36µm
memory_stage.dm.ram\[62\]\[31\],9.36µm
memory_stage.dm.ram\[7\]\[23\],9.36µm
memory_stage.dm.ram\[29\]\[8\],9.34µm
memory_stage.dm.ram\[47\]\[27\],9.34µm
memory_stage.dm.ram\[5\]\[1\],9.335µm
_00359_,9.325µm
_00764_,9.325µm
_01034_,9.325µm
_02064_,9.325µm
_03544_,9.32µm
_03784_,9.32µm
_04145_,9.32µm
_04526_,9.32µm
_05212_,9.32µm
_05314_,9.32µm
_05618_,9.32µm
_06578_,9.32µm
_07249_,9.32µm
memory_stage.dm.ram\[28\]\[21\],9.32µm
memory_stage.dm.ram\[36\]\[29\],9.32µm
memory_stage.dm.ram\[53\]\[12\],9.315µm
memory_stage.dm.ram\[58\]\[12\],9.31µm
_03601_,9.3µm
_04522_,9.3µm
memory_stage.dm.ram\[25\]\[12\],9.3µm
memory_stage.dm.ram\[62\]\[13\],9.3µm
_07323_,9.29µm
_00503_,9.285µm
_03270_,9.28µm
memory_stage.dm.ram\[10\]\[0\],9.28µm
memory_stage.dm.ram\[24\]\[5\],9.28µm
_02770_,9.26µm
_03170_,9.26µm
_05847_,9.26µm
_06625_,9.26µm
memory_stage.dm.ram\[0\]\[31\],9.26µm
memory_stage.dm.ram\[50\]\[28\],9.26µm
memory_stage.dm.ram\[12\]\[15\],9.24µm
memory_stage.dm.ram\[16\]\[3\],9.24µm
memory_stage.dm.ram\[34\]\[2\],9.24µm
memory_stage.dm.ram\[52\]\[11\],9.24µm
memory_stage.dm.ram\[6\]\[31\],9.24µm
_02291_,9.235µm
_02581_,9.225µm
_02775_,9.225µm
_00809_,9.22µm
_01501_,9.22µm
_03051_,9.22µm
_05617_,9.22µm
memory_stage.dm.ram\[11\]\[11\],9.22µm
memory_stage.dm.ram\[54\]\[24\],9.215µm
_00026_,9.205µm
_01876_,9.205µm
_04155_,9.2µm
_04294_,9.2µm
_05127_,9.2µm
_05624_,9.2µm
memory_stage.dm.ram\[21\]\[14\],9.2µm
memory_stage.dm.ram\[62\]\[4\],9.195µm
_06729_,9.19µm
_01032_,9.185µm
_01290_,9.185µm
_01851_,9.185µm
_02626_,9.185µm
_03870_,9.18µm
_05657_,9.18µm
memory_stage.dm.ram\[40\]\[30\],9.18µm
memory_stage.dm.ram\[57\]\[14\],9.18µm
memory_stage.dm.ram\[59\]\[14\],9.18µm
_01968_,9.175µm
_02367_,9.175µm
_07407_,9.16µm
memory_stage.dm.ram\[57\]\[8\],9.16µm
memory_stage.dm.ram\[63\]\[2\],9.16µm
_00034_,9.145µm
_00447_,9.145µm
_02012_,9.145µm
_02339_,9.145µm
_02536_,9.145µm
memory_stage.dm.ram\[16\]\[29\],9.14µm
memory_stage.dm.ram\[1\]\[29\],9.14µm
memory_stage.dm.ram\[51\]\[21\],9.14µm
_06277_,9.135µm
_00585_,9.125µm
_02160_,9.125µm
_04370_,9.12µm
_06944_,9.12µm
memory_stage.dm.ram\[13\]\[1\],9.12µm
memory_stage.dm.ram\[62\]\[17\],9.12µm
memory_stage.dm.ram\[61\]\[20\],9.115µm
_00062_,9.1µm
memory_stage.dm.ram\[48\]\[24\],9.1µm
_02741_,9.095µm
_03129_,9.08µm
_04659_,9.08µm
_05788_,9.08µm
_06618_,9.08µm
_07047_,9.08µm
_07251_,9.08µm
memory_stage.dm.ram\[1\]\[16\],9.08µm
memory_stage.dm.ram\[3\]\[12\],9.08µm
memory_stage.dm.ram\[0\]\[18\],9.07µm
_00223_,9.065µm
_00231_,9.065µm
_04051_,9.06µm
_07333_,9.06µm
memory_stage.dm.ram\[21\]\[24\],9.045µm
_05711_,9.04µm
memory_stage.dm.ram\[0\]\[17\],9.04µm
memory_stage.dm.ram\[24\]\[22\],9.04µm
memory_stage.dm.ram\[27\]\[13\],9.04µm
_01718_,9.025µm
_03315_,9.02µm
_03463_,9.02µm
_05446_,9.02µm
_06205_,9.02µm
_06951_,9.02µm
_07292_,9.02µm
memory_stage.dm.ram\[34\]\[9\],9.02µm
memory_stage.dm.ram\[42\]\[29\],9.02µm
memory_stage.dm.ram\[44\]\[29\],9.02µm
memory_stage.dm.ram\[46\]\[10\],9.02µm
memory_stage.dm.ram\[56\]\[1\],9.015µm
_05828_,9µm
memory_stage.dm.ram\[17\]\[18\],9µm
_01937_,8.995µm
_00655_,8.985µm
_01838_,8.985µm
_01958_,8.985µm
_02004_,8.985µm
_02256_,8.985µm
_02510_,8.985µm
_03292_,8.98µm
_03327_,8.98µm
_03611_,8.98µm
_04551_,8.98µm
_06027_,8.98µm
_06391_,8.98µm
_07025_,8.98µm
_07223_,8.98µm
memory_stage.dm.ram\[19\]\[16\],8.98µm
memory_stage.dm.ram\[38\]\[27\],8.98µm
memory_stage.dm.ram\[46\]\[1\],8.98µm
memory_stage.dm.ram\[6\]\[29\],8.98µm
_02272_,8.975µm
_03571_,8.96µm
_03722_,8.96µm
_05859_,8.96µm
_06097_,8.95µm
_00065_,8.945µm
_00183_,8.945µm
_00313_,8.945µm
_00434_,8.945µm
_00455_,8.945µm
_00637_,8.945µm
_00800_,8.945µm
_01075_,8.945µm
_01107_,8.945µm
_02174_,8.945µm
_02390_,8.945µm
_03208_,8.94µm
_03536_,8.94µm
_03776_,8.94µm
_04605_,8.94µm
_07358_,8.94µm
memory_stage.dm.ram\[51\]\[14\],8.92µm
_00869_,8.905µm
_01111_,8.905µm
_01924_,8.905µm
memory_stage.dm.ram\[18\]\[9\],8.905µm
_03458_,8.9µm
_03762_,8.9µm
_04164_,8.9µm
_04439_,8.9µm
_04879_,8.9µm
_05095_,8.9µm
_05528_,8.9µm
_05952_,8.9µm
memory_stage.dm.ram\[15\]\[20\],8.9µm
memory_stage.dm.ram\[21\]\[6\],8.9µm
memory_stage.dm.ram\[22\]\[21\],8.9µm
memory_stage.dm.ram\[42\]\[7\],8.9µm
memory_stage.dm.ram\[43\]\[21\],8.9µm
memory_stage.dm.ram\[52\]\[6\],8.9µm
_01058_,8.88µm
_01992_,8.88µm
memory_stage.dm.ram\[4\]\[24\],8.88µm
_00565_,8.865µm
_00941_,8.865µm
_01012_,8.865µm
_02680_,8.865µm
_02890_,8.86µm
_03197_,8.86µm
_03296_,8.86µm
_03661_,8.86µm
_03896_,8.86µm
_04100_,8.86µm
_04499_,8.86µm
_05169_,8.86µm
_05353_,8.86µm
_06565_,8.86µm
_07386_,8.86µm
_04079_,8.84µm
_00017_,8.825µm
_00190_,8.825µm
_01071_,8.825µm
_02126_,8.825µm
_02754_,8.825µm
memory_stage.dm.ram\[58\]\[0\],8.825µm
_03293_,8.82µm
_03354_,8.82µm
_03369_,8.82µm
_03395_,8.82µm
_06012_,8.82µm
_00835_,8.8µm
_02355_,8.8µm
_05662_,8.8µm
memory_stage.dm.ram\[6\]\[8\],8.8µm
memory_stage.dm.ram\[8\]\[29\],8.8µm
_00786_,8.785µm
memory_stage.dm.ram\[13\]\[23\],8.785µm
memory_stage.dm.ram\[45\]\[7\],8.785µm
memory_stage.dm.ram\[11\]\[4\],8.78µm
memory_stage.dm.ram\[1\]\[4\],8.78µm
memory_stage.dm.ram\[40\]\[26\],8.78µm
memory_stage.dm.ram\[13\]\[7\],8.775µm
memory_stage.dm.ram\[34\]\[8\],8.775µm
memory_stage.dm.ram\[45\]\[22\],8.775µm
_00317_,8.765µm
_02151_,8.765µm
_02639_,8.765µm
_02724_,8.765µm
_01875_,8.76µm
_03337_,8.76µm
memory_stage.dm.ram\[57\]\[12\],8.76µm
_00836_,8.755µm
_01137_,8.745µm
_01625_,8.745µm
em.rd_m\[3\],8.74µm
memory_stage.dm.ram\[8\]\[23\],8.74µm
_05124_,8.735µm
_02049_,8.725µm
_02067_,8.725µm
_02376_,8.725µm
_01110_,8.72µm
_05915_,8.72µm
memory_stage.dm.ram\[34\]\[24\],8.72µm
memory_stage.dm.ram\[51\]\[10\],8.72µm
_01978_,8.705µm
memory_stage.dm.ram\[37\]\[7\],8.7µm
memory_stage.dm.ram\[40\]\[5\],8.7µm
memory_stage.dm.ram\[41\]\[11\],8.7µm
memory_stage.dm.ram\[60\]\[1\],8.7µm
_00701_,8.685µm
_01261_,8.685µm
_01432_,8.685µm
_02928_,8.68µm
_06515_,8.68µm
memory_stage.dm.ram\[20\]\[1\],8.68µm
memory_stage.dm.ram\[7\]\[18\],8.68µm
_00608_,8.665µm
_01852_,8.665µm
_02069_,8.665µm
memory_stage.dm.ram\[17\]\[3\],8.665µm
memory_stage.dm.ram\[1\]\[0\],8.665µm
memory_stage.dm.ram\[50\]\[23\],8.665µm
memory_stage.dm.ram\[7\]\[11\],8.665µm
_05423_,8.66µm
_07184_,8.66µm
memory_stage.dm.ram\[21\]\[11\],8.66µm
memory_stage.dm.ram\[49\]\[7\],8.66µm
memory_stage.dm.ram\[51\]\[4\],8.66µm
_00620_,8.645µm
_02164_,8.645µm
_02781_,8.645µm
memory_stage.dm.ram\[25\]\[4\],8.64µm
memory_stage.dm.ram\[26\]\[5\],8.64µm
memory_stage.dm.ram\[56\]\[26\],8.64µm
memory_stage.dm.ram\[60\]\[29\],8.64µm
_04461_,8.62µm
_06055_,8.62µm
_06833_,8.62µm
memory_stage.dm.ram\[14\]\[14\],8.62µm
memory_stage.dm.ram\[48\]\[28\],8.62µm
memory_stage.dm.ram\[55\]\[31\],8.62µm
_00185_,8.615µm
_05382_,8.615µm
_01989_,8.605µm
_02263_,8.605µm
memory_stage.dm.ram\[22\]\[15\],8.605µm
_03032_,8.6µm
_06398_,8.6µm
_07050_,8.6µm
memory_stage.dm.ram\[2\]\[1\],8.585µm
_03188_,8.58µm
memory_stage.dm.ram\[12\]\[7\],8.58µm
memory_stage.dm.ram\[19\]\[12\],8.58µm
memory_stage.dm.ram\[21\]\[10\],8.58µm
memory_stage.dm.ram\[60\]\[13\],8.58µm
_01910_,8.575µm
_01927_,8.565µm
_02080_,8.565µm
memory_stage.dm.ram\[29\]\[22\],8.565µm
memory_stage.dm.ram\[55\]\[4\],8.565µm
_03921_,8.56µm
_04603_,8.56µm
_05476_,8.56µm
_06341_,8.56µm
_06788_,8.56µm
_06819_,8.56µm
memory_stage.dm.ram\[41\]\[29\],8.56µm
memory_stage.dm.ram\[43\]\[16\],8.56µm
memory_stage.dm.ram\[43\]\[9\],8.56µm
memory_stage.dm.ram\[9\]\[6\],8.56µm
_02075_,8.545µm
_02344_,8.545µm
_00514_,8.525µm
_00569_,8.525µm
_01096_,8.525µm
_01159_,8.525µm
_01224_,8.525µm
_01890_,8.525µm
_02058_,8.525µm
_02083_,8.525µm
_02114_,8.525µm
_02397_,8.525µm
_02475_,8.525µm
_02747_,8.525µm
_03106_,8.52µm
_03156_,8.52µm
_03504_,8.52µm
_04305_,8.52µm
_04569_,8.52µm
_04597_,8.52µm
_05918_,8.52µm
_06820_,8.52µm
_07155_,8.52µm
_00819_,8.505µm
_03187_,8.5µm
_05557_,8.5µm
_06418_,8.5µm
memory_stage.dm.ram\[31\]\[23\],8.5µm
_00312_,8.495µm
_00478_,8.495µm
_00722_,8.485µm
_02537_,8.485µm
_02617_,8.485µm
_03169_,8.48µm
_05917_,8.48µm
_06186_,8.48µm
_06411_,8.48µm
_07329_,8.48µm
memory_stage.dm.ram\[23\]\[23\],8.48µm
memory_stage.dm.ram\[40\]\[21\],8.48µm
delaynet_4_clk,8.48µm
_01258_,8.475µm
_06875_,8.46µm
de.imm_val_e\[10\],8.46µm
memory_stage.dm.ram\[10\]\[12\],8.46µm
memory_stage.dm.ram\[63\]\[19\],8.46µm
_02139_,8.455µm
_06084_,8.45µm
_01882_,8.445µm
_02726_,8.445µm
memory_stage.dm.ram\[23\]\[18\],8.445µm
memory_stage.dm.ram\[2\]\[23\],8.445µm
memory_stage.dm.ram\[2\]\[31\],8.445µm
memory_stage.dm.ram\[55\]\[25\],8.445µm
_02971_,8.44µm
_06229_,8.44µm
_07103_,8.44µm
memory_stage.dm.ram\[22\]\[22\],8.44µm
memory_stage.dm.ram\[26\]\[10\],8.44µm
memory_stage.dm.ram\[45\]\[31\],8.44µm
memory_stage.dm.ram\[46\]\[23\],8.44µm
memory_stage.dm.ram\[48\]\[31\],8.44µm
memory_stage.dm.ram\[51\]\[3\],8.44µm
memory_stage.dm.ram\[59\]\[21\],8.44µm
memory_stage.dm.ram\[61\]\[3\],8.44µm
memory_stage.dm.ram\[6\]\[16\],8.44µm
memory_stage.dm.ram\[23\]\[2\],8.425µm
_00888_,8.42µm
_00610_,8.405µm
_00756_,8.405µm
_01166_,8.405µm
_02341_,8.405µm
_02702_,8.405µm
_06299_,8.405µm
_03740_,8.4µm
_03861_,8.4µm
_03882_,8.4µm
_04637_,8.4µm
_06147_,8.4µm
_06830_,8.4µm
_07133_,8.4µm
_07244_,8.4µm
memory_stage.dm.ram\[16\]\[21\],8.4µm
_01605_,8.385µm
_04191_,8.38µm
_06456_,8.38µm
_00679_,8.365µm
_01014_,8.365µm
_02555_,8.365µm
memory_stage.dm.ram\[13\]\[22\],8.365µm
_05558_,8.36µm
_06590_,8.36µm
memory_stage.dm.ram\[16\]\[9\],8.36µm
memory_stage.dm.ram\[19\]\[20\],8.36µm
memory_stage.dm.ram\[50\]\[7\],8.36µm
memory_stage.dm.ram\[51\]\[12\],8.36µm
_01151_,8.345µm
memory_stage.dm.ram\[21\]\[22\],8.345µm
_06388_,8.34µm
memory_stage.dm.ram\[14\]\[5\],8.34µm
memory_stage.dm.ram\[55\]\[21\],8.34µm
_00981_,8.325µm
_07148_,8.325µm
_06278_,8.32µm
_07325_,8.32µm
memory_stage.dm.ram\[34\]\[27\],8.32µm
memory_stage.dm.ram\[4\]\[2\],8.32µm
_00112_,8.305µm
_00189_,8.305µm
_00803_,8.305µm
_01448_,8.305µm
_02163_,8.305µm
_02659_,8.305µm
_02715_,8.305µm
_00340_,8.3µm
_00470_,8.3µm
memory_stage.dm.ram\[23\]\[1\],8.3µm
_00454_,8.285µm
_00601_,8.285µm
_04138_,8.28µm
_06082_,8.27µm
_00466_,8.265µm
_00876_,8.265µm
_01164_,8.265µm
_02357_,8.265µm
_02750_,8.265µm
memory_stage.dm.ram\[35\]\[11\],8.26µm
memory_stage.dm.ram\[36\]\[25\],8.26µm
memory_stage.dm.ram\[52\]\[10\],8.26µm
memory_stage.dm.ram\[52\]\[12\],8.26µm
_06248_,8.24µm
_06783_,8.24µm
memory_stage.dm.ram\[15\]\[19\],8.24µm
memory_stage.dm.ram\[16\]\[17\],8.24µm
memory_stage.dm.ram\[18\]\[29\],8.24µm
memory_stage.dm.ram\[2\]\[21\],8.24µm
memory_stage.dm.ram\[8\]\[10\],8.24µm
_01291_,8.235µm
_01974_,8.225µm
_06262_,8.22µm
memory_stage.dm.ram\[0\]\[27\],8.22µm
memory_stage.dm.ram\[11\]\[30\],8.22µm
memory_stage.dm.ram\[21\]\[9\],8.22µm
memory_stage.dm.ram\[33\]\[4\],8.22µm
_05595_,8.21µm
memory_stage.dm.ram\[15\]\[8\],8.2µm
memory_stage.dm.ram\[1\]\[6\],8.2µm
memory_stage.dm.ram\[25\]\[3\],8.2µm
memory_stage.dm.ram\[54\]\[3\],8.2µm
memory_stage.dm.ram\[7\]\[3\],8.2µm
memory_stage.dm.ram\[13\]\[24\],8.195µm
memory_stage.dm.ram\[22\]\[7\],8.195µm
memory_stage.dm.ram\[41\]\[30\],8.195µm
_01456_,8.185µm
_05135_,8.18µm
_06683_,8.18µm
_07300_,8.18µm
memory_stage.dm.ram\[36\]\[23\],8.18µm
memory_stage.dm.ram\[62\]\[8\],8.18µm
_00446_,8.165µm
_00624_,8.165µm
_02048_,8.165µm
_06731_,8.16µm
_06760_,8.16µm
memory_stage.dm.ram\[35\]\[31\],8.16µm
_00276_,8.155µm
_01190_,8.155µm
_00283_,8.145µm
_02585_,8.145µm
_02912_,8.14µm
_03146_,8.14µm
_03593_,8.14µm
_06255_,8.14µm
_07294_,8.14µm
de.pc_d\[3\],8.14µm
memory_stage.dm.ram\[14\]\[11\],8.14µm
memory_stage.dm.ram\[3\]\[9\],8.125µm
_06705_,8.12µm
memory_stage.dm.ram\[48\]\[3\],8.12µm
memory_stage.dm.ram\[58\]\[13\],8.12µm
memory_stage.dm.ram\[58\]\[31\],8.12µm
_00699_,8.115µm
_02201_,8.115µm
memory_stage.dm.ram\[21\]\[0\],8.105µm
_00006_,8.1µm
_02894_,8.1µm
_03267_,8.1µm
_03816_,8.1µm
_03892_,8.1µm
_05254_,8.1µm
_06271_,8.1µm
_06333_,8.1µm
de.pc_d\[6\],8.1µm
memory_stage.dm.ram\[11\]\[0\],8.08µm
memory_stage.dm.ram\[33\]\[6\],8.08µm
memory_stage.dm.ram\[53\]\[23\],8.08µm
mw.read_data_w\[17\],8.08µm
_00305_,8.065µm
_00401_,8.065µm
_00692_,8.065µm
_01074_,8.065µm
_01094_,8.065µm
_02002_,8.065µm
_02165_,8.065µm
_02323_,8.065µm
_02950_,8.06µm
_03654_,8.06µm
_03664_,8.06µm
_04619_,8.06µm
_05991_,8.06µm
_06146_,8.06µm
_06994_,8.06µm
_07065_,8.06µm
_07179_,8.06µm
_03837_,8.04µm
memory_stage.dm.ram\[61\]\[13\],8.04µm
pcw[2],8.04µm
result[0],8.04µm
_00516_,8.035µm
_01972_,8.035µm
_00298_,8.025µm
_01255_,8.025µm
_02259_,8.025µm
_02546_,8.025µm
_03867_,8.02µm
_06579_,8.02µm
_06649_,8.02µm
_06656_,8.02µm
memory_stage.dm.ram\[41\]\[23\],8.02µm
_03204_,8µm
memory_stage.dm.ram\[31\]\[24\],8µm
_02141_,7.985µm
_02393_,7.985µm
_02614_,7.985µm
_02786_,7.985µm
_07408_,7.985µm
memory_stage.dm.ram\[24\]\[27\],7.985µm
memory_stage.dm.ram\[40\]\[19\],7.985µm
memory_stage.dm.ram\[55\]\[17\],7.985µm
_05923_,7.98µm
_06104_,7.98µm
_06383_,7.98µm
_06616_,7.98µm
_07083_,7.98µm
memory_stage.dm.ram\[17\]\[31\],7.98µm
memory_stage.dm.ram\[22\]\[0\],7.98µm
memory_stage.dm.ram\[23\]\[16\],7.98µm
memory_stage.dm.ram\[31\]\[22\],7.98µm
memory_stage.dm.ram\[42\]\[21\],7.98µm
memory_stage.dm.ram\[49\]\[14\],7.98µm
memory_stage.dm.ram\[51\]\[22\],7.98µm
memory_stage.dm.ram\[61\]\[17\],7.98µm
memory_stage.dm.ram\[25\]\[1\],7.975µm
_00548_,7.965µm
_06609_,7.96µm
memory_stage.dm.ram\[31\]\[4\],7.96µm
memory_stage.dm.ram\[29\]\[14\],7.955µm
_01809_,7.945µm
_02443_,7.945µm
_06522_,7.945µm
_03393_,7.94µm
_03687_,7.94µm
_05858_,7.94µm
_06297_,7.94µm
_07022_,7.94µm
_07228_,7.94µm
memory_stage.dm.ram\[18\]\[3\],7.94µm
_06249_,7.92µm
memory_stage.dm.ram\[17\]\[24\],7.92µm
memory_stage.dm.ram\[35\]\[10\],7.92µm
_01135_,7.905µm
_02303_,7.905µm
_02402_,7.905µm
_06199_,7.9µm
_06670_,7.9µm
memory_stage.dm.ram\[18\]\[8\],7.9µm
memory_stage.dm.ram\[25\]\[18\],7.9µm
memory_stage.dm.ram\[32\]\[18\],7.9µm
memory_stage.dm.ram\[49\]\[26\],7.9µm
memory_stage.dm.ram\[37\]\[0\],7.885µm
_07200_,7.88µm
em.rd_m\[1\],7.88µm
memory_stage.dm.ram\[21\]\[31\],7.88µm
memory_stage.dm.ram\[46\]\[6\],7.88µm
memory_stage.dm.ram\[54\]\[30\],7.88µm
_01461_,7.865µm
_02677_,7.865µm
_00140_,7.86µm
_00270_,7.86µm
_00824_,7.86µm
_06370_,7.86µm
memory_stage.dm.ram\[20\]\[17\],7.86µm
_00554_,7.855µm
_02298_,7.855µm
_02451_,7.855µm
memory_stage.dm.ram\[15\]\[23\],7.855µm
memory_stage.dm.ram\[37\]\[22\],7.855µm
_00088_,7.845µm
_01143_,7.845µm
_02071_,7.845µm
_02084_,7.845µm
_02265_,7.845µm
_02404_,7.845µm
_02444_,7.845µm
_02723_,7.845µm
_04167_,7.84µm
_06321_,7.84µm
_06563_,7.84µm
memory_stage.dm.ram\[37\]\[21\],7.84µm
_06785_,7.82µm
_00664_,7.815µm
_00761_,7.815µm
_02742_,7.815µm
_00068_,7.805µm
_00113_,7.805µm
_00191_,7.805µm
_00261_,7.805µm
_00471_,7.805µm
_01663_,7.805µm
_02739_,7.805µm
_03232_,7.8µm
_03647_,7.8µm
_04202_,7.8µm
memory_stage.dm.ram\[44\]\[4\],7.8µm
memory_stage.dm.ram\[57\]\[23\],7.8µm
memory_stage.dm.ram\[58\]\[26\],7.8µm
_03984_,7.78µm
_07406_,7.78µm
_00249_,7.765µm
_00828_,7.765µm
_01437_,7.765µm
_01845_,7.765µm
_01863_,7.765µm
_01897_,7.76µm
_05852_,7.76µm
_06212_,7.76µm
_07201_,7.76µm
memory_stage.dm.ram\[12\]\[13\],7.76µm
_00390_,7.745µm
_00641_,7.745µm
_00663_,7.745µm
_00702_,7.745µm
_00762_,7.745µm
_01443_,7.745µm
_01628_,7.745µm
_02292_,7.745µm
_02382_,7.745µm
memory_stage.dm.ram\[54\]\[6\],7.745µm
memory_stage.dm.ram\[53\]\[31\],7.74µm
memory_stage.dm.ram\[54\]\[29\],7.74µm
_01451_,7.725µm
_02142_,7.725µm
memory_stage.dm.ram\[11\]\[25\],7.72µm
memory_stage.dm.ram\[27\]\[7\],7.72µm
_05242_,7.71µm
_07132_,7.7µm
memory_stage.dm.ram\[13\]\[12\],7.7µm
memory_stage.dm.ram\[49\]\[6\],7.7µm
memory_stage.dm.ram\[55\]\[22\],7.7µm
_00797_,7.695µm
_07153_,7.69µm
_02868_,7.68µm
_03151_,7.68µm
_03493_,7.68µm
_03712_,7.68µm
_03962_,7.68µm
_04494_,7.68µm
_04502_,7.68µm
_06117_,7.68µm
_07150_,7.68µm
memory_stage.dm.ram\[10\]\[23\],7.68µm
memory_stage.dm.ram\[12\]\[4\],7.68µm
_02104_,7.665µm
_05207_,7.66µm
_06318_,7.66µm
_06706_,7.66µm
memory_stage.dm.ram\[14\]\[2\],7.66µm
memory_stage.dm.ram\[32\]\[15\],7.66µm
memory_stage.dm.ram\[44\]\[25\],7.66µm
memory_stage.dm.ram\[54\]\[25\],7.66µm
_01899_,7.655µm
memory_stage.dm.ram\[31\]\[16\],7.645µm
_02918_,7.64µm
_02975_,7.64µm
_03096_,7.64µm
_03495_,7.64µm
_03998_,7.64µm
_04057_,7.64µm
_04377_,7.64µm
_04456_,7.64µm
_04620_,7.64µm
_06270_,7.64µm
_07379_,7.64µm
_01060_,7.625µm
_01274_,7.625µm
_01609_,7.625µm
_05623_,7.62µm
_00015_,7.605µm
_00274_,7.605µm
_00355_,7.605µm
_00432_,7.605µm
_00487_,7.605µm
_00534_,7.605µm
_01412_,7.605µm
_01616_,7.605µm
_01896_,7.605µm
_01935_,7.605µm
_01955_,7.605µm
_02169_,7.605µm
_02245_,7.605µm
_02468_,7.605µm
_02661_,7.605µm
memory_stage.dm.ram\[34\]\[20\],7.605µm
_02953_,7.6µm
_03154_,7.6µm
_03231_,7.6µm
_03433_,7.6µm
_03633_,7.6µm
_03646_,7.6µm
_03656_,7.6µm
_03895_,7.6µm
_04056_,7.6µm
_04172_,7.6µm
_04311_,7.6µm
_04352_,7.6µm
_05386_,7.6µm
_05807_,7.6µm
_06194_,7.6µm
_06477_,7.6µm
_07392_,7.6µm
memory_stage.dm.ram\[14\]\[24\],7.6µm
memory_stage.dm.ram\[46\]\[19\],7.6µm
memory_stage.dm.ram\[46\]\[20\],7.6µm
_04151_,7.58µm
_04308_,7.58µm
_05137_,7.58µm
_06287_,7.58µm
_00020_,7.565µm
_00414_,7.565µm
_00520_,7.565µm
_00749_,7.565µm
_00850_,7.565µm
_01411_,7.565µm
_02342_,7.565µm
_02746_,7.565µm
_02787_,7.565µm
_02936_,7.56µm
_04362_,7.56µm
_05407_,7.56µm
_06161_,7.56µm
_06455_,7.56µm
_07238_,7.56µm
_07361_,7.56µm
de.pc_d\[4\],7.56µm
memory_stage.dm.ram\[22\]\[9\],7.56µm
_00294_,7.555µm
_00044_,7.545µm
_00575_,7.545µm
_01182_,7.545µm
_02525_,7.545µm
_07102_,7.545µm
_03798_,7.54µm
memory_stage.dm.ram\[22\]\[30\],7.54µm
memory_stage.dm.ram\[36\]\[12\],7.54µm
memory_stage.dm.ram\[57\]\[3\],7.54µm
memory_stage.dm.ram\[41\]\[2\],7.535µm
_00851_,7.525µm
_02222_,7.525µm
_02471_,7.525µm
_03340_,7.52µm
_03453_,7.52µm
_03843_,7.52µm
_03848_,7.52µm
_03891_,7.52µm
_04530_,7.52µm
_07112_,7.52µm
_07398_,7.52µm
memory_stage.dm.ram\[2\]\[9\],7.52µm
memory_stage.dm.ram\[30\]\[0\],7.52µm
memory_stage.dm.ram\[31\]\[12\],7.52µm
memory_stage.dm.ram\[36\]\[28\],7.52µm
memory_stage.dm.ram\[39\]\[20\],7.52µm
memory_stage.dm.ram\[3\]\[4\],7.52µm
memory_stage.dm.ram\[49\]\[13\],7.52µm
memory_stage.dm.ram\[49\]\[1\],7.52µm
memory_stage.dm.ram\[52\]\[17\],7.52µm
_02620_,7.515µm
_00411_,7.505µm
_00798_,7.505µm
_01436_,7.505µm
_01967_,7.505µm
_02020_,7.505µm
_02036_,7.505µm
_01723_,7.5µm
_06228_,7.5µm
memory_stage.dm.ram\[33\]\[17\],7.5µm
memory_stage.dm.ram\[45\]\[8\],7.495µm
_02116_,7.485µm
_02233_,7.485µm
_01152_,7.48µm
_03347_,7.48µm
_04447_,7.48µm
_05170_,7.48µm
_05614_,7.48µm
_07173_,7.48µm
_00815_,7.46µm
_06667_,7.46µm
_07224_,7.46µm
memory_stage.dm.ram\[19\]\[3\],7.46µm
memory_stage.dm.ram\[50\]\[24\],7.46µm
memory_stage.dm.ram\[56\]\[5\],7.46µm
memory_stage.dm.ram\[8\]\[24\],7.46µm
_00155_,7.445µm
_00666_,7.445µm
_00951_,7.445µm
_02445_,7.445µm
_02732_,7.44µm
memory_stage.dm.ram\[13\]\[31\],7.44µm
memory_stage.dm.ram\[43\]\[2\],7.44µm
_00854_,7.42µm
_01745_,7.42µm
_04358_,7.42µm
_04592_,7.42µm
memory_stage.dm.ram\[59\]\[29\],7.42µm
memory_stage.dm.ram\[7\]\[7\],7.42µm
_00036_,7.415µm
_01864_,7.415µm
_07037_,7.41µm
_03305_,7.4µm
_05779_,7.4µm
_06158_,7.4µm
memory_stage.dm.ram\[36\]\[22\],7.4µm
memory_stage.dm.ram\[41\]\[18\],7.4µm
memory_stage.dm.ram\[51\]\[25\],7.4µm
memory_stage.dm.ram\[59\]\[24\],7.4µm
_02258_,7.395µm
memory_stage.dm.ram\[62\]\[25\],7.395µm
_00205_,7.385µm
_00215_,7.385µm
_00285_,7.385µm
_00467_,7.385µm
_00525_,7.385µm
_00552_,7.385µm
_00613_,7.385µm
_00893_,7.385µm
_01066_,7.385µm
_02038_,7.385µm
_02388_,7.385µm
_02519_,7.385µm
_03506_,7.38µm
_04578_,7.38µm
_06090_,7.38µm
memory_stage.dm.ram\[55\]\[8\],7.38µm
_00364_,7.365µm
_01000_,7.365µm
_02356_,7.365µm
_00008_,7.36µm
_03888_,7.36µm
_06956_,7.36µm
_00412_,7.345µm
_00417_,7.345µm
_01467_,7.345µm
_02047_,7.345µm
_02431_,7.345µm
_02452_,7.345µm
_02514_,7.345µm
_02774_,7.345µm
memory_stage.dm.ram\[47\]\[15\],7.34µm
_00568_,7.335µm
memory_stage.dm.ram\[29\]\[4\],7.325µm
_07375_,7.32µm
memory_stage.dm.ram\[56\]\[4\],7.32µm
memory_stage.dm.ram\[41\]\[20\],7.31µm
_00021_,7.305µm
_00267_,7.305µm
_00736_,7.305µm
_00991_,7.305µm
_01154_,7.305µm
_01895_,7.305µm
_01973_,7.305µm
_02193_,7.305µm
_02396_,7.305µm
_07301_,7.3µm
memory_stage.dm.ram\[33\]\[21\],7.3µm
memory_stage.dm.ram\[59\]\[19\],7.3µm
_00357_,7.285µm
_00965_,7.285µm
_01866_,7.285µm
_02227_,7.285µm
memory_stage.dm.ram\[15\]\[5\],7.28µm
memory_stage.dm.ram\[21\]\[15\],7.28µm
memory_stage.dm.ram\[44\]\[6\],7.28µm
memory_stage.dm.ram\[50\]\[17\],7.28µm
memory_stage.dm.ram\[46\]\[3\],7.275µm
_00013_,7.265µm
_01118_,7.265µm
_01834_,7.265µm
_02270_,7.265µm
_06536_,7.26µm
_06805_,7.26µm
memory_stage.dm.ram\[16\]\[31\],7.26µm
memory_stage.dm.ram\[51\]\[5\],7.26µm
memory_stage.dm.ram\[14\]\[1\],7.24µm
memory_stage.dm.ram\[33\]\[3\],7.24µm
memory_stage.dm.ram\[37\]\[3\],7.24µm
_00868_,7.225µm
_01413_,7.225µm
_02430_,7.225µm
_03070_,7.22µm
_03637_,7.22µm
_04166_,7.22µm
_04268_,7.22µm
_04419_,7.22µm
_05160_,7.22µm
_05477_,7.22µm
_05783_,7.22µm
de.pc_plus4_e\[2\],7.22µm
memory_stage.dm.ram\[22\]\[11\],7.205µm
memory_stage.dm.ram\[5\]\[12\],7.205µm
memory_stage.dm.ram\[19\]\[5\],7.2µm
memory_stage.dm.ram\[1\]\[10\],7.2µm
memory_stage.dm.ram\[30\]\[20\],7.2µm
memory_stage.dm.ram\[40\]\[12\],7.2µm
memory_stage.dm.ram\[40\]\[16\],7.2µm
memory_stage.dm.ram\[42\]\[26\],7.2µm
memory_stage.dm.ram\[4\]\[8\],7.2µm
memory_stage.dm.ram\[51\]\[31\],7.2µm
memory_stage.dm.ram\[56\]\[8\],7.2µm
_02089_,7.195µm
memory_stage.dm.ram\[14\]\[28\],7.185µm
memory_stage.dm.ram\[30\]\[2\],7.185µm
memory_stage.dm.ram\[61\]\[8\],7.185µm
_01389_,7.18µm
_03025_,7.18µm
_03383_,7.18µm
_03953_,7.18µm
_04060_,7.18µm
_05547_,7.18µm
_06267_,7.18µm
_07169_,7.18µm
memory_stage.dm.ram\[0\]\[22\],7.18µm
_00778_,7.175µm
memory_stage.dm.ram\[9\]\[28\],7.175µm
_00059_,7.165µm
_00378_,7.165µm
_01165_,7.165µm
_02026_,7.165µm
_02037_,7.165µm
_02183_,7.165µm
memory_stage.dm.ram\[39\]\[12\],7.165µm
_07230_,7.16µm
memory_stage.dm.ram\[35\]\[30\],7.16µm
_00308_,7.145µm
_00604_,7.145µm
_00728_,7.145µm
_01171_,7.145µm
_07146_,7.145µm
_02955_,7.14µm
_03288_,7.14µm
_03866_,7.14µm
_03883_,7.14µm
_05948_,7.14µm
_07152_,7.14µm
_00227_,7.135µm
memory_stage.dm.ram\[14\]\[27\],7.135µm
_05972_,7.12µm
_00349_,7.105µm
_00691_,7.105µm
_02380_,7.105µm
_03228_,7.1µm
_03978_,7.1µm
_06846_,7.1µm
_00675_,7.095µm
_00111_,7.085µm
_02330_,7.085µm
_05402_,7.08µm
_05921_,7.08µm
_01114_,7.075µm
memory_stage.dm.ram\[37\]\[18\],7.065µm
memory_stage.dm.ram\[45\]\[19\],7.065µm
_03306_,7.06µm
_03766_,7.06µm
_03939_,7.06µm
_04007_,7.06µm
_04045_,7.06µm
_04418_,7.06µm
_05456_,7.06µm
_05974_,7.06µm
_07310_,7.06µm
_07356_,7.06µm
_07395_,7.06µm
memory_stage.dm.ram\[16\]\[1\],7.06µm
memory_stage.dm.ram\[1\]\[1\],7.06µm
memory_stage.dm.ram\[2\]\[8\],7.06µm
memory_stage.dm.ram\[63\]\[10\],7.06µm
memory_stage.dm.ram\[7\]\[25\],7.06µm
_01990_,7.055µm
memory_stage.dm.ram\[46\]\[28\],7.055µm
_00023_,7.045µm
_00247_,7.045µm
_00333_,7.045µm
_00579_,7.045µm
_00649_,7.045µm
_00920_,7.045µm
_01256_,7.045µm
_02316_,7.045µm
_02476_,7.045µm
_02697_,7.045µm
_02720_,7.045µm
_04432_,7.04µm
_04871_,7.04µm
_00095_,7.025µm
_00174_,7.025µm
_00251_,7.025µm
_00635_,7.025µm
_02103_,7.025µm
_02229_,7.025µm
_00236_,7.015µm
_00114_,7.005µm
_00416_,7.005µm
_02208_,7µm
_00050_,6.985µm
_01181_,6.985µm
_01462_,6.985µm
_05377_,6.98µm
memory_stage.dm.ram\[30\]\[19\],6.98µm
memory_stage.dm.ram\[33\]\[27\],6.98µm
memory_stage.dm.ram\[47\]\[13\],6.98µm
memory_stage.dm.ram\[57\]\[20\],6.98µm
memory_stage.dm.ram\[58\]\[27\],6.98µm
_00612_,6.965µm
memory_stage.dm.ram\[26\]\[23\],6.965µm
_00437_,6.96µm
_00747_,6.96µm
_01418_,6.96µm
_02132_,6.96µm
_02457_,6.96µm
_02573_,6.96µm
_03194_,6.96µm
_04550_,6.96µm
memory_stage.dm.ram\[2\]\[10\],6.96µm
memory_stage.dm.ram\[7\]\[27\],6.96µm
_04537_,6.945µm
_00978_,6.94µm
memory_stage.dm.ram\[25\]\[21\],6.94µm
memory_stage.dm.ram\[27\]\[20\],6.94µm
memory_stage.dm.ram\[43\]\[8\],6.94µm
memory_stage.dm.ram\[50\]\[30\],6.94µm
memory_stage.dm.ram\[60\]\[23\],6.94µm
_00404_,6.935µm
_00022_,6.925µm
_00323_,6.925µm
_00538_,6.925µm
_00748_,6.925µm
_01454_,6.925µm
_01611_,6.925µm
_01665_,6.925µm
_01817_,6.925µm
_02045_,6.925µm
_02261_,6.925µm
_02529_,6.925µm
_02729_,6.925µm
_03667_,6.92µm
_07020_,6.92µm
_01662_,6.905µm
_02554_,6.905µm
_02763_,6.905µm
_03546_,6.9µm
memory_stage.dm.ram\[62\]\[19\],6.9µm
_00080_,6.885µm
_00092_,6.885µm
_00125_,6.885µm
_00166_,6.885µm
_00279_,6.885µm
_00315_,6.885µm
_00407_,6.885µm
_00458_,6.885µm
_00509_,6.885µm
_00780_,6.885µm
_01263_,6.885µm
_02361_,6.885µm
_02372_,6.885µm
_02461_,6.885µm
_02761_,6.885µm
_05986_,6.88µm
memory_stage.dm.ram\[2\]\[11\],6.88µm
memory_stage.dm.ram\[56\]\[7\],6.88µm
_02552_,6.865µm
_07338_,6.86µm
_01622_,6.845µm
_02603_,6.845µm
_06916_,6.845µm
memory_stage.dm.ram\[50\]\[12\],6.84µm
memory_stage.dm.ram\[59\]\[0\],6.84µm
_06288_,6.83µm
_00167_,6.825µm
_00369_,6.825µm
_00415_,6.825µm
_00443_,6.825µm
_00482_,6.825µm
_00934_,6.825µm
_01090_,6.825µm
_01260_,6.825µm
_01999_,6.825µm
_02092_,6.825µm
_02311_,6.825µm
_02333_,6.825µm
_02365_,6.825µm
memory_stage.dm.ram\[63\]\[1\],6.825µm
_02963_,6.82µm
_06869_,6.82µm
_07394_,6.82µm
_00422_,6.815µm
_02286_,6.815µm
_00194_,6.805µm
_02301_,6.805µm
_02395_,6.805µm
_02580_,6.805µm
_06438_,6.8µm
_07359_,6.8µm
em.rd_m\[0\],6.8µm
memory_stage.dm.ram\[18\]\[7\],6.8µm
_00832_,6.785µm
_03527_,6.78µm
_05794_,6.78µm
_07291_,6.78µm
_00354_,6.765µm
_00521_,6.765µm
_00892_,6.765µm
_02007_,6.765µm
memory_stage.dm.ram\[17\]\[21\],6.765µm
memory_stage.dm.ram\[6\]\[11\],6.765µm
_02880_,6.76µm
_03239_,6.76µm
_03665_,6.76µm
_03930_,6.76µm
_05732_,6.76µm
_07162_,6.76µm
_07451_,6.76µm
memory_stage.dm.ram\[51\]\[11\],6.76µm
memory_stage.dm.ram\[5\]\[25\],6.76µm
memory_stage.dm.ram\[53\]\[25\],6.745µm
_04506_,6.74µm
memory_stage.dm.ram\[21\]\[17\],6.74µm
memory_stage.dm.ram\[34\]\[16\],6.74µm
_02188_,6.725µm
_03357_,6.72µm
_03438_,6.72µm
_03574_,6.72µm
_03610_,6.72µm
_07302_,6.72µm
memory_stage.dm.ram\[13\]\[15\],6.72µm
memory_stage.dm.ram\[9\]\[14\],6.715µm
_00162_,6.705µm
_00187_,6.705µm
_00229_,6.705µm
_00284_,6.705µm
_00335_,6.705µm
_00379_,6.705µm
_00386_,6.705µm
_00421_,6.705µm
_00556_,6.705µm
_00561_,6.705µm
_00622_,6.705µm
_00625_,6.705µm
_00988_,6.705µm
_01054_,6.705µm
_01056_,6.705µm
_01452_,6.705µm
_01815_,6.705µm
_02014_,6.705µm
_02043_,6.705µm
_02170_,6.705µm
_02211_,6.705µm
_02213_,6.705µm
_02252_,6.705µm
_02364_,6.705µm
_02456_,6.705µm
_02460_,6.705µm
_02540_,6.705µm
_02563_,6.705µm
_02576_,6.705µm
_02705_,6.705µm
_02791_,6.705µm
_04470_,6.705µm
_00348_,6.695µm
_00133_,6.685µm
_00367_,6.685µm
_00631_,6.685µm
_00648_,6.685µm
_00678_,6.685µm
_01053_,6.685µm
_01627_,6.685µm
_01843_,6.685µm
_01996_,6.685µm
_02182_,6.685µm
_02665_,6.685µm
_02706_,6.685µm
_02768_,6.685µm
_03064_,6.66µm
_03377_,6.66µm
_04405_,6.66µm
_06902_,6.66µm
memory_stage.dm.ram\[46\]\[7\],6.65µm
_00178_,6.645µm
_00303_,6.645µm
_00673_,6.645µm
_00818_,6.645µm
_01822_,6.645µm
_01907_,6.645µm
_01920_,6.645µm
_02051_,6.645µm
_02062_,6.645µm
_02086_,6.645µm
_02128_,6.645µm
_02155_,6.645µm
_02638_,6.645µm
_02711_,6.645µm
_02924_,6.64µm
_05511_,6.64µm
_06098_,6.64µm
_06822_,6.64µm
_06876_,6.64µm
_06895_,6.64µm
_06915_,6.64µm
_07376_,6.64µm
memory_stage.dm.ram\[1\]\[11\],6.64µm
memory_stage.dm.ram\[8\]\[28\],6.64µm
_01848_,6.625µm
memory_stage.dm.ram\[44\]\[24\],6.62µm
memory_stage.dm.ram\[52\]\[14\],6.62µm
_01836_,6.615µm
_02608_,6.615µm
_07001_,6.615µm
memory_stage.dm.ram\[15\]\[15\],6.605µm
memory_stage.dm.ram\[30\]\[16\],6.605µm
_03006_,6.6µm
_03432_,6.6µm
_03508_,6.6µm
_03886_,6.6µm
_04192_,6.6µm
_04289_,6.6µm
_04329_,6.6µm
_04673_,6.6µm
_04827_,6.6µm
_05248_,6.6µm
_05831_,6.6µm
_06037_,6.6µm
_06672_,6.6µm
_07147_,6.6µm
memory_stage.dm.ram\[11\]\[6\],6.6µm
memory_stage.dm.ram\[19\]\[17\],6.6µm
memory_stage.dm.ram\[1\]\[15\],6.6µm
memory_stage.dm.ram\[23\]\[22\],6.6µm
_03547_,6.58µm
_07098_,6.58µm
_00211_,6.565µm
_00291_,6.565µm
_01051_,6.565µm
_02039_,6.565µm
_02704_,6.565µm
_00848_,6.54µm
_01572_,6.54µm
_04334_,6.54µm
_07268_,6.54µm
memory_stage.dm.ram\[45\]\[16\],6.54µm
_00477_,6.525µm
_02642_,6.525µm
memory_stage.dm.ram\[14\]\[12\],6.525µm
_03075_,6.52µm
_03560_,6.52µm
_04648_,6.52µm
_06953_,6.52µm
memory_stage.dm.ram\[16\]\[11\],6.52µm
memory_stage.dm.ram\[3\]\[15\],6.52µm
memory_stage.dm.ram\[40\]\[7\],6.52µm
memory_stage.dm.ram\[41\]\[31\],6.52µm
memory_stage.dm.ram\[46\]\[29\],6.52µm
memory_stage.dm.ram\[51\]\[26\],6.52µm
memory_stage.dm.ram\[59\]\[11\],6.52µm
memory_stage.dm.ram\[17\]\[17\],6.515µm
_00248_,6.5µm
_00890_,6.5µm
_01084_,6.5µm
_01268_,6.5µm
_01421_,6.5µm
_05165_,6.5µm
_06581_,6.5µm
_05622_,6.48µm
_01422_,6.475µm
_00049_,6.465µm
_00145_,6.465µm
_00232_,6.465µm
_00287_,6.465µm
_00370_,6.465µm
_00389_,6.465µm
_00469_,6.465µm
_00508_,6.465µm
_00574_,6.465µm
_00681_,6.465µm
_00935_,6.465µm
_01795_,6.465µm
_02030_,6.465µm
_02077_,6.465µm
_02125_,6.465µm
_02181_,6.465µm
_02318_,6.465µm
_02405_,6.465µm
_02511_,6.465µm
_02678_,6.465µm
_02693_,6.465µm
_05613_,6.46µm
_01005_,6.455µm
_06806_,6.44µm
_00032_,6.425µm
_00377_,6.425µm
_00533_,6.425µm
_00711_,6.425µm
_00788_,6.425µm
_00979_,6.425µm
_01003_,6.425µm
_01820_,6.425µm
_02108_,6.425µm
_02516_,6.425µm
_02522_,6.425µm
_00184_,6.42µm
_00615_,6.42µm
_03720_,6.42µm
_04606_,6.42µm
_05649_,6.42µm
memory_stage.dm.ram\[33\]\[22\],6.42µm
memory_stage.dm.ram\[52\]\[2\],6.42µm
memory_stage.dm.ram\[34\]\[28\],6.405µm
_02703_,6.4µm
memory_stage.dm.ram\[28\]\[23\],6.4µm
memory_stage.dm.ram\[3\]\[14\],6.4µm
memory_stage.dm.ram\[49\]\[21\],6.4µm
memory_stage.dm.ram\[58\]\[11\],6.4µm
memory_stage.dm.ram\[7\]\[0\],6.4µm
_02969_,6.38µm
_06905_,6.38µm
memory_stage.dm.ram\[1\]\[5\],6.38µm
memory_stage.dm.ram\[32\]\[23\],6.38µm
memory_stage.dm.ram\[32\]\[25\],6.38µm
memory_stage.dm.ram\[43\]\[12\],6.38µm
memory_stage.dm.ram\[48\]\[8\],6.38µm
memory_stage.dm.ram\[4\]\[19\],6.38µm
memory_stage.dm.ram\[4\]\[21\],6.38µm
memory_stage.dm.ram\[59\]\[23\],6.38µm
_00087_,6.375µm
_06984_,6.37µm
_00014_,6.365µm
_00047_,6.365µm
_00060_,6.365µm
_00073_,6.365µm
_00102_,6.365µm
_00107_,6.365µm
_00120_,6.365µm
_00171_,6.365µm
_00180_,6.365µm
_00182_,6.365µm
_00196_,6.365µm
_00206_,6.365µm
_00253_,6.365µm
_00263_,6.365µm
_00299_,6.365µm
_00301_,6.365µm
_00302_,6.365µm
_00316_,6.365µm
_00318_,6.365µm
_00331_,6.365µm
_00358_,6.365µm
_00535_,6.365µm
_00559_,6.365µm
_00584_,6.365µm
_00593_,6.365µm
_00599_,6.365µm
_00630_,6.365µm
_00729_,6.365µm
_00982_,6.365µm
_01065_,6.365µm
_01087_,6.365µm
_01124_,6.365µm
_01128_,6.365µm
_01168_,6.365µm
_01257_,6.365µm
_01272_,6.365µm
_01425_,6.365µm
_01439_,6.365µm
_01463_,6.365µm
_01615_,6.365µm
_01796_,6.365µm
_01812_,6.365µm
_01842_,6.365µm
_02003_,6.365µm
_02060_,6.365µm
_02073_,6.365µm
_02082_,6.365µm
_02115_,6.365µm
_02147_,6.365µm
_02153_,6.365µm
_02179_,6.365µm
_02180_,6.365µm
_02196_,6.365µm
_02216_,6.365µm
_02228_,6.365µm
_02234_,6.365µm
_02266_,6.365µm
_02268_,6.365µm
_02273_,6.365µm
_02290_,6.365µm
_02317_,6.365µm
_02358_,6.365µm
_02377_,6.365µm
_02383_,6.365µm
_02400_,6.365µm
_02412_,6.365µm
_02413_,6.365µm
_02464_,6.365µm
_02489_,6.365µm
_02509_,6.365µm
_02530_,6.365µm
_02548_,6.365µm
_02589_,6.365µm
_02594_,6.365µm
_02631_,6.365µm
_02637_,6.365µm
_02696_,6.365µm
_02731_,6.365µm
_02751_,6.365µm
_02758_,6.365µm
_02784_,6.365µm
memory_stage.dm.ram\[45\]\[28\],6.365µm
memory_stage.dm.ram\[50\]\[20\],6.365µm
memory_stage.dm.ram\[57\]\[28\],6.355µm
_00259_,6.345µm
_01023_,6.345µm
_01139_,6.345µm
_01633_,6.345µm
_02577_,6.345µm
memory_stage.dm.ram\[30\]\[18\],6.34µm
_00238_,6.335µm
_01069_,6.325µm
_02224_,6.325µm
_03349_,6.32µm
_05184_,6.32µm
_01450_,6.305µm
_02063_,6.305µm
_02321_,6.305µm
_02776_,6.305µm
memory_stage.dm.ram\[42\]\[12\],6.305µm
_03910_,6.3µm
_05474_,6.3µm
_05950_,6.3µm
_06197_,6.3µm
_07281_,6.3µm
memory_stage.dm.ram\[26\]\[27\],6.3µm
memory_stage.dm.ram\[41\]\[28\],6.3µm
memory_stage.dm.ram\[1\]\[28\],6.28µm
memory_stage.dm.ram\[25\]\[17\],6.28µm
memory_stage.dm.ram\[32\]\[22\],6.28µm
memory_stage.dm.ram\[37\]\[12\],6.28µm
memory_stage.dm.ram\[37\]\[8\],6.28µm
memory_stage.dm.ram\[46\]\[25\],6.28µm
memory_stage.dm.ram\[56\]\[16\],6.28µm
_02187_,6.275µm
_02369_,6.275µm
_01470_,6.265µm
_01878_,6.265µm
_03100_,6.26µm
_03152_,6.26µm
_03381_,6.26µm
_03424_,6.26µm
_03448_,6.26µm
_03618_,6.26µm
_03731_,6.26µm
_03732_,6.26µm
_04270_,6.26µm
_04457_,6.26µm
_05988_,6.26µm
_06246_,6.26µm
_06773_,6.26µm
_06898_,6.26µm
_07181_,6.26µm
_07240_,6.26µm
de.pc_d\[0\],6.26µm
memory_stage.dm.ram\[57\]\[7\],6.26µm
memory_stage.dm.ram\[63\]\[29\],6.26µm
_01420_,6.255µm
memory_stage.dm.ram\[45\]\[11\],6.255µm
_00609_,6.245µm
_02277_,6.245µm
_06928_,6.24µm
swap_tgrp,6.23µm
_00212_,6.225µm
_00307_,6.225µm
_00607_,6.225µm
_00735_,6.225µm
_00865_,6.225µm
_00962_,6.225µm
_01061_,6.225µm
_01169_,6.225µm
_01939_,6.225µm
_01985_,6.225µm
_02120_,6.225µm
_02145_,6.225µm
_02238_,6.225µm
_02462_,6.225µm
_02498_,6.225µm
_02582_,6.225µm
_03069_,6.2µm
_03362_,6.2µm
_04302_,6.2µm
_07262_,6.2µm
memory_stage.dm.ram\[46\]\[11\],6.2µm
memory_stage.dm.ram\[54\]\[12\],6.2µm
_04128_,6.19µm
_00099_,6.185µm
_00126_,6.185µm
_00201_,6.185µm
_00462_,6.185µm
_00646_,6.185µm
_01225_,6.185µm
_02054_,6.185µm
_02214_,6.185µm
_02302_,6.185µm
_02428_,6.185µm
_02429_,6.185µm
_02543_,6.185µm
_00542_,6.18µm
_03052_,6.18µm
_03499_,6.18µm
_04004_,6.18µm
_04589_,6.18µm
_04681_,6.18µm
_06646_,6.18µm
_06825_,6.18µm
_07032_,6.18µm
_07068_,6.18µm
_07261_,6.18µm
_01930_,6.165µm
_02088_,6.165µm
_02225_,6.165µm
_01132_,6.16µm
_06044_,6.16µm
_00105_,6.155µm
_00170_,6.155µm
_06200_,6.145µm
memory_stage.dm.ram\[33\]\[8\],6.145µm
_02926_,6.14µm
_03498_,6.14µm
_03569_,6.14µm
_06068_,6.14µm
_06394_,6.14µm
_07069_,6.14µm
memory_stage.dm.ram\[20\]\[30\],6.14µm
memory_stage.dm.ram\[35\]\[2\],6.14µm
memory_stage.dm.ram\[36\]\[17\],6.14µm
memory_stage.dm.ram\[36\]\[3\],6.14µm
memory_stage.dm.ram\[3\]\[7\],6.14µm
memory_stage.dm.ram\[60\]\[22\],6.14µm
mw.read_data_w\[8\],6.14µm
_00493_,6.135µm
_00752_,6.135µm
_02588_,6.135µm
_06973_,6.12µm
_00033_,6.105µm
_00076_,6.105µm
_00117_,6.105µm
_00246_,6.105µm
_00932_,6.105µm
_00939_,6.105µm
_01445_,6.105µm
_00151_,6.085µm
_02777_,6.085µm
_00496_,6.08µm
_02024_,6.08µm
_06422_,6.08µm
_06680_,6.08µm
_00588_,6.065µm
_01954_,6.065µm
_02093_,6.065µm
memory_stage.dm.ram\[61\]\[1\],6.065µm
_04440_,6.06µm
_05214_,6.06µm
_07008_,6.06µm
_07259_,6.06µm
memory_stage.dm.ram\[26\]\[12\],6.06µm
memory_stage.dm.ram\[43\]\[13\],6.06µm
memory_stage.dm.ram\[52\]\[22\],6.06µm
memory_stage.dm.ram\[59\]\[28\],6.06µm
_00108_,6.04µm
_00449_,6.04µm
_00636_,6.04µm
_00889_,6.04µm
_00915_,6.04µm
_00944_,6.04µm
_01011_,6.04µm
_01923_,6.04µm
_01933_,6.04µm
_02260_,6.04µm
_02506_,6.04µm
_02513_,6.04µm
_04184_,6.04µm
memory_stage.dm.ram\[44\]\[10\],6.04µm
_02583_,6.035µm
memory_stage.dm.ram\[33\]\[31\],6.02µm
_02055_,6.015µm
memory_stage.dm.ram\[41\]\[17\],6.015µm
_00072_,6.005µm
_00193_,6.005µm
_00210_,6.005µm
_00488_,6.005µm
_00573_,6.005µm
_00779_,6.005µm
_00827_,6.005µm
_00902_,6.005µm
_01026_,6.005µm
_01667_,6.005µm
_02146_,6.005µm
_02328_,6.005µm
_02366_,6.005µm
_02709_,6.005µm
_02769_,6.005µm
_02667_,5.985µm
_00071_,5.965µm
_00217_,5.965µm
_00391_,5.965µm
_00911_,5.965µm
_01043_,5.965µm
_01227_,5.965µm
_02512_,5.965µm
_02713_,5.965µm
_07391_,5.965µm
_04604_,5.96µm
memory_stage.dm.ram\[1\]\[12\],5.96µm
memory_stage.dm.ram\[26\]\[20\],5.96µm
memory_stage.dm.ram\[27\]\[18\],5.96µm
memory_stage.dm.ram\[42\]\[31\],5.96µm
_05544_,5.95µm
memory_stage.dm.ram\[13\]\[13\],5.945µm
memory_stage.dm.ram\[5\]\[19\],5.945µm
_05405_,5.94µm
_04110_,5.92µm
memory_stage.dm.ram\[22\]\[28\],5.92µm
memory_stage.dm.ram\[59\]\[2\],5.92µm
_04590_,5.9µm
_04667_,5.9µm
memory_stage.dm.ram\[54\]\[28\],5.9µm
_00278_,5.895µm
_01676_,5.895µm
_05225_,5.895µm
_02113_,5.885µm
_02271_,5.865µm
_04437_,5.86µm
_05551_,5.86µm
_07239_,5.86µm
de.pc_plus4_d\[2\],5.86µm
pcw[7],5.85µm
result[10],5.85µm
_01284_,5.845µm
_01612_,5.845µm
_01631_,5.845µm
_02275_,5.845µm
memory_stage.dm.ram\[54\]\[11\],5.845µm
memory_stage.dm.ram\[57\]\[21\],5.845µm
_03011_,5.84µm
_03055_,5.84µm
_03528_,5.84µm
_03543_,5.84µm
_04313_,5.84µm
_04528_,5.84µm
_05884_,5.84µm
_06017_,5.84µm
_06445_,5.84µm
_06463_,5.84µm
_06832_,5.84µm
_07335_,5.84µm
de.imm_val_e\[5\],5.84µm
memory_stage.dm.ram\[10\]\[29\],5.84µm
memory_stage.dm.ram\[28\]\[8\],5.84µm
memory_stage.dm.ram\[4\]\[12\],5.84µm
memory_stage.dm.ram\[52\]\[21\],5.84µm
memory_stage.dm.ram\[51\]\[24\],5.825µm
memory_stage.dm.ram\[26\]\[15\],5.82µm
memory_stage.dm.ram\[2\]\[0\],5.82µm
memory_stage.dm.ram\[40\]\[2\],5.82µm
memory_stage.dm.ram\[52\]\[3\],5.82µm
memory_stage.dm.ram\[60\]\[18\],5.82µm
_00975_,5.815µm
memory_stage.dm.ram\[62\]\[21\],5.815µm
_01223_,5.805µm
_01314_,5.805µm
_02888_,5.8µm
_02951_,5.8µm
_03249_,5.8µm
_04072_,5.8µm
_04671_,5.8µm
_05410_,5.8µm
_06096_,5.8µm
_06142_,5.8µm
_06498_,5.8µm
_06821_,5.8µm
_07090_,5.8µm
memory_stage.dm.ram\[52\]\[5\],5.8µm
rst,5.8µm
_06750_,5.78µm
_00011_,5.765µm
_00056_,5.765µm
_00084_,5.765µm
_00091_,5.765µm
_00146_,5.765µm
_00160_,5.765µm
_00163_,5.765µm
_00186_,5.765µm
_00536_,5.765µm
_00884_,5.765µm
_00887_,5.765µm
_00907_,5.765µm
_00938_,5.765µm
_00966_,5.765µm
_01028_,5.765µm
_01030_,5.765µm
_01104_,5.765µm
_01146_,5.765µm
_01986_,5.765µm
_02312_,5.765µm
_02535_,5.765µm
memory_stage.dm.ram\[54\]\[1\],5.745µm
_03111_,5.74µm
_03211_,5.74µm
_04114_,5.74µm
_04579_,5.74µm
_06547_,5.74µm
memory_stage.dm.ram\[32\]\[6\],5.74µm
_05973_,5.735µm
_00147_,5.725µm
_00505_,5.725µm
_00914_,5.725µm
_01021_,5.725µm
_02756_,5.725µm
_06918_,5.725µm
_02834_,5.72µm
_02901_,5.72µm
_03278_,5.72µm
_04534_,5.72µm
_04609_,5.72µm
_05223_,5.72µm
_06573_,5.72µm
memory_stage.dm.ram\[14\]\[3\],5.72µm
_00385_,5.7µm
_00734_,5.7µm
_01127_,5.7µm
_01459_,5.695µm
_03213_,5.68µm
_03484_,5.68µm
_03564_,5.68µm
_03659_,5.68µm
_03692_,5.68µm
_03774_,5.68µm
_03881_,5.68µm
_04336_,5.68µm
_04588_,5.68µm
_05693_,5.68µm
_05699_,5.68µm
_05924_,5.68µm
_06075_,5.68µm
_06535_,5.68µm
_06621_,5.68µm
_06889_,5.68µm
_06975_,5.68µm
_07043_,5.68µm
_07299_,5.68µm
_07316_,5.68µm
_07381_,5.68µm
_07382_,5.68µm
memory_stage.dm.ram\[0\]\[23\],5.68µm
memory_stage.dm.ram\[27\]\[22\],5.68µm
memory_stage.dm.ram\[30\]\[6\],5.68µm
_00041_,5.675µm
_00576_,5.675µm
_00598_,5.675µm
_00384_,5.665µm
_00016_,5.645µm
_00254_,5.645µm
_01081_,5.645µm
_01172_,5.645µm
_02105_,5.645µm
_02212_,5.645µm
_02609_,5.645µm
_02326_,5.64µm
_02347_,5.625µm
_00252_,5.605µm
_00759_,5.605µm
memory_stage.dm.ram\[27\]\[21\],5.605µm
memory_stage.dm.ram\[41\]\[16\],5.6µm
_00841_,5.58µm
_00921_,5.58µm
_00971_,5.58µm
_01039_,5.58µm
_01424_,5.58µm
_02558_,5.58µm
_02684_,5.58µm
_02738_,5.58µm
_02764_,5.58µm
_02772_,5.58µm
_06860_,5.58µm
_06939_,5.58µm
memory_stage.dm.ram\[60\]\[11\],5.58µm
memory_stage.dm.ram\[27\]\[24\],5.575µm
memory_stage.dm.ram\[31\]\[17\],5.575µm
memory_stage.dm.ram\[62\]\[22\],5.575µm
memory_stage.dm.ram\[9\]\[26\],5.575µm
_02788_,5.555µm
_00019_,5.545µm
_00368_,5.545µm
_00916_,5.545µm
_00947_,5.545µm
_01015_,5.545µm
_01055_,5.545µm
_01100_,5.545µm
_01131_,5.545µm
_01444_,5.545µm
_01457_,5.545µm
_02008_,5.545µm
_02009_,5.545µm
_02248_,5.545µm
_02285_,5.545µm
_02336_,5.545µm
_02411_,5.545µm
_02439_,5.545µm
_02446_,5.545µm
_02480_,5.545µm
_02708_,5.545µm
_02722_,5.545µm
memory_stage.dm.ram\[25\]\[25\],5.54µm
_01997_,5.525µm
pcw[16],5.51µm
_00528_,5.505µm
_00669_,5.505µm
_00731_,5.505µm
_00918_,5.505µm
_01004_,5.505µm
_02118_,5.505µm
_02156_,5.505µm
_02158_,5.505µm
_02437_,5.505µm
_02515_,5.505µm
_02635_,5.505µm
_00753_,5.5µm
_02210_,5.5µm
_02964_,5.5µm
_06123_,5.5µm
memory_stage.dm.ram\[16\]\[15\],5.5µm
memory_stage.dm.ram\[2\]\[6\],5.5µm
memory_stage.dm.ram\[40\]\[18\],5.5µm
memory_stage.dm.ram\[43\]\[15\],5.485µm
memory_stage.dm.ram\[62\]\[29\],5.485µm
_06561_,5.48µm
_06727_,5.48µm
memory_stage.dm.ram\[8\]\[11\],5.48µm
_00131_,5.475µm
_00632_,5.475µm
_01108_,5.475µm
_01271_,5.475µm
_02078_,5.475µm
memory_stage.dm.ram\[57\]\[18\],5.475µm
_06204_,5.46µm
mw.read_data_w\[11\],5.46µm
_01162_,5.445µm
memory_stage.dm.ram\[63\]\[17\],5.445µm
_00097_,5.435µm
_00188_,5.435µm
_02469_,5.435µm
_02553_,5.435µm
_00069_,5.425µm
_00474_,5.425µm
_00906_,5.425µm
_01130_,5.425µm
_02327_,5.425µm
_02488_,5.425µm
_02658_,5.425µm
_00544_,5.405µm
_07082_,5.4µm
memory_stage.dm.ram\[22\]\[25\],5.385µm
_03117_,5.38µm
_03199_,5.38µm
_03709_,5.38µm
_04017_,5.38µm
_04102_,5.38µm
_04136_,5.38µm
_04139_,5.38µm
_04372_,5.38µm
_05533_,5.38µm
_06078_,5.38µm
_06125_,5.38µm
_07283_,5.38µm
memory_stage.dm.ram\[10\]\[11\],5.38µm
memory_stage.dm.ram\[29\]\[0\],5.38µm
memory_stage.dm.ram\[30\]\[11\],5.38µm
memory_stage.dm.ram\[39\]\[9\],5.38µm
memory_stage.dm.ram\[46\]\[2\],5.38µm
memory_stage.dm.ram\[57\]\[6\],5.38µm
memory_stage.dm.ram\[61\]\[21\],5.38µm
delaynet_1_clk,5.38µm
_00009_,5.36µm
_02790_,5.36µm
_07227_,5.36µm
memory_stage.dm.ram\[12\]\[11\],5.36µm
memory_stage.dm.ram\[29\]\[3\],5.36µm
memory_stage.dm.ram\[37\]\[10\],5.36µm
memory_stage.dm.ram\[37\]\[15\],5.36µm
memory_stage.dm.ram\[37\]\[29\],5.36µm
_02744_,5.345µm
_03284_,5.34µm
_03717_,5.34µm
_03765_,5.34µm
_03786_,5.34µm
_04013_,5.34µm
_04061_,5.34µm
_04144_,5.34µm
_04602_,5.34µm
_04880_,5.34µm
_05422_,5.34µm
_05857_,5.34µm
_06085_,5.34µm
_06387_,5.34µm
_06554_,5.34µm
_06759_,5.34µm
_07044_,5.34µm
_07253_,5.34µm
_07264_,5.34µm
_07265_,5.34µm
_07372_,5.34µm
memory_stage.dm.ram\[54\]\[2\],5.34µm
memory_stage.dm.ram\[8\]\[0\],5.34µm
memory_stage.dm.ram\[45\]\[26\],5.335µm
_01947_,5.325µm
_00499_,5.315µm
_00082_,5.305µm
_00118_,5.305µm
_00139_,5.305µm
_00165_,5.305µm
_00230_,5.305µm
_00309_,5.305µm
_00461_,5.305µm
_00481_,5.305µm
_00550_,5.305µm
_00594_,5.305µm
_00644_,5.305µm
_00912_,5.305µm
_00936_,5.305µm
_01006_,5.305µm
_01025_,5.305µm
_01072_,5.305µm
_01116_,5.305µm
_01433_,5.305µm
_01808_,5.305µm
_01860_,5.305µm
_02006_,5.305µm
_02100_,5.305µm
_02135_,5.305µm
_02217_,5.305µm
_02264_,5.305µm
_02310_,5.305µm
_02466_,5.305µm
_02474_,5.305µm
_02494_,5.305µm
_02496_,5.305µm
_02544_,5.305µm
_02612_,5.305µm
_02629_,5.305µm
_02649_,5.305µm
_04517_,5.305µm
_01800_,5.285µm
_01941_,5.285µm
_01948_,5.285µm
_02353_,5.28µm
_03048_,5.28µm
_03420_,5.28µm
_03517_,5.28µm
_03693_,5.28µm
_03698_,5.28µm
_04675_,5.28µm
_06586_,5.28µm
_07405_,5.28µm
memory_stage.dm.ram\[42\]\[9\],5.28µm
_00220_,5.265µm
_00442_,5.265µm
_00650_,5.265µm
_00739_,5.265µm
_00842_,5.265µm
_00860_,5.265µm
_01091_,5.265µm
_01149_,5.265µm
_01458_,5.265µm
_01465_,5.265µm
_01837_,5.265µm
_02130_,5.265µm
_02533_,5.265µm
_02538_,5.265µm
_02611_,5.265µm
_02627_,5.265µm
_02655_,5.265µm
_02669_,5.265µm
_02687_,5.265µm
_03124_,5.26µm
_04458_,5.26µm
_05157_,5.26µm
_06541_,5.26µm
_07079_,5.26µm
_07163_,5.26µm
_07319_,5.26µm
memory_stage.dm.ram\[29\]\[16\],5.26µm
_02542_,5.24µm
_02983_,5.24µm
_06719_,5.24µm
_03583_,5.22µm
_03714_,5.22µm
_03929_,5.22µm
_04196_,5.22µm
_04572_,5.22µm
_04586_,5.22µm
_04641_,5.22µm
_04658_,5.22µm
_04803_,5.22µm
_05181_,5.22µm
_05252_,5.22µm
_05801_,5.22µm
_06036_,5.22µm
_06322_,5.22µm
_06559_,5.22µm
_06594_,5.22µm
_06925_,5.22µm
_07081_,5.22µm
_07215_,5.22µm
_07248_,5.22µm
_07388_,5.22µm
memory_stage.dm.ram\[23\]\[20\],5.22µm
_00040_,5.215µm
_01101_,5.215µm
_00109_,5.185µm
_00319_,5.185µm
_00746_,5.185µm
_01185_,5.185µm
_00420_,5.165µm
_00460_,5.165µm
_02095_,5.165µm
_02557_,5.165µm
_00453_,5.16µm
_00985_,5.16µm
_01283_,5.16µm
_01740_,5.16µm
_02016_,5.16µm
_02359_,5.16µm
_04058_,5.16µm
_00057_,5.145µm
_02307_,5.145µm
memory_stage.dm.ram\[58\]\[15\],5.145µm
_02919_,5.14µm
_05761_,5.14µm
memory_stage.dm.ram\[48\]\[27\],5.14µm
_00660_,5.135µm
_02961_,5.12µm
_03209_,5.12µm
_05426_,5.12µm
_00103_,5.095µm
_00929_,5.095µm
_01618_,5.095µm
_02241_,5.095µm
_02426_,5.095µm
_02725_,5.095µm
_00289_,5.085µm
_00387_,5.085µm
_00425_,5.085µm
_00617_,5.085µm
_00639_,5.085µm
_00656_,5.085µm
_00738_,5.085µm
_00751_,5.085µm
_00908_,5.085µm
_01423_,5.085µm
_01840_,5.085µm
_01841_,5.085µm
_02168_,5.085µm
_02322_,5.085µm
_02450_,5.085µm
_03245_,5.075µm
_00243_,5.065µm
_02200_,5.065µm
_03355_,5.06µm
_00078_,5.045µm
_00397_,5.045µm
_00708_,5.045µm
_01073_,5.045µm
_01125_,5.045µm
_01946_,5.045µm
_02025_,5.045µm
_02162_,5.045µm
_02195_,5.045µm
_02203_,5.045µm
_02278_,5.045µm
_02579_,5.045µm
_02699_,5.045µm
_02727_,5.045µm
memory_stage.dm.ram\[16\]\[13\],5.04µm
memory_stage.dm.ram\[32\]\[19\],5.04µm
memory_stage.dm.ram\[62\]\[5\],5.04µm
memory_stage.dm.ram\[39\]\[13\],5.035µm
_01980_,5.02µm
_06639_,5.02µm
memory_stage.dm.ram\[38\]\[0\],5.02µm
memory_stage.dm.ram\[6\]\[19\],5.02µm
_04505_,5µm
_00395_,4.985µm
_00671_,4.985µm
_00883_,4.985µm
_00757_,4.975µm
_02587_,4.975µm
_02171_,4.965µm
_02337_,4.965µm
_02562_,4.965µm
_01050_,4.945µm
_02418_,4.945µm
_04298_,4.94µm
_05795_,4.94µm
_06407_,4.94µm
_06678_,4.94µm
_07331_,4.94µm
_07400_,4.94µm
_00153_,4.925µm
_02718_,4.925µm
memory_stage.dm.ram\[15\]\[6\],4.925µm
memory_stage.dm.ram\[47\]\[14\],4.925µm
memory_stage.dm.ram\[58\]\[2\],4.925µm
_02987_,4.92µm
_03244_,4.92µm
_03746_,4.92µm
_04096_,4.92µm
_06576_,4.92µm
memory_stage.dm.ram\[3\]\[24\],4.92µm
memory_stage.dm.ram\[56\]\[0\],4.92µm
_06171_,4.9µm
_00198_,4.885µm
_00392_,4.885µm
_02578_,4.885µm
_03143_,4.88µm
_03225_,4.88µm
_03434_,4.88µm
_03613_,4.88µm
_03958_,4.88µm
_04073_,4.88µm
_04230_,4.88µm
_04333_,4.88µm
_04677_,4.88µm
_06113_,4.88µm
_06243_,4.88µm
_07246_,4.88µm
_07384_,4.88µm
_00924_,4.875µm
_00051_,4.845µm
_00079_,4.845µm
_00141_,4.845µm
_00256_,4.845µm
_00327_,4.845µm
_00376_,4.845µm
_00767_,4.845µm
_00771_,4.845µm
_00801_,4.845µm
_00834_,4.845µm
_00885_,4.845µm
_00901_,4.845µm
_00927_,4.845µm
_01013_,4.845µm
_01063_,4.845µm
_02081_,4.845µm
_02096_,4.845µm
_02247_,4.845µm
_02482_,4.845µm
_02561_,4.845µm
_02568_,4.845µm
_02613_,4.845µm
_02616_,4.845µm
pcw[0],4.83µm
pcw[15],4.83µm
pcw[17],4.83µm
pcw[18],4.83µm
pcw[23],4.83µm
pcw[27],4.83µm
pcw[29],4.83µm
pcw[4],4.83µm
pcw[9],4.83µm
result[16],4.83µm
result[1],4.83µm
result[29],4.83µm
result[30],4.83µm
result[3],4.83µm
result[5],4.83µm
_01621_,4.82µm
_03348_,4.82µm
_03588_,4.82µm
_03704_,4.82µm
_04523_,4.82µm
_04653_,4.82µm
_00018_,4.805µm
_00957_,4.805µm
_01158_,4.805µm
_01356_,4.8µm
_02957_,4.8µm
_03319_,4.8µm
_03828_,4.8µm
_04410_,4.8µm
_04529_,4.8µm
_04582_,4.8µm
_04600_,4.8µm
_05654_,4.8µm
_06139_,4.8µm
_06484_,4.8µm
memory_stage.dm.ram\[26\]\[22\],4.8µm
_04596_,4.78µm
_04655_,4.78µm
memory_stage.dm.ram\[47\]\[5\],4.765µm
_03031_,4.76µm
_03203_,4.76µm
_03408_,4.76µm
_03476_,4.76µm
_04247_,4.76µm
_05549_,4.76µm
_06272_,4.76µm
_06350_,4.76µm
_06415_,4.76µm
_06802_,4.76µm
_06812_,4.76µm
_07250_,4.76µm
_07368_,4.76µm
memory_stage.dm.ram\[59\]\[15\],4.76µm
_00280_,4.755µm
_01987_,4.755µm
_00524_,4.725µm
_00605_,4.725µm
_01660_,4.725µm
_01979_,4.7µm
_02521_,4.7µm
_04434_,4.7µm
_05574_,4.7µm
_03016_,4.68µm
_03254_,4.68µm
_04567_,4.68µm
_05139_,4.68µm
memory_stage.dm.ram\[14\]\[6\],4.68µm
_03540_,4.66µm
_05113_,4.66µm
_00332_,4.655µm
_01867_,4.645µm
_04595_,4.635µm
_05687_,4.63µm
_00027_,4.625µm
_00046_,4.625µm
_00168_,4.625µm
_00242_,4.625µm
_00293_,4.625µm
_00549_,4.625µm
_00606_,4.625µm
_02022_,4.625µm
_02107_,4.625µm
_02178_,4.625µm
_02490_,4.625µm
_02630_,4.625µm
_02712_,4.625µm
_02734_,4.625µm
_06124_,4.625µm
_00519_,4.605µm
_01797_,4.605µm
_05344_,4.6µm
_05529_,4.6µm
_06957_,4.6µm
_00083_,4.585µm
_00157_,4.585µm
_00216_,4.585µm
_00483_,4.585µm
_00571_,4.585µm
_00659_,4.585µm
_00754_,4.585µm
_00837_,4.585µm
_00862_,4.585µm
_00961_,4.585µm
_01059_,4.585µm
_01155_,4.585µm
_01427_,4.585µm
_01464_,4.585µm
_01830_,4.585µm
_01861_,4.585µm
_01891_,4.585µm
_01993_,4.585µm
_02628_,4.585µm
_02707_,4.585µm
_00237_,4.58µm
_00484_,4.58µm
_07222_,4.58µm
memory_stage.dm.ram\[11\]\[23\],4.58µm
memory_stage.dm.ram\[3\]\[1\],4.58µm
memory_stage.dm.ram\[62\]\[7\],4.56µm
_01176_,4.545µm
_03019_,4.54µm
_03461_,4.54µm
_07038_,4.54µm
memory_stage.dm.ram\[44\]\[27\],4.54µm
mw.read_data_w\[14\],4.54µm
_00497_,4.525µm
_02601_,4.525µm
_00295_,4.505µm
_00342_,4.505µm
_00595_,4.505µm
_01275_,4.505µm
_01287_,4.505µm
pcw[11],4.49µm
_00704_,4.485µm
_03589_,4.48µm
_05976_,4.48µm
_06475_,4.48µm
_07149_,4.48µm
_07289_,4.48µm
memory_stage.dm.ram\[45\]\[20\],4.465µm
memory_stage.dm.ram\[45\]\[24\],4.465µm
memory_stage.dm.ram\[55\]\[10\],4.465µm
memory_stage.dm.ram\[63\]\[0\],4.465µm
memory_stage.dm.ram\[6\]\[26\],4.465µm
_03534_,4.46µm
_03982_,4.46µm
_04028_,4.46µm
_04345_,4.46µm
_05559_,4.46µm
_05765_,4.46µm
_06234_,4.46µm
_06600_,4.46µm
de.imm_val_e\[11\],4.46µm
memory_stage.dm.ram\[1\]\[18\],4.46µm
memory_stage.dm.ram\[21\]\[2\],4.46µm
memory_stage.dm.ram\[21\]\[8\],4.46µm
memory_stage.dm.ram\[2\]\[4\],4.46µm
memory_stage.dm.ram\[42\]\[27\],4.46µm
_04109_,4.44µm
_05611_,4.44µm
_00777_,4.435µm
_00973_,4.435µm
_01077_,4.435µm
_01823_,4.435µm
_01919_,4.435µm
_00337_,4.425µm
_01035_,4.425µm
_01147_,4.425µm
_00000_,4.42µm
_03459_,4.42µm
_03809_,4.42µm
_03941_,4.42µm
_03957_,4.42µm
_04174_,4.42µm
_04207_,4.42µm
_05492_,4.42µm
_06058_,4.42µm
_06476_,4.42µm
_07245_,4.42µm
de.rd_e\[4\],4.42µm
_02534_,4.405µm
_05541_,4.405µm
_00175_,4.385µm
_00255_,4.385µm
_00393_,4.385µm
_00531_,4.385µm
_00619_,4.385µm
_00773_,4.385µm
_00990_,4.385µm
_00996_,4.385µm
_01105_,4.385µm
_01175_,4.385µm
_01180_,4.385µm
_01824_,4.385µm
_01833_,4.385µm
_02281_,4.385µm
_02508_,4.385µm
_02598_,4.385µm
_02622_,4.385µm
_02690_,4.385µm
_02792_,4.385µm
_03101_,4.36µm
_06880_,4.36µm
_02962_,4.34µm
_03035_,4.34µm
_03880_,4.34µm
_03975_,4.34µm
_04197_,4.34µm
_05397_,4.34µm
_05712_,4.34µm
_07075_,4.34µm
_07118_,4.34µm
_07309_,4.34µm
_07326_,4.34µm
_07374_,4.34µm
memory_stage.dm.ram\[19\]\[26\],4.34µm
memory_stage.dm.ram\[22\]\[16\],4.34µm
memory_stage.dm.ram\[49\]\[19\],4.34µm
memory_stage.dm.ram\[4\]\[5\],4.34µm
delaynet_2_clk,4.34µm
_01953_,4.325µm
_00570_,4.295µm
_00808_,4.295µm
_00877_,4.295µm
_00986_,4.295µm
_01849_,4.295µm
_02204_,4.295µm
_02237_,4.295µm
_02486_,4.295µm
_00202_,4.265µm
_00423_,4.265µm
_00473_,4.265µm
_02015_,4.265µm
_02220_,4.265µm
_02223_,4.265µm
_02255_,4.265µm
_02686_,4.265µm
_00363_,4.24µm
_01610_,4.24µm
_01681_,4.24µm
_02215_,4.24µm
_02296_,4.24µm
_04137_,4.24µm
_04678_,4.24µm
_06789_,4.23µm
_03037_,4.22µm
_04178_,4.22µm
memory_stage.dm.ram\[40\]\[31\],4.22µm
_07234_,4.21µm
_03710_,4.2µm
_03835_,4.2µm
_04445_,4.2µm
_06342_,4.2µm
_06403_,4.2µm
_06627_,4.2µm
_06654_,4.2µm
_07390_,4.2µm
_02771_,4.195µm
_00101_,4.165µm
_00104_,4.165µm
_00219_,4.165µm
_00268_,4.165µm
_00360_,4.165µm
_00380_,4.165µm
_00640_,4.165µm
_00668_,4.165µm
_00670_,4.165µm
_01133_,4.165µm
_01435_,4.165µm
_02099_,4.165µm
_02106_,4.165µm
_02154_,4.165µm
_02202_,4.165µm
_02279_,4.165µm
_02331_,4.165µm
_02435_,4.165µm
_02441_,4.165µm
pcw[10],4.15µm
pcw[21],4.15µm
pcw[26],4.15µm
pcw[28],4.15µm
pcw[30],4.15µm
pcw[5],4.15µm
pcw[8],4.15µm
result[19],4.15µm
result[20],4.15µm
result[31],4.15µm
result[6],4.15µm
result[8],4.15µm
_00513_,4.145µm
_00688_,4.145µm
_00768_,4.145µm
_03223_,4.14µm
_04158_,4.14µm
_04536_,4.14µm
_00647_,4.125µm
_00812_,4.125µm
_02663_,4.125µm
_00603_,4.12µm
memory_stage.dm.ram\[55\]\[24\],4.12µm
memory_stage.dm.ram\[57\]\[17\],4.12µm
_06777_,4.11µm
_01092_,4.095µm
_00626_,4.065µm
_00931_,4.065µm
_00135_,4.045µm
_00383_,4.045µm
_02274_,4.045µm
_02619_,4.045µm
_01500_,4.04µm
_02414_,4.025µm
_04433_,4.02µm
_06077_,4.02µm
_06635_,4.02µm
_07049_,4.02µm
_07378_,4.02µm
_01725_,4µm
_01761_,4µm
_02909_,4µm
_03104_,4µm
_03166_,4µm
_03262_,4µm
_03655_,4µm
_03916_,4µm
_04080_,4µm
_04107_,4µm
_04285_,4µm
_04490_,4µm
_04515_,4µm
_05193_,4µm
_06153_,4µm
_06345_,4µm
_06862_,4µm
_06922_,4µm
_07172_,4µm
memory_stage.dm.ram\[47\]\[0\],4µm
_01405_,3.98µm
_07168_,3.98µm
_07306_,3.98µm
memory_stage.dm.ram\[45\]\[17\],3.98µm
_00209_,3.975µm
_02284_,3.975µm
_02334_,3.975µm
_00096_,3.965µm
_01121_,3.965µm
_01226_,3.965µm
_00127_,3.945µm
_02666_,3.945µm
_00048_,3.925µm
_00119_,3.925µm
_00203_,3.925µm
_00297_,3.925µm
_00304_,3.925µm
_00589_,3.925µm
_00597_,3.925µm
_00760_,3.925µm
_00795_,3.925µm
_00937_,3.925µm
_01031_,3.925µm
_01045_,3.925µm
_01083_,3.925µm
_01177_,3.925µm
_01449_,3.925µm
_01460_,3.925µm
_01606_,3.925µm
_01945_,3.925µm
_02031_,3.925µm
_02159_,3.925µm
_02221_,3.925µm
_02288_,3.925µm
_02319_,3.925µm
_02465_,3.925µm
_02495_,3.925µm
_02593_,3.925µm
_02621_,3.925µm
_02682_,3.925µm
_07350_,3.9µm
_00439_,3.88µm
_03632_,3.88µm
_03908_,3.88µm
_04538_,3.88µm
_05295_,3.88µm
_05400_,3.88µm
_05554_,3.88µm
_07210_,3.88µm
_07387_,3.88µm
_07399_,3.88µm
_02313_,3.875µm
_00652_,3.865µm
_00682_,3.865µm
_00794_,3.865µm
_05539_,3.86µm
pcw[1],3.81µm
pcw[31],3.81µm
result[15],3.81µm
result[17],3.81µm
result[18],3.81µm
result[22],3.81µm
result[27],3.81µm
_00195_,3.805µm
_00993_,3.805µm
_02295_,3.805µm
_02387_,3.805µm
_02717_,3.805µm
_00070_,3.785µm
_02551_,3.785µm
_00557_,3.78µm
_00727_,3.78µm
_00919_,3.78µm
_00922_,3.78µm
_01106_,3.78µm
_01428_,3.78µm
_01434_,3.78µm
_01724_,3.78µm
_01807_,3.78µm
_02017_,3.78µm
_02059_,3.78µm
_02346_,3.78µm
_02518_,3.78µm
_02633_,3.78µm
_02679_,3.78µm
_04097_,3.78µm
_05646_,3.78µm
_05800_,3.78µm
_06468_,3.76µm
_02730_,3.755µm
_03700_,3.74µm
_06735_,3.74µm
_00740_,3.715µm
_00043_,3.705µm
_00463_,3.705µm
_00468_,3.705µm
_00507_,3.705µm
_00555_,3.705µm
_00590_,3.705µm
_00769_,3.705µm
_01052_,3.705µm
_01901_,3.705µm
_01915_,3.705µm
_01916_,3.705µm
_02079_,3.705µm
_02087_,3.705µm
_02131_,3.705µm
_02175_,3.705µm
_02257_,3.705µm
_02406_,3.705µm
_02436_,3.705µm
_02671_,3.705µm
_02733_,3.705µm
_00459_,3.685µm
_02497_,3.685µm
_03252_,3.68µm
_03402_,3.68µm
_04214_,3.68µm
_02948_,3.66µm
_04514_,3.66µm
_07006_,3.66µm
memory_stage.dm.ram\[19\]\[21\],3.66µm
_06198_,3.65µm
_03370_,3.64µm
_03455_,3.64µm
_00426_,3.635µm
_02283_,3.635µm
_02320_,3.635µm
_02360_,3.635µm
_00475_,3.625µm
_00949_,3.625µm
_02005_,3.625µm
_01259_,3.585µm
_02065_,3.585µm
_02479_,3.585µm
_02691_,3.585µm
_02782_,3.565µm
_00007_,3.56µm
_06305_,3.56µm
_07304_,3.56µm
memory_stage.dm.ram\[62\]\[11\],3.545µm
_02973_,3.54µm
_03727_,3.54µm
_04278_,3.54µm
_04382_,3.54µm
_05167_,3.54µm
_05499_,3.54µm
_06109_,3.54µm
_06170_,3.54µm
_06207_,3.54µm
_06458_,3.54µm
_07002_,3.54µm
_07370_,3.54µm
de.rd_e\[3\],3.54µm
memory_stage.dm.ram\[13\]\[25\],3.54µm
memory_stage.dm.ram\[7\]\[15\],3.54µm
_00894_,3.515µm
_01040_,3.515µm
_04398_,3.515µm
_00774_,3.505µm
_02403_,3.505µm
_00159_,3.485µm
_04821_,3.47µm
pcw[12],3.47µm
pcw[13],3.47µm
pcw[14],3.47µm
pcw[19],3.47µm
pcw[20],3.47µm
pcw[22],3.47µm
pcw[24],3.47µm
pcw[25],3.47µm
pcw[3],3.47µm
pcw[6],3.47µm
result[11],3.47µm
result[12],3.47µm
result[13],3.47µm
result[14],3.47µm
result[21],3.47µm
result[23],3.47µm
result[24],3.47µm
result[25],3.47µm
result[26],3.47µm
result[28],3.47µm
result[2],3.47µm
result[4],3.47µm
result[7],3.47µm
result[9],3.47µm
_00086_,3.465µm
_00128_,3.465µm
_00142_,3.465µm
_00241_,3.465µm
_00244_,3.465µm
_00281_,3.465µm
_00324_,3.465µm
_00372_,3.465µm
_00382_,3.465µm
_00424_,3.465µm
_00457_,3.465µm
_00529_,3.465µm
_00532_,3.465µm
_00540_,3.465µm
_00577_,3.465µm
_00716_,3.465µm
_00724_,3.465µm
_00737_,3.465µm
_00838_,3.465µm
_00926_,3.465µm
_01057_,3.465µm
_01173_,3.465µm
_01608_,3.465µm
_01847_,3.465µm
_02034_,3.465µm
_02289_,3.465µm
_02375_,3.465µm
_02386_,3.465µm
_02499_,3.465µm
_02520_,3.465µm
_02556_,3.465µm
_02632_,3.465µm
_02644_,3.465µm
_02749_,3.465µm
_06143_,3.465µm
_07080_,3.465µm
_00038_,3.44µm
_00122_,3.44µm
_00714_,3.44µm
_01036_,3.44µm
_01068_,3.44µm
_02250_,3.44µm
_02636_,3.44µm
_04251_,3.44µm
_06543_,3.44µm
_06894_,3.44µm
_02900_,3.42µm
_03090_,3.42µm
_05275_,3.42µm
_05303_,3.42µm
_05441_,3.42µm
_06074_,3.42µm
_06796_,3.42µm
_07225_,3.42µm
_07308_,3.42µm
_07320_,3.42µm
_02503_,3.415µm
_01153_,3.405µm
_04680_,3.385µm
_00173_,3.345µm
_00325_,3.345µm
_00410_,3.345µm
_00490_,3.345µm
_00602_,3.345µm
_00928_,3.345µm
_02192_,3.345µm
_02219_,3.345µm
_02478_,3.345µm
_02569_,3.345µm
_02651_,3.345µm
_02674_,3.345µm
_02745_,3.345µm
_04055_,3.335µm
_00024_,3.32µm
_00269_,3.32µm
_00346_,3.32µm
_00374_,3.32µm
_00515_,3.32µm
_00775_,3.32µm
_00910_,3.32µm
_01009_,3.32µm
_02035_,3.32µm
_02111_,3.32µm
_02379_,3.32µm
_02492_,3.32µm
_02753_,3.32µm
_03787_,3.32µm
_04344_,3.32µm
_01082_,3.315µm
memory_stage.dm.ram\[55\]\[11\],3.31µm
_04430_,3.3µm
memory_stage.dm.ram\[33\]\[2\],3.3µm
_02401_,3.295µm
_01869_,3.275µm
_07039_,3.26µm
_00152_,3.245µm
_00310_,3.245µm
_00330_,3.245µm
_00371_,3.245µm
_00394_,3.245µm
_00580_,3.245µm
_00833_,3.245µm
_00969_,3.245µm
_01174_,3.245µm
_01416_,3.245µm
_01679_,3.245µm
_02018_,3.245µm
_02041_,3.245µm
_02138_,3.245µm
_02226_,3.245µm
_02392_,3.245µm
_02565_,3.245µm
_02571_,3.245µm
_02607_,3.245µm
_02624_,3.245µm
_02700_,3.245µm
_00045_,3.225µm
_00061_,3.225µm
_00200_,3.225µm
_00262_,3.225µm
_00582_,3.225µm
_01122_,3.225µm
_01971_,3.225µm
_02206_,3.225µm
_06480_,3.22µm
_01183_,3.2µm
_03224_,3.2µm
memory_stage.dm.ram\[12\]\[29\],3.2µm
memory_stage.dm.ram\[47\]\[6\],3.2µm
_03274_,3.18µm
_04577_,3.18µm
_00258_,3.175µm
_00472_,3.175µm
_00730_,3.175µm
_00742_,3.175µm
_00755_,3.175µm
_00763_,3.175µm
_00900_,3.175µm
_01614_,3.175µm
_02102_,3.175µm
_00143_,3.165µm
_02773_,3.165µm
_00345_,3.145µm
_02329_,3.145µm
_02719_,3.145µm
_00314_,3.125µm
_00334_,3.125µm
_00899_,3.125µm
_01794_,3.125µm
_02176_,3.125µm
_02230_,3.125µm
_02122_,3.1µm
_02980_,3.1µm
_03092_,3.1µm
_04243_,3.1µm
_04665_,3.1µm
_05914_,3.1µm
_07171_,3.1µm
_07213_,3.1µm
_06884_,3.09µm
_02976_,3.08µm
_03084_,3.08µm
_03297_,3.08µm
_03371_,3.08µm
_03779_,3.08µm
_03863_,3.08µm
_04120_,3.08µm
_04121_,3.08µm
_04198_,3.08µm
_04332_,3.08µm
_04466_,3.08µm
_05416_,3.08µm
_06070_,3.08µm
_06495_,3.08µm
_06538_,3.08µm
_06722_,3.08µm
de.imm_val_e\[8\],3.08µm
_02121_,3.075µm
_00224_,3.055µm
_00029_,3.045µm
_00054_,3.045µm
_00138_,3.045µm
_00218_,3.045µm
_00530_,3.045µm
_00627_,3.045µm
_00657_,3.045µm
_00790_,3.045µm
_00952_,3.045µm
_00963_,3.045µm
_01801_,3.045µm
_01905_,3.045µm
_01908_,3.045µm
_02013_,3.045µm
_02112_,3.045µm
_02129_,3.045µm
_02293_,3.045µm
_02305_,3.045µm
_02370_,3.045µm
_02371_,3.045µm
_02381_,3.045µm
_02394_,3.045µm
_02550_,3.045µm
_02584_,3.045µm
_02640_,3.045µm
_02645_,3.045µm
_02683_,3.045µm
_01018_,3.005µm
_01076_,3.005µm
_01119_,3.005µm
_01634_,3.005µm
_02262_,3.005µm
_02267_,3.005µm
_02294_,3.005µm
_02641_,3.005µm
_02653_,3.005µm
_02692_,3.005µm
_00277_,2.98µm
_00897_,2.98µm
_01064_,2.98µm
_01070_,2.98µm
_01097_,2.98µm
_01831_,2.98µm
_02052_,2.98µm
_02385_,2.98µm
_02650_,2.98µm
_02681_,2.98µm
_03164_,2.98µm
_03330_,2.98µm
_05431_,2.98µm
_06397_,2.98µm
_03121_,2.96µm
_03320_,2.96µm
_03447_,2.96µm
_03683_,2.96µm
_04203_,2.96µm
_04229_,2.96µm
_04321_,2.96µm
_04441_,2.96µm
_04669_,2.96µm
_05530_,2.96µm
_05674_,2.96µm
_06076_,2.96µm
_06116_,2.96µm
_06765_,2.96µm
_06861_,2.96µm
_07005_,2.96µm
_07247_,2.96µm
_07266_,2.96µm
_00960_,2.955µm
_01046_,2.955µm
_02417_,2.955µm
_01674_,2.945µm
_00959_,2.885µm
_00977_,2.885µm
_01266_,2.885µm
_01998_,2.885µm
_02166_,2.885µm
_02194_,2.885µm
_02391_,2.885µm
_02409_,2.885µm
_02454_,2.885µm
_02493_,2.885µm
_02532_,2.885µm
_00137_,2.88µm
_00476_,2.88µm
_00563_,2.88µm
_00245_,2.86µm
_00398_,2.86µm
_00448_,2.86µm
_00633_,2.86µm
_00782_,2.86µm
_00845_,2.86µm
_00852_,2.86µm
_00953_,2.86µm
_00974_,2.86µm
_01799_,2.86µm
_02173_,2.86µm
_02363_,2.86µm
_02449_,2.86µm
_02472_,2.86µm
_02952_,2.86µm
_03056_,2.86µm
_05629_,2.86µm
_06373_,2.85µm
_04646_,2.84µm
_04651_,2.84µm
_05729_,2.84µm
_06440_,2.84µm
_00055_,2.835µm
_00518_,2.835µm
_01157_,2.835µm
_01262_,2.835µm
_00035_,2.785µm
_00077_,2.785µm
_00081_,2.785µm
_00214_,2.785µm
_00311_,2.785µm
_00431_,2.785µm
_00433_,2.785µm
_00438_,2.785µm
_00451_,2.785µm
_00480_,2.785µm
_00527_,2.785µm
_00537_,2.785µm
_00546_,2.785µm
_00618_,2.785µm
_00898_,2.785µm
_00913_,2.785µm
_00968_,2.785µm
_00970_,2.785µm
_00995_,2.785µm
_01010_,2.785µm
_01264_,2.785µm
_01276_,2.785µm
_01825_,2.785µm
_02068_,2.785µm
_02072_,2.785µm
_02148_,2.785µm
_02287_,2.785µm
_02304_,2.785µm
_02338_,2.785µm
_02350_,2.785µm
_02368_,2.785µm
_02442_,2.785µm
_02459_,2.785µm
_02567_,2.785µm
_02615_,2.785µm
_02668_,2.785µm
_02695_,2.785µm
_02766_,2.785µm
_02779_,2.785µm
_00430_,2.76µm
_03308_,2.76µm
_06927_,2.76µm
_05601_,2.74µm
delaynet_0_clk,2.72µm
_00089_,2.715µm
_00192_,2.715µm
_00296_,2.715µm
_00353_,2.715µm
_00375_,2.715µm
_00408_,2.715µm
_00436_,2.715µm
_00522_,2.715µm
_00547_,2.715µm
_00744_,2.715µm
_00943_,2.715µm
_00994_,2.715µm
_01085_,2.715µm
_01466_,2.715µm
_02040_,2.715µm
_02097_,2.715µm
_02110_,2.715µm
_02205_,2.715µm
_02282_,2.715µm
_02351_,2.715µm
_02362_,2.715µm
_02427_,2.715µm
_02467_,2.715µm
_02485_,2.715µm
_02672_,2.715µm
_00272_,2.705µm
_00339_,2.705µm
_00350_,2.705µm
_00399_,2.705µm
_00558_,2.705µm
_00592_,2.705µm
_00611_,2.705µm
_00614_,2.705µm
_00886_,2.705µm
_00917_,2.705µm
_01022_,2.705µm
_01677_,2.705µm
_02046_,2.705µm
_02424_,2.705µm
_02487_,2.705µm
_02524_,2.705µm
_02541_,2.705µm
_02735_,2.705µm
_02755_,2.705µm
_02527_,2.665µm
_06577_,2.645µm
_04369_,2.64µm
_06053_,2.64µm
_06730_,2.64µm
_07116_,2.64µm
_07165_,2.64µm
_07366_,2.64µm
_01717_,2.62µm
_03008_,2.62µm
_04066_,2.62µm
_04444_,2.62µm
_04666_,2.62µm
_05427_,2.62µm
_05628_,2.62µm
_06115_,2.62µm
_06530_,2.62µm
_07297_,2.62µm
_00090_,2.595µm
_01099_,2.595µm
_01109_,2.595µm
_01286_,2.595µm
_02029_,2.595µm
_02373_,2.595µm
_02539_,2.595µm
_02560_,2.595µm
_02685_,2.595µm
_02736_,2.595µm
_00539_,2.585µm
_00956_,2.585µm
_01080_,2.585µm
_01156_,2.585µm
_01430_,2.585µm
_01442_,2.585µm
_02061_,2.585µm
_02675_,2.585µm
_07315_,2.58µm
_04337_,2.555µm
_00085_,2.545µm
_00150_,2.545µm
_00409_,2.545µm
_00418_,2.545µm
_00464_,2.545µm
_00492_,2.545µm
_00541_,2.545µm
_00586_,2.545µm
_00665_,2.545µm
_00733_,2.545µm
_00758_,2.545µm
_00776_,2.545µm
_00820_,2.545µm
_00980_,2.545µm
_01017_,2.545µm
_01093_,2.545µm
_01148_,2.545µm
_01440_,2.545µm
_01623_,2.545µm
_01666_,2.545µm
_01827_,2.545µm
_01977_,2.545µm
_01994_,2.545µm
_02001_,2.545µm
_02027_,2.545µm
_02050_,2.545µm
_02133_,2.545µm
_02157_,2.545µm
_02161_,2.545µm
_02253_,2.545µm
_02399_,2.545µm
_02432_,2.545µm
_02575_,2.545µm
_02602_,2.545µm
_02606_,2.545µm
_02656_,2.545µm
_02760_,2.545µm
_02762_,2.545µm
_00600_,2.52µm
_00847_,2.52µm
_02345_,2.52µm
_03967_,2.52µm
_06986_,2.505µm
_03419_,2.5µm
_03756_,2.5µm
_03912_,2.5µm
_04326_,2.5µm
_04512_,2.5µm
_04883_,2.5µm
_05591_,2.5µm
_05790_,2.5µm
_05799_,2.5µm
_05879_,2.5µm
_06119_,2.5µm
_06240_,2.5µm
_06338_,2.5µm
_06416_,2.5µm
_06443_,2.5µm
_06566_,2.5µm
_06776_,2.5µm
_06778_,2.5µm
_06849_,2.5µm
_06854_,2.5µm
_06909_,2.5µm
_06923_,2.5µm
_07256_,2.5µm
_07317_,2.5µm
_07322_,2.5µm
_00726_,2.485µm
_00864_,2.485µm
_00896_,2.485µm
_00967_,2.485µm
_00972_,2.485µm
_01086_,2.485µm
_01141_,2.485µm
_01798_,2.485µm
_02348_,2.485µm
_02349_,2.485µm
_02389_,2.485µm
_02481_,2.485µm
_02507_,2.485µm
_00705_,2.425µm
_00732_,2.425µm
_00028_,2.42µm
_00106_,2.42µm
_00136_,2.42µm
_00362_,2.42µm
_00396_,2.42µm
_00485_,2.42µm
_00526_,2.42µm
_00591_,2.42µm
_00680_,2.42µm
_00925_,2.42µm
_00930_,2.42µm
_00987_,2.42µm
_01029_,2.42µm
_01145_,2.42µm
_01267_,2.42µm
_01441_,2.42µm
_01624_,2.42µm
_01626_,2.42µm
_01832_,2.42µm
_01991_,2.42µm
_02236_,2.42µm
_02419_,2.42µm
_02422_,2.42µm
_03581_,2.4µm
_03979_,2.4µm
_07128_,2.4µm
_05208_,2.38µm
_07389_,2.38µm
_00066_,2.375µm
_00179_,2.375µm
_00197_,2.375µm
_00233_,2.375µm
_00336_,2.375µm
_00352_,2.375µm
_00441_,2.375µm
_00465_,2.375µm
_00512_,2.375µm
_00560_,2.375µm
_00672_,2.375µm
_00813_,2.375µm
_01150_,2.375µm
_01178_,2.375µm
_01632_,2.375µm
_01921_,2.375µm
_02028_,2.375µm
_02094_,2.375µm
_02127_,2.375µm
_02343_,2.375µm
_02374_,2.375µm
_02425_,2.375µm
_02604_,2.375µm
_02721_,2.375µm
_00075_,2.325µm
_00144_,2.325µm
_00282_,2.325µm
_00290_,2.325µm
_00329_,2.325µm
_00452_,2.325µm
_00545_,2.325µm
_00551_,2.325µm
_00578_,2.325µm
_00642_,2.325µm
_00710_,2.325µm
_00840_,2.325µm
_00903_,2.325µm
_01078_,2.325µm
_01140_,2.325µm
_01170_,2.325µm
_01804_,2.325µm
_01813_,2.325µm
_01816_,2.325µm
_01835_,2.325µm
_01988_,2.325µm
_02091_,2.325µm
_02136_,2.325µm
_02144_,2.325µm
_02185_,2.325µm
_02254_,2.325µm
_02483_,2.325µm
_02623_,2.325µm
_02652_,2.325µm
_02664_,2.325µm
_02673_,2.325µm
_02765_,2.325µm
_02767_,2.325µm
_03275_,2.3µm
_03445_,2.3µm
_06827_,2.3µm
_00123_,2.255µm
_00511_,2.255µm
_00712_,2.255µm
_00770_,2.255µm
_01426_,2.255µm
_02269_,2.255µm
_02306_,2.255µm
_02453_,2.255µm
_02463_,2.255µm
_02670_,2.255µm
_02789_,2.255µm
_01142_,2.205µm
_01415_,2.205µm
_02502_,2.205µm
_01716_,2.18µm
_04443_,2.18µm
_04498_,2.18µm
_06120_,2.18µm
_07004_,2.18µm
_00002_,2.16µm
_03503_,2.16µm
_03539_,2.16µm
_03689_,2.16µm
_03819_,2.16µm
_05320_,2.16µm
_05390_,2.16µm
_05395_,2.16µm
_05891_,2.16µm
_06347_,2.16µm
_06978_,2.16µm
_07303_,2.16µm
_00322_,2.125µm
_00338_,2.125µm
_00406_,2.125µm
_00479_,2.125µm
_00689_,2.125µm
_00872_,2.125µm
_01024_,2.125µm
_01187_,2.125µm
_01446_,2.125µm
_01818_,2.125µm
_01839_,2.125µm
_02053_,2.125µm
_02076_,2.125µm
_02090_,2.125µm
_02315_,2.125µm
_03105_,2.095µm
_00063_,2.085µm
_00250_,2.085µm
_00266_,2.085µm
_00365_,2.085µm
_00723_,2.085µm
_00933_,2.085µm
_00964_,2.085µm
_00976_,2.085µm
_00983_,2.085µm
_01037_,2.085µm
_01048_,2.085µm
_01144_,2.085µm
_01414_,2.085µm
_01630_,2.085µm
_01636_,2.085µm
_01803_,2.085µm
_01810_,2.085µm
_02438_,2.085µm
_02559_,2.085µm
_02688_,2.085µm
_02698_,2.085µm
_02743_,2.085µm
_06658_,2.07µm
_03235_,2.06µm
_04275_,2.06µm
_06809_,2.06µm
_07054_,2.06µm
_07377_,2.06µm
_03413_,2.04µm
_03617_,2.04µm
_03847_,2.04µm
_03971_,2.04µm
_04065_,2.04µm
_04657_,2.04µm
_05369_,2.04µm
_05673_,2.04µm
_05935_,2.04µm
_06132_,2.04µm
_06162_,2.04µm
_06164_,2.04µm
_06574_,2.04µm
_06599_,2.04µm
_00273_,2.035µm
_00950_,2.035µm
_00053_,2.025µm
_00116_,2.025µm
_00148_,2.025µm
_00235_,2.025µm
_00239_,2.025µm
_00356_,2.025µm
_00427_,2.025µm
_00486_,2.025µm
_00491_,2.025µm
_00583_,2.025µm
_00651_,2.025µm
_00690_,2.025µm
_00844_,2.025µm
_00946_,2.025µm
_00997_,2.025µm
_01016_,2.025µm
_01041_,2.025µm
_01095_,2.025µm
_01120_,2.025µm
_01179_,2.025µm
_01826_,2.025µm
_02000_,2.025µm
_02033_,2.025µm
_02057_,2.025µm
_02109_,2.025µm
_02184_,2.025µm
_02191_,2.025µm
_02249_,2.025µm
_02297_,2.025µm
_02335_,2.025µm
_02352_,2.025µm
_02423_,2.025µm
_02433_,2.025µm
_02440_,2.025µm
_02500_,2.025µm
_02586_,2.025µm
_02618_,2.025µm
_02701_,2.025µm
_03107_,1.94µm
_04492_,1.94µm
_05728_,1.94µm
_07108_,1.94µm
_07352_,1.94µm
_00328_,1.915µm
_00361_,1.915µm
_00674_,1.915µm
_01049_,1.915µm
_01409_,1.915µm
_02042_,1.915µm
_02528_,1.915µm
_00031_,1.865µm
_00093_,1.865µm
_00124_,1.865µm
_00130_,1.865µm
_00161_,1.865µm
_00164_,1.865µm
_00226_,1.865µm
_00264_,1.865µm
_00321_,1.865µm
_00616_,1.865µm
_00725_,1.865µm
_00745_,1.865µm
_00783_,1.865µm
_00870_,1.865µm
_00905_,1.865µm
_00948_,1.865µm
_00954_,1.865µm
_01033_,1.865µm
_01042_,1.865µm
_01089_,1.865µm
_01123_,1.865µm
_01129_,1.865µm
_01134_,1.865µm
_01136_,1.865µm
_01186_,1.865µm
_01254_,1.865µm
_01805_,1.865µm
_01821_,1.865µm
_01844_,1.865µm
_02021_,1.865µm
_02032_,1.865µm
_02134_,1.865µm
_02152_,1.865µm
_02186_,1.865µm
_02242_,1.865µm
_02244_,1.865µm
_02324_,1.865µm
_02407_,1.865µm
_02416_,1.865µm
_02420_,1.865µm
_02421_,1.865µm
_02491_,1.865µm
_02505_,1.865µm
_02549_,1.865µm
_02564_,1.865µm
_02590_,1.865µm
_02600_,1.865µm
_02710_,1.865µm
_03065_,1.84µm
_03074_,1.84µm
_03085_,1.84µm
_03374_,1.84µm
_05593_,1.84µm
_06917_,1.84µm
_06985_,1.84µm
_07007_,1.84µm
_05658_,1.82µm
_01873_,1.745µm
_02927_,1.745µm
_03566_,1.72µm
_05373_,1.72µm
_06564_,1.72µm
_07053_,1.72µm
_07130_,1.72µm
_02856_,1.7µm
_03277_,1.7µm
_03312_,1.7µm
_03425_,1.7µm
_03948_,1.7µm
_04021_,1.7µm
_04182_,1.7µm
_05448_,1.7µm
_05675_,1.7µm
_05846_,1.7µm
_06739_,1.7µm
_03559_,1.6µm
_03702_,1.6µm
_03890_,1.6µm
_04002_,1.6µm
_04215_,1.6µm
_07313_,1.6µm
_00172_,1.575µm
_00207_,1.575µm
_00501_,1.575µm
_00874_,1.575µm
_00891_,1.575µm
_01020_,1.575µm
_01113_,1.575µm
_01429_,1.575µm
_01675_,1.575µm
_01814_,1.575µm
_02740_,1.575µm
_05592_,1.48µm
_06163_,1.48µm
_06399_,1.48µm
_06990_,1.48µm
_07139_,1.48µm
_00169_,1.405µm
_00234_,1.405µm
_00260_,1.405µm
_00344_,1.405µm
_00429_,1.405µm
_00444_,1.405µm
_00506_,1.405µm
_00683_,1.405µm
_01008_,1.405µm
_01103_,1.405µm
_01269_,1.405µm
_01273_,1.405µm
_01829_,1.405µm
_02218_,1.405µm
_02314_,1.405µm
_02340_,1.405µm
_02968_,1.38µm
_05356_,1.38µm
_06114_,1.38µm
_06461_,1.38µm
_07307_,1.38µm
_04497_,1.36µm
_06052_,1.36µm
_06330_,1.36µm
_06779_,1.265µm
_04414_,1.26µm
_04601_,1.26µm
_07232_,1.26µm
_07385_,1.26µm
_04446_,1.15µm
_03310_,1.14µm
_03620_,1.14µm
_03697_,1.14µm
_03838_,1.14µm
_04104_,1.14µm
_04186_,1.14µm
_04206_,1.14µm
_04242_,1.14µm
_04371_,1.14µm
_04672_,1.14µm
_06294_,1.14µm
_06459_,1.14µm
_06696_,1.14µm
_06745_,1.14µm
_07029_,1.14µm
_07409_,1.14µm
_03995_,0.92µm
_04153_,0.92µm
_05195_,0.92µm
_05548_,0.92µm
_06079_,0.92µm
_02965_,0.8µm
_03028_,0.8µm
_04183_,0.8µm
_05392_,0.46µm
_05798_,0.46µm
_06430_,0.46µm
